order_id,order_date,region,category,product,quantity,sales,profit,customer_segment
ORD10001,2023-01-01,West,Electronics,Desk,9.0,30362.63,4594.24,Consumer
ORD10002,2023-01-02,North,Electronics,Keyboard,7.0,18403.33,11049.13,Corporate
ORD10003,2023-01-03,East,Electronics,Chair,8.0,4001.51,11113.49,Consumer
ORD10004,2023-01-04,North,Electronics,Laptop,6.0,32835.24,-3808.33,Corporate
ORD10005,2023-01-05,North,Electronics,Printer,9.0,24523.91,5448.98,Home Office
ORD10006,2023-01-06,South,Electronics,Monitor,6.0,7016.57,-4280.0,Consumer
ORD10007,2023-01-07,East,Electronics,Keyboard,7.0,46806.62,6017.38,Consumer
ORD10008,2023-01-08,East,Electronics,Desk,7.0,47792.3,-2999.05,Home Office
ORD10009,2023-01-09,East,Furniture,Keyboard,9.0,42858.99,11088.85,Consumer
ORD10010,2023-01-10,North,Furniture,Keyboard,8.0,42224.64,9693.76,Consumer
ORD10011,2023-01-11,West,Electronics,Chair,1.0,5113.83,-4620.41,Consumer
ORD10012,2023-01-12,East,Electronics,Laptop,4.0,49672.32,8296.24,Consumer
ORD10013,2023-01-13,South,Electronics,Laptop,7.0,20138.96,5810.25,Consumer
ORD10014,2023-01-14,North,Electronics,Keyboard,8.0,8323.43,3421.28,Consumer
ORD10015,2023-01-15,South,Office Supplies,Monitor,7.0,40642.67,5244.79,Corporate
ORD10016,2023-01-16,West,Furniture,Laptop,3.0,11441.39,6530.25,Consumer
ORD10017,2023-01-17,South,Electronics,Keyboard,4.0,26403.53,10035.78,Consumer
ORD10018,2023-01-18,South,Office Supplies,Laptop,7.0,6575.2,8045.08,Home Office
ORD10019,2023-01-19,South,Office Supplies,Monitor,8.0,23837.36,4781.42,Consumer
ORD10020,2023-01-20,West,Office Supplies,Desk,7.0,27995.45,9018.47,Consumer
ORD10021,2023-01-21,North,Office Supplies,Keyboard,6.0,22407.01,11777.69,Corporate
ORD10022,2023-01-22,North,Electronics,Printer,9.0,3660.44,103.09,Consumer
ORD10023,2023-01-23,West,Office Supplies,Printer,9.0,24349.96,-2986.85,Home Office
ORD10024,2023-01-24,South,Electronics,Keyboard,7.0,23553.35,7434.62,Home Office
ORD10025,2023-01-25,South,Electronics,Chair,8.0,13228.69,11636.14,Corporate
ORD10026,2023-01-26,North,Office Supplies,Desk,6.0,46095.76,-3016.0,Consumer
ORD10027,2023-01-27,West,Furniture,Chair,1.0,21006.06,2339.02,Corporate
ORD10028,2023-01-28,North,Office Supplies,Printer,1.0,43232.97,-3941.45,Corporate
ORD10029,2023-01-29,North,Office Supplies,Monitor,6.0,5661.26,8201.04,Consumer
ORD10030,2023-01-30,East,Office Supplies,Keyboard,2.0,16080.09,11128.05,Consumer
ORD10031,2023-01-31,East,Furniture,Laptop,8.0,8981.28,3482.9,Consumer
ORD10032,2023-02-01,South,Electronics,Printer,1.0,20538.86,1961.86,Consumer
ORD10033,2023-02-02,West,Electronics,Desk,2.0,5759.51,10431.22,Consumer
ORD10034,2023-02-03,West,Electronics,Printer,8.0,22163.53,-2732.4,Consumer
ORD10035,2023-02-04,South,Electronics,Desk,6.0,17822.76,10156.93,Home Office
ORD10036,2023-02-05,South,Furniture,Desk,2.0,11321.09,1666.14,Home Office
ORD10037,2023-02-06,South,Electronics,Keyboard,2.0,32180.53,4509.91,Consumer
ORD10038,2023-02-07,East,Electronics,Desk,7.0,47555.39,3980.97,Corporate
ORD10039,2023-02-08,West,Electronics,Chair,5.0,10514.25,5471.65,Consumer
ORD10040,2023-02-09,West,Electronics,Monitor,5.0,35647.18,11016.1,Consumer
ORD10041,2023-02-10,North,Furniture,Printer,8.0,37170.57,11169.16,Consumer
ORD10042,2023-02-11,East,Furniture,Monitor,7.0,25006.4,9129.52,Consumer
ORD10043,2023-02-12,North,Electronics,Laptop,9.0,44903.88,-1743.75,Consumer
ORD10044,2023-02-13,East,Electronics,Printer,4.0,48326.23,669.78,Consumer
ORD10045,2023-02-14,North,Furniture,Monitor,4.0,18239.87,3293.02,Consumer
ORD10046,2023-02-15,North,Electronics,Monitor,2.0,32621.46,10392.84,Home Office
ORD10047,2023-02-16,South,Electronics,Keyboard,3.0,33178.19,3854.7,Consumer
ORD10048,2023-02-17,West,Office Supplies,Keyboard,1.0,20301.05,11616.41,Corporate
ORD10049,2023-02-18,North,Electronics,Laptop,1.0,15976.2,11725.3,Consumer
ORD10050,2023-02-19,West,Office Supplies,Desk,7.0,46700.46,5175.93,Consumer
ORD10051,2023-02-20,South,Electronics,Printer,5.0,39541.08,9917.42,Corporate
ORD10052,2023-02-21,South,Electronics,Keyboard,3.0,5900.34,11986.79,Corporate
ORD10053,2023-02-22,South,Office Supplies,Printer,7.0,6170.23,9445.18,Consumer
ORD10054,2023-02-23,North,Electronics,Laptop,2.0,46142.63,6167.49,Consumer
ORD10055,2023-02-24,South,Electronics,Keyboard,3.0,4254.21,9367.27,Consumer
ORD10056,2023-02-25,North,Electronics,Keyboard,1.0,34483.38,-3594.86,Consumer
ORD10057,2023-02-26,South,Electronics,Desk,8.0,11492.56,5791.96,Consumer
ORD10058,2023-02-27,West,Furniture,Printer,2.0,1952.23,-1319.13,Home Office
ORD10059,2023-02-28,West,Electronics,Printer,7.0,3169.95,-3026.92,Home Office
ORD10060,2023-03-01,West,Office Supplies,Printer,9.0,18801.4,10178.81,Consumer
ORD10061,2023-03-02,West,Electronics,Desk,6.0,4063.9,5873.96,Consumer
ORD10062,2023-03-03,North,Furniture,Keyboard,2.0,29912.63,-859.71,Corporate
ORD10063,2023-03-04,East,Electronics,Laptop,2.0,32433.27,1575.3,Consumer
ORD10064,2023-03-05,South,Furniture,Printer,9.0,18798.73,11545.7,Consumer
ORD10065,2023-03-06,North,Electronics,Monitor,8.0,37195.33,9657.09,Corporate
ORD10066,2023-03-07,West,Electronics,Desk,9.0,24604.12,-4735.11,Home Office
ORD10067,2023-03-08,South,Furniture,Chair,4.0,21625.38,11656.62,Corporate
ORD10068,2023-03-09,West,Electronics,Laptop,4.0,20468.01,1265.0,Consumer
ORD10069,2023-03-10,South,Furniture,Monitor,2.0,21669.1,6822.11,Consumer
ORD10070,2023-03-11,South,Electronics,Printer,1.0,48400.8,7115.5,Home Office
ORD10071,2023-03-12,South,Electronics,Chair,4.0,34134.07,10498.64,Consumer
ORD10072,2023-03-13,South,Office Supplies,Laptop,8.0,15897.45,10046.03,Consumer
ORD10073,2023-03-14,South,Office Supplies,Desk,2.0,36746.22,-210.6,Consumer
ORD10074,2023-03-15,West,Electronics,Chair,8.0,24573.82,5940.1,Home Office
ORD10075,2023-03-16,South,Electronics,Keyboard,1.0,6460.6,1692.99,Home Office
ORD10076,2023-03-17,North,Office Supplies,Chair,1.0,23872.95,3934.24,Corporate
ORD10077,2023-03-18,South,Furniture,Monitor,4.0,37600.99,4429.53,Home Office
ORD10078,2023-03-19,South,Electronics,Laptop,7.0,19007.46,1737.84,Consumer
ORD10079,2023-03-20,West,Furniture,Monitor,9.0,43484.87,2886.2,Consumer
ORD10080,2023-03-21,South,Electronics,Monitor,5.0,19470.24,-1458.18,Corporate
ORD10081,2023-03-22,South,Office Supplies,Printer,2.0,17621.98,5329.99,Consumer
ORD10082,2023-03-23,South,Electronics,Desk,7.0,49912.55,7902.32,Home Office
ORD10083,2023-03-24,West,Furniture,Chair,2.0,24227.11,2305.6,Consumer
ORD10084,2023-03-25,South,Furniture,Laptop,9.0,40300.02,11620.56,Consumer
ORD10085,2023-03-26,South,Furniture,Keyboard,9.0,40288.41,-4027.15,Consumer
ORD10086,2023-03-27,West,Electronics,Desk,3.0,46333.19,5015.73,Consumer
ORD10087,2023-03-28,North,Office Supplies,Desk,8.0,4427.77,4921.21,Consumer
ORD10088,2023-03-29,South,Furniture,Laptop,4.0,13706.77,-4382.96,Consumer
ORD10089,2023-03-30,North,Furniture,Desk,3.0,38433.85,-1182.31,Corporate
ORD10090,2023-03-31,North,Electronics,Printer,1.0,28217.55,10394.22,Home Office
ORD10091,2023-04-01,South,Electronics,Desk,5.0,28068.82,4256.74,Consumer
ORD10092,2023-04-02,North,Office Supplies,Printer,4.0,8477.52,2418.56,Consumer
ORD10093,2023-04-03,South,Office Supplies,Chair,1.0,14201.42,2063.44,Corporate
ORD10094,2023-04-04,North,Electronics,Chair,8.0,26162.44,10098.73,Consumer
ORD10095,2023-04-05,West,Electronics,Monitor,8.0,14003.63,1239.53,Consumer
ORD10096,2023-04-06,West,Electronics,Printer,8.0,10672.08,9605.84,Consumer
ORD10097,2023-04-07,West,Electronics,Keyboard,3.0,4570.25,256.27,Consumer
ORD10098,2023-04-08,North,Electronics,Chair,6.0,7955.16,4035.57,Consumer
ORD10099,2023-04-09,North,Furniture,Desk,7.0,38489.61,-2555.06,Consumer
ORD10100,2023-04-10,North,Electronics,Laptop,9.0,35995.2,9025.52,Home Office
ORD10101,2023-04-11,North,Office Supplies,Laptop,5.0,2482.52,7511.57,Consumer
ORD10102,2023-04-12,North,Electronics,Printer,9.0,10323.55,4011.58,Consumer
ORD10103,2023-04-13,North,Furniture,Keyboard,6.0,28110.68,-4559.68,Corporate
ORD10104,2023-04-14,North,Electronics,Monitor,4.0,16266.87,3181.37,Corporate
ORD10105,2023-04-15,North,Electronics,Desk,1.0,41197.83,-1171.66,Consumer
ORD10106,2023-04-16,West,Electronics,Printer,1.0,39292.47,2027.36,Home Office
ORD10107,2023-04-17,East,Furniture,Laptop,5.0,44600.71,9559.25,Consumer
ORD10108,2023-04-18,East,Electronics,Printer,3.0,28233.98,8083.26,Consumer
ORD10109,2023-04-19,North,Electronics,Desk,5.0,17733.41,-886.8,Consumer
ORD10110,2023-04-20,East,Electronics,Keyboard,5.0,30382.02,11744.21,Home Office
ORD10111,2023-04-21,East,Electronics,Keyboard,1.0,4639.01,10354.58,Home Office
ORD10112,2023-04-22,North,Electronics,Chair,8.0,677.38,3987.45,Consumer
ORD10113,2023-04-23,East,Electronics,Desk,5.0,1051.26,4012.56,Corporate
ORD10114,2023-04-24,North,Electronics,Chair,5.0,20495.64,10321.52,Home Office
ORD10115,2023-04-25,South,Electronics,Chair,9.0,11558.26,5814.46,Corporate
ORD10116,2023-04-26,South,Electronics,Chair,8.0,8035.42,4123.7,Home Office
ORD10117,2023-04-27,North,Office Supplies,Printer,5.0,30843.24,7735.52,Home Office
ORD10118,2023-04-28,West,Electronics,Laptop,3.0,49755.73,-1003.35,Home Office
ORD10119,2023-04-29,North,Electronics,Keyboard,7.0,9052.11,9932.42,Consumer
ORD10120,2023-04-30,West,Furniture,Printer,1.0,27411.79,4034.06,Corporate
ORD10121,2023-05-01,South,Electronics,Laptop,1.0,6162.43,5259.49,Consumer
ORD10122,2023-05-02,North,Office Supplies,Keyboard,5.0,46724.97,-3470.95,Corporate
ORD10123,2023-05-03,South,Electronics,Desk,5.0,14729.41,261.65,Consumer
ORD10124,2023-05-04,North,Electronics,Keyboard,6.0,43941.32,2254.5,Consumer
ORD10125,2023-05-05,East,Furniture,Keyboard,2.0,14297.21,2036.46,Consumer
ORD10126,2023-05-06,North,Furniture,Keyboard,9.0,40341.41,8230.83,Consumer
ORD10127,2023-05-07,South,Office Supplies,Monitor,6.0,10627.19,-200.52,Consumer
ORD10128,2023-05-08,East,Electronics,Desk,5.0,14780.91,-1904.14,Home Office
ORD10129,2023-05-09,East,Electronics,Printer,5.0,9785.27,4904.49,Consumer
ORD10130,2023-05-10,North,Office Supplies,Printer,3.0,13360.14,5455.25,Consumer
ORD10131,2023-05-11,East,Electronics,Laptop,6.0,41776.31,-2933.08,Consumer
ORD10132,2023-05-12,North,Electronics,Printer,4.0,32023.82,-4958.04,Consumer
ORD10133,2023-05-13,South,Office Supplies,Chair,2.0,20412.81,10600.03,Home Office
ORD10134,2023-05-14,East,Electronics,Keyboard,3.0,48581.75,-3646.17,Consumer
ORD10135,2023-05-15,North,Office Supplies,Printer,9.0,23350.1,10263.74,Consumer
ORD10136,2023-05-16,North,Electronics,Laptop,9.0,48494.05,1786.65,Consumer
ORD10137,2023-05-17,South,Furniture,Laptop,6.0,9990.03,6101.95,Corporate
ORD10138,2023-05-18,South,Office Supplies,Chair,9.0,45250.99,-1844.55,Consumer
ORD10139,2023-05-19,East,Electronics,Laptop,4.0,888.35,9006.59,Consumer
ORD10140,2023-05-20,North,Office Supplies,Monitor,5.0,27356.1,-1936.71,Consumer
ORD10141,2023-05-21,South,Office Supplies,Keyboard,6.0,21268.01,1570.66,Home Office
ORD10142,2023-05-22,South,Electronics,Keyboard,9.0,26349.37,-953.56,Corporate
ORD10143,2023-05-23,West,Electronics,Keyboard,5.0,27761.55,9237.6,Home Office
ORD10144,2023-05-24,North,Electronics,Desk,8.0,19573.76,9591.71,Home Office
ORD10145,2023-05-25,East,Office Supplies,Printer,1.0,49910.25,1324.49,Consumer
ORD10146,2023-05-26,North,Electronics,Monitor,5.0,48830.06,225.43,Consumer
ORD10147,2023-05-27,West,Office Supplies,Printer,1.0,48094.92,8150.61,Consumer
ORD10148,2023-05-28,North,Office Supplies,Monitor,6.0,48958.44,9934.7,Consumer
ORD10149,2023-05-29,West,Electronics,Printer,7.0,39692.02,5608.34,Corporate
ORD10150,2023-05-30,South,Office Supplies,Chair,5.0,49431.81,10765.86,Consumer
ORD10151,2023-05-31,North,Office Supplies,Laptop,1.0,44639.54,1511.74,Consumer
ORD10152,2023-06-01,North,Electronics,Laptop,6.0,20913.45,-2417.93,Consumer
ORD10153,2023-06-02,East,Electronics,Chair,5.0,39281.9,-1946.07,Home Office
ORD10154,2023-06-03,North,Office Supplies,Monitor,6.0,45620.98,6387.14,Consumer
ORD10155,2023-06-04,West,Furniture,Desk,7.0,35687.78,1927.95,Consumer
ORD10156,2023-06-05,North,Electronics,Monitor,7.0,21254.56,-2342.65,Consumer
ORD10157,2023-06-06,East,Electronics,Laptop,2.0,3476.35,-32.14,Consumer
ORD10158,2023-06-07,East,Office Supplies,Desk,3.0,40522.91,4020.29,Home Office
ORD10159,2023-06-08,South,Furniture,Printer,6.0,47646.6,-2935.43,Consumer
ORD10160,2023-06-09,North,Office Supplies,Desk,3.0,18250.67,-4941.48,Consumer
ORD10161,2023-06-10,South,Office Supplies,Monitor,2.0,7764.92,10594.07,Consumer
ORD10162,2023-06-11,South,Electronics,Chair,4.0,16459.89,182.64,Corporate
ORD10163,2023-06-12,North,Electronics,Printer,5.0,29214.59,-1234.53,Consumer
ORD10164,2023-06-13,South,Electronics,Monitor,9.0,15983.06,6874.17,Corporate
ORD10165,2023-06-14,North,Furniture,Printer,3.0,24573.82,9507.85,Consumer
ORD10166,2023-06-15,North,Office Supplies,Desk,3.0,48349.24,5748.74,Consumer
ORD10167,2023-06-16,South,Electronics,Laptop,6.0,33602.58,-673.79,Consumer
ORD10168,2023-06-17,West,Electronics,Monitor,5.0,18260.44,9647.82,Corporate
ORD10169,2023-06-18,West,Electronics,Chair,6.0,46800.5,3677.26,Corporate
ORD10170,2023-06-19,West,Electronics,Desk,7.0,28368.64,1480.24,Corporate
ORD10171,2023-06-20,West,Office Supplies,Monitor,3.0,6592.95,5280.34,Consumer
ORD10172,2023-06-21,West,Office Supplies,Chair,5.0,25049.25,6910.41,Home Office
ORD10173,2023-06-22,South,Furniture,Monitor,8.0,32751.09,5095.11,Consumer
ORD10174,2023-06-23,South,Furniture,Desk,4.0,41945.07,10644.17,Consumer
ORD10175,2023-06-24,East,Electronics,Monitor,2.0,46836.54,5676.3,Corporate
ORD10176,2023-06-25,South,Office Supplies,Printer,5.0,16007.32,9935.87,Consumer
ORD10177,2023-06-26,West,Electronics,Desk,2.0,7944.52,4978.29,Corporate
ORD10178,2023-06-27,North,Electronics,Monitor,3.0,3876.67,604.55,Consumer
ORD10179,2023-06-28,South,Office Supplies,Laptop,4.0,36970.06,4049.05,Consumer
ORD10180,2023-06-29,North,Office Supplies,Monitor,4.0,39798.88,-3532.28,Corporate
ORD10181,2023-06-30,North,Furniture,Printer,9.0,24573.82,-1087.03,Consumer
ORD10182,2023-07-01,North,Electronics,Chair,6.0,19917.09,8025.94,Consumer
ORD10183,2023-07-02,East,Electronics,Chair,9.0,47721.0,6245.09,Home Office
ORD10184,2023-07-03,South,Office Supplies,Chair,4.0,45850.73,-2169.18,Consumer
ORD10185,2023-07-04,North,Electronics,Laptop,9.0,11816.64,2446.26,Home Office
ORD10186,2023-07-05,West,Office Supplies,Printer,9.0,39084.22,-2586.13,Consumer
ORD10187,2023-07-06,North,Electronics,Desk,6.0,31210.48,9548.9,Consumer
ORD10188,2023-07-07,North,Electronics,Chair,5.0,7880.29,-3144.12,Home Office
ORD10189,2023-07-08,East,Furniture,Printer,3.0,17967.2,6121.99,Corporate
ORD10190,2023-07-09,South,Electronics,Monitor,5.0,9038.15,5319.0,Corporate
ORD10191,2023-07-10,East,Electronics,Laptop,3.0,24573.82,3037.2,Consumer
ORD10192,2023-07-11,North,Furniture,Printer,5.0,30842.0,-270.01,Consumer
ORD10193,2023-07-12,South,Electronics,Printer,5.0,18888.22,1867.26,Corporate
ORD10194,2023-07-13,North,Electronics,Desk,2.0,19824.16,8708.65,Home Office
ORD10195,2023-07-14,North,Office Supplies,Printer,9.0,27074.44,7946.36,Consumer
ORD10196,2023-07-15,East,Office Supplies,Desk,5.0,4543.76,7559.75,Corporate
ORD10197,2023-07-16,South,Electronics,Laptop,6.0,36992.11,7747.0,Consumer
ORD10198,2023-07-17,West,Furniture,Laptop,5.0,20205.13,-2553.93,Consumer
ORD10199,2023-07-18,East,Office Supplies,Monitor,4.0,24123.77,-3315.36,Corporate
ORD10200,2023-07-19,North,Furniture,Desk,8.0,48720.13,9645.48,Consumer
ORD10201,2023-07-20,North,Office Supplies,Desk,2.0,17349.47,9231.97,Consumer
ORD10202,2023-07-21,West,Electronics,Chair,8.0,32481.3,6582.41,Corporate
ORD10203,2023-07-22,North,Electronics,Chair,1.0,19746.72,5300.4,Consumer
ORD10204,2023-07-23,South,Electronics,Monitor,1.0,44735.28,1236.82,Consumer
ORD10205,2023-07-24,North,Electronics,Laptop,3.0,42368.46,-1190.6,Consumer
ORD10206,2023-07-25,South,Office Supplies,Keyboard,5.0,12232.89,6350.16,Consumer
ORD10207,2023-07-26,West,Electronics,Chair,6.0,34648.94,10521.59,Consumer
ORD10208,2023-07-27,West,Electronics,Printer,4.0,3445.57,2428.94,Corporate
ORD10209,2023-07-28,South,Furniture,Laptop,7.0,48166.63,154.61,Consumer
ORD10210,2023-07-29,South,Office Supplies,Keyboard,7.0,17579.71,-397.39,Consumer
ORD10211,2023-07-30,East,Electronics,Printer,2.0,41625.77,-4597.01,Corporate
ORD10212,2023-07-31,North,Electronics,Desk,2.0,16057.88,3845.38,Consumer
ORD10213,2023-08-01,North,Electronics,Laptop,2.0,31711.98,11800.01,Consumer
ORD10214,2023-08-02,North,Electronics,Monitor,2.0,49182.82,8859.04,Consumer
ORD10215,2023-08-03,North,Furniture,Desk,9.0,43862.14,10257.07,Home Office
ORD10216,2023-08-04,East,Electronics,Desk,5.0,8186.22,5559.79,Consumer
ORD10217,2023-08-05,North,Electronics,Printer,8.0,27464.92,3184.59,Consumer
ORD10218,2023-08-06,South,Furniture,Desk,5.0,17556.88,11837.77,Consumer
ORD10219,2023-08-07,South,Electronics,Chair,5.0,21830.07,2601.76,Consumer
ORD10220,2023-08-08,West,Furniture,Laptop,1.0,16892.12,10586.12,Consumer
ORD10221,2023-08-09,South,Electronics,Chair,6.0,16930.77,7951.36,Consumer
ORD10222,2023-08-10,North,Office Supplies,Printer,4.0,27219.15,626.63,Consumer
ORD10223,2023-08-11,North,Office Supplies,Keyboard,3.0,9759.81,3552.06,Consumer
ORD10224,2023-08-12,North,Electronics,Printer,6.0,26962.29,1533.6,Consumer
ORD10225,2023-08-13,East,Electronics,Laptop,2.0,14092.48,-2684.2,Consumer
ORD10226,2023-08-14,South,Office Supplies,Desk,8.0,14591.35,1065.03,Home Office
ORD10227,2023-08-15,South,Electronics,Monitor,1.0,36989.65,10112.54,Consumer
ORD10228,2023-08-16,North,Furniture,Printer,9.0,1673.76,7794.81,Consumer
ORD10229,2023-08-17,West,Electronics,Laptop,8.0,19171.1,-281.12,Consumer
ORD10230,2023-08-18,South,Electronics,Monitor,1.0,20495.21,1254.53,Consumer
ORD10231,2023-08-19,South,Furniture,Desk,9.0,24358.48,5479.38,Consumer
ORD10232,2023-08-20,West,Electronics,Keyboard,2.0,33516.75,2074.38,Consumer
ORD10233,2023-08-21,East,Electronics,Printer,3.0,18610.4,3551.75,Home Office
ORD10234,2023-08-22,East,Furniture,Keyboard,2.0,10814.23,6868.86,Corporate
ORD10235,2023-08-23,North,Electronics,Laptop,8.0,44266.67,2943.26,Consumer
ORD10236,2023-08-24,South,Furniture,Keyboard,2.0,49055.72,-1753.51,Consumer
ORD10237,2023-08-25,North,Office Supplies,Keyboard,2.0,1196.73,3849.76,Consumer
ORD10238,2023-08-26,West,Electronics,Laptop,1.0,27414.05,1054.01,Corporate
ORD10239,2023-08-27,South,Office Supplies,Laptop,7.0,17216.78,-57.52,Consumer
ORD10240,2023-08-28,South,Electronics,Printer,2.0,13994.08,577.85,Consumer
ORD10241,2023-08-29,South,Electronics,Keyboard,5.0,16918.18,2463.04,Corporate
ORD10242,2023-08-30,East,Furniture,Monitor,5.0,32016.11,10072.42,Home Office
ORD10243,2023-08-31,North,Electronics,Laptop,3.0,9697.66,7478.97,Consumer
ORD10244,2023-09-01,North,Electronics,Desk,3.0,45660.46,6353.99,Consumer
ORD10245,2023-09-02,West,Electronics,Keyboard,3.0,23412.5,3011.42,Home Office
ORD10246,2023-09-03,East,Office Supplies,Laptop,6.0,16413.73,-4968.89,Consumer
ORD10247,2023-09-04,South,Electronics,Monitor,4.0,38323.46,789.36,Consumer
ORD10248,2023-09-05,North,Office Supplies,Printer,3.0,1014.06,8824.26,Consumer
ORD10249,2023-09-06,East,Office Supplies,Keyboard,2.0,21706.27,1598.91,Consumer
ORD10250,2023-09-07,West,Electronics,Laptop,3.0,17894.12,4584.93,Consumer
ORD10251,2023-09-08,West,Electronics,Laptop,4.0,17042.85,-1519.42,Consumer
ORD10252,2023-09-09,East,Office Supplies,Desk,6.0,16986.15,10569.58,Consumer
ORD10253,2023-09-10,West,Office Supplies,Desk,4.0,1757.31,10693.9,Corporate
ORD10254,2023-09-11,East,Electronics,Keyboard,8.0,7775.4,-2516.8,Consumer
ORD10255,2023-09-12,South,Electronics,Laptop,3.0,7265.88,7310.7,Home Office
ORD10256,2023-09-13,East,Furniture,Keyboard,3.0,49432.8,-3720.95,Corporate
ORD10257,2023-09-14,East,Electronics,Laptop,3.0,1303.85,5175.31,Consumer
ORD10258,2023-09-15,West,Electronics,Desk,8.0,8520.27,-1962.89,Consumer
ORD10259,2023-09-16,West,Electronics,Monitor,4.0,48713.89,-2523.01,Consumer
ORD10260,2023-09-17,North,Electronics,Chair,1.0,31487.18,-4929.96,Consumer
ORD10261,2023-09-18,North,Electronics,Chair,2.0,22643.22,10994.57,Consumer
ORD10262,2023-09-19,South,Electronics,Laptop,2.0,4122.29,9097.29,Corporate
ORD10263,2023-09-20,North,Electronics,Desk,3.0,33549.13,-3682.92,Consumer
ORD10264,2023-09-21,East,Electronics,Printer,6.0,7062.59,5189.39,Consumer
ORD10265,2023-09-22,West,Electronics,Printer,8.0,33625.07,-1040.73,Corporate
ORD10266,2023-09-23,North,Furniture,Chair,1.0,48962.99,-511.73,Consumer
ORD10267,2023-09-24,North,Electronics,Monitor,9.0,26692.24,9860.9,Corporate
ORD10268,2023-09-25,South,Office Supplies,Chair,1.0,10861.42,-3056.46,Consumer
ORD10269,2023-09-26,South,Office Supplies,Laptop,2.0,31339.13,5225.33,Consumer
ORD10270,2023-09-27,South,Furniture,Monitor,3.0,25743.9,1821.34,Home Office
ORD10271,2023-09-28,East,Furniture,Printer,7.0,26750.39,-1756.39,Consumer
ORD10272,2023-09-29,West,Electronics,Desk,9.0,24009.73,2682.61,Consumer
ORD10273,2023-09-30,South,Furniture,Desk,3.0,33752.28,10988.32,Consumer
ORD10274,2023-10-01,North,Furniture,Laptop,8.0,28682.88,8287.37,Home Office
ORD10275,2023-10-02,West,Office Supplies,Chair,9.0,49352.35,-2754.11,Home Office
ORD10276,2023-10-03,West,Electronics,Laptop,7.0,41328.0,9440.31,Consumer
ORD10277,2023-10-04,North,Furniture,Desk,4.0,13381.98,10936.49,Consumer
ORD10278,2023-10-05,South,Furniture,Printer,4.0,36342.67,-291.61,Home Office
ORD10279,2023-10-06,North,Electronics,Desk,4.0,10872.16,668.13,Consumer
ORD10280,2023-10-07,South,Electronics,Monitor,6.0,39160.85,-2852.73,Consumer
ORD10281,2023-10-08,West,Electronics,Keyboard,4.0,7548.37,863.98,Consumer
ORD10282,2023-10-09,North,Office Supplies,Desk,5.0,23782.98,6443.39,Consumer
ORD10283,2023-10-10,North,Electronics,Desk,9.0,39572.19,-373.36,Corporate
ORD10284,2023-10-11,East,Electronics,Keyboard,7.0,14149.61,-4883.97,Home Office
ORD10285,2023-10-12,North,Electronics,Monitor,8.0,41888.53,755.26,Corporate
ORD10286,2023-10-13,North,Office Supplies,Chair,5.0,32278.71,2703.96,Home Office
ORD10287,2023-10-14,East,Electronics,Desk,5.0,19996.61,4628.05,Home Office
ORD10288,2023-10-15,East,Electronics,Laptop,7.0,21286.15,6625.03,Consumer
ORD10289,2023-10-16,East,Furniture,Desk,8.0,46314.38,-3949.67,Home Office
ORD10290,2023-10-17,West,Electronics,Laptop,9.0,11045.99,2985.78,Home Office
ORD10291,2023-10-18,South,Electronics,Monitor,2.0,34729.46,-471.84,Consumer
ORD10292,2023-10-19,North,Electronics,Desk,3.0,35423.25,11115.48,Consumer
ORD10293,2023-10-20,West,Electronics,Monitor,2.0,46137.99,1118.27,Corporate
ORD10294,2023-10-21,East,Electronics,Monitor,7.0,35715.58,-3297.9,Home Office
ORD10295,2023-10-22,North,Electronics,Chair,2.0,29306.48,-4294.64,Consumer
ORD10296,2023-10-23,West,Electronics,Desk,2.0,45145.62,-488.1,Home Office
ORD10297,2023-10-24,South,Furniture,Laptop,2.0,41490.78,-1959.06,Consumer
ORD10298,2023-10-25,West,Electronics,Laptop,4.0,24573.82,6046.59,Corporate
ORD10299,2023-10-26,South,Furniture,Desk,1.0,1822.4,9398.43,Consumer
ORD10300,2023-10-27,East,Furniture,Keyboard,2.0,18801.32,313.5,Consumer
ORD10301,2023-10-28,North,Office Supplies,Chair,3.0,31668.11,4822.45,Consumer
ORD10302,2023-10-29,North,Electronics,Chair,7.0,26208.08,7415.19,Consumer
ORD10303,2023-10-30,East,Electronics,Chair,1.0,24573.82,1774.29,Home Office
ORD10304,2023-10-31,North,Furniture,Laptop,6.0,7392.31,-3872.46,Consumer
ORD10305,2023-11-01,North,Office Supplies,Monitor,3.0,27739.23,-1103.86,Corporate
ORD10306,2023-11-02,South,Electronics,Keyboard,3.0,14438.7,10012.12,Consumer
ORD10307,2023-11-03,South,Electronics,Chair,4.0,11803.42,9016.16,Home Office
ORD10308,2023-11-04,South,Electronics,Laptop,4.0,20068.12,-3528.95,Consumer
ORD10309,2023-11-05,South,Electronics,Laptop,7.0,24573.82,-1192.87,Consumer
ORD10310,2023-11-06,South,Furniture,Monitor,3.0,24495.1,8075.81,Consumer
ORD10311,2023-11-07,East,Electronics,Desk,8.0,10981.31,3260.27,Consumer
ORD10312,2023-11-08,North,Furniture,Desk,8.0,6021.78,7919.44,Home Office
ORD10313,2023-11-09,North,Electronics,Chair,7.0,25049.57,-1411.43,Consumer
ORD10314,2023-11-10,West,Furniture,Chair,2.0,39759.45,11195.87,Home Office
ORD10315,2023-11-11,North,Electronics,Keyboard,5.0,24573.82,8321.33,Home Office
ORD10316,2023-11-12,West,Electronics,Monitor,6.0,11761.01,-1643.31,Consumer
ORD10317,2023-11-13,North,Electronics,Chair,4.0,21947.99,4493.64,Consumer
ORD10318,2023-11-14,South,Furniture,Monitor,5.0,42790.47,-3077.35,Home Office
ORD10319,2023-11-15,North,Office Supplies,Laptop,9.0,9047.26,1144.39,Home Office
ORD10320,2023-11-16,West,Electronics,Chair,7.0,26697.61,6213.56,Home Office
ORD10321,2023-11-17,East,Electronics,Laptop,2.0,17940.33,612.17,Consumer
ORD10322,2023-11-18,North,Furniture,Printer,1.0,6384.15,6164.89,Home Office
ORD10323,2023-11-19,North,Electronics,Monitor,2.0,2685.22,-838.75,Home Office
ORD10324,2023-11-20,West,Electronics,Printer,3.0,27882.39,7260.52,Consumer
ORD10325,2023-11-21,East,Electronics,Chair,2.0,1233.29,1113.02,Home Office
ORD10326,2023-11-22,East,Electronics,Laptop,3.0,5351.62,8438.18,Home Office
ORD10327,2023-11-23,South,Furniture,Chair,9.0,17508.7,-2676.27,Consumer
ORD10328,2023-11-24,South,Office Supplies,Printer,4.0,2367.31,1153.63,Consumer
ORD10329,2023-11-25,South,Electronics,Chair,9.0,20142.17,2886.85,Consumer
ORD10330,2023-11-26,South,Furniture,Keyboard,3.0,6692.18,2205.37,Consumer
ORD10331,2023-11-27,South,Electronics,Desk,1.0,17623.68,2362.61,Consumer
ORD10332,2023-11-28,South,Electronics,Printer,5.0,39599.75,2561.66,Consumer
ORD10333,2023-11-29,North,Electronics,Chair,2.0,31392.94,11809.66,Home Office
ORD10334,2023-11-30,East,Electronics,Laptop,4.0,22380.97,-1716.33,Consumer
ORD10335,2023-12-01,South,Office Supplies,Chair,2.0,4773.3,8067.29,Home Office
ORD10336,2023-12-02,East,Electronics,Laptop,2.0,31033.65,4380.41,Consumer
ORD10337,2023-12-03,East,Electronics,Desk,3.0,8352.74,2031.68,Consumer
ORD10338,2023-12-04,South,Office Supplies,Chair,5.0,4014.0,5769.99,Consumer
ORD10339,2023-12-05,North,Furniture,Desk,4.0,33267.0,9510.03,Consumer
ORD10340,2023-12-06,South,Electronics,Printer,2.0,45620.58,2932.85,Consumer
ORD10341,2023-12-07,North,Office Supplies,Laptop,2.0,23137.55,9701.62,Home Office
ORD10342,2023-12-08,West,Electronics,Keyboard,6.0,2241.6,-3405.43,Home Office
ORD10343,2023-12-09,North,Electronics,Printer,7.0,44038.83,6102.43,Consumer
ORD10344,2023-12-10,North,Electronics,Laptop,6.0,3535.29,664.06,Consumer
ORD10345,2023-12-11,West,Electronics,Desk,7.0,43402.16,1574.16,Corporate
ORD10346,2023-12-12,North,Electronics,Monitor,1.0,19712.6,4707.34,Corporate
ORD10347,2023-12-13,East,Electronics,Chair,6.0,18396.65,3158.59,Consumer
ORD10348,2023-12-14,West,Office Supplies,Desk,3.0,27231.31,1490.25,Home Office
ORD10349,2023-12-15,East,Electronics,Laptop,1.0,47862.82,241.5,Consumer
ORD10350,2023-12-16,North,Electronics,Laptop,8.0,44957.28,5511.36,Consumer
ORD10351,2023-12-17,North,Electronics,Laptop,4.0,23622.44,3594.85,Consumer
ORD10352,2023-12-18,West,Furniture,Laptop,8.0,34852.0,496.26,Corporate
ORD10353,2023-12-19,West,Electronics,Chair,4.0,29105.38,-1515.66,Consumer
ORD10354,2023-12-20,South,Electronics,Printer,4.0,34734.39,8165.96,Consumer
ORD10355,2023-12-21,North,Electronics,Keyboard,4.0,24573.82,8595.15,Home Office
ORD10356,2023-12-22,South,Electronics,Monitor,6.0,1917.79,-1365.6,Consumer
ORD10357,2023-12-23,North,Office Supplies,Chair,9.0,16422.84,-551.97,Consumer
ORD10358,2023-12-24,South,Electronics,Laptop,5.0,47974.59,-934.57,Consumer
ORD10359,2023-12-25,East,Electronics,Chair,8.0,47476.95,10037.69,Consumer
ORD10360,2023-12-26,West,Office Supplies,Desk,8.0,758.8,8160.22,Home Office
ORD10361,2023-12-27,North,Electronics,Keyboard,4.0,10231.72,-3732.25,Consumer
ORD10362,2023-12-28,North,Office Supplies,Laptop,9.0,49689.75,9155.32,Consumer
ORD10363,2023-12-29,North,Electronics,Monitor,9.0,24573.82,-4373.52,Consumer
ORD10364,2023-12-30,North,Furniture,Laptop,5.0,28728.73,-695.6,Corporate
ORD10365,2023-12-31,South,Electronics,Keyboard,6.0,8487.73,10622.85,Consumer
ORD10366,2024-01-01,North,Electronics,Monitor,5.0,44737.91,9693.63,Consumer
ORD10367,2024-01-02,East,Office Supplies,Keyboard,3.0,11716.96,8284.39,Home Office
ORD10368,2024-01-03,West,Furniture,Monitor,8.0,9644.45,2778.3,Consumer
ORD10369,2024-01-04,North,Office Supplies,Printer,9.0,11560.5,464.04,Home Office
ORD10370,2024-01-05,West,Office Supplies,Printer,4.0,45997.16,9986.28,Home Office
ORD10371,2024-01-06,North,Electronics,Chair,9.0,35201.77,6170.26,Consumer
ORD10372,2024-01-07,North,Electronics,Chair,9.0,38476.1,23.65,Corporate
ORD10373,2024-01-08,North,Office Supplies,Monitor,7.0,18976.41,2874.33,Consumer
ORD10374,2024-01-09,East,Electronics,Laptop,8.0,45477.02,9985.5,Corporate
ORD10375,2024-01-10,South,Electronics,Desk,3.0,39512.52,10358.74,Home Office
ORD10376,2024-01-11,North,Electronics,Desk,5.0,37579.75,6208.14,Corporate
ORD10377,2024-01-12,South,Electronics,Laptop,3.0,48552.83,7453.45,Corporate
ORD10378,2024-01-13,South,Electronics,Laptop,7.0,18436.6,-4331.94,Corporate
ORD10379,2024-01-14,South,Electronics,Printer,6.0,30626.49,5278.21,Consumer
ORD10380,2024-01-15,East,Furniture,Desk,3.0,45514.5,6712.87,Consumer
ORD10381,2024-01-16,South,Electronics,Monitor,9.0,39586.27,-4653.59,Home Office
ORD10382,2024-01-17,South,Electronics,Keyboard,1.0,28256.27,9345.6,Consumer
ORD10383,2024-01-18,South,Electronics,Chair,3.0,3995.44,10780.85,Corporate
ORD10384,2024-01-19,South,Electronics,Keyboard,7.0,32705.63,-955.08,Consumer
ORD10385,2024-01-20,East,Furniture,Printer,3.0,26422.47,9378.53,Consumer
ORD10386,2024-01-21,South,Furniture,Desk,3.0,9372.19,6313.71,Corporate
ORD10387,2024-01-22,South,Electronics,Laptop,2.0,44136.21,4871.83,Consumer
ORD10388,2024-01-23,South,Electronics,Desk,9.0,17293.78,9333.14,Consumer
ORD10389,2024-01-24,North,Electronics,Monitor,4.0,19496.5,-144.62,Corporate
ORD10390,2024-01-25,North,Electronics,Printer,6.0,33685.6,8444.56,Consumer
ORD10391,2024-01-26,North,Electronics,Laptop,2.0,24542.18,346.85,Corporate
ORD10392,2024-01-27,East,Electronics,Keyboard,9.0,4646.2,8386.76,Corporate
ORD10393,2024-01-28,South,Electronics,Monitor,7.0,19494.59,2667.92,Consumer
ORD10394,2024-01-29,North,Electronics,Keyboard,5.0,4904.41,-3011.93,Consumer
ORD10395,2024-01-30,South,Electronics,Chair,7.0,9699.37,1485.84,Home Office
ORD10396,2024-01-31,South,Electronics,Printer,4.0,557.29,-1030.61,Consumer
ORD10397,2024-02-01,East,Furniture,Monitor,7.0,9229.39,-3290.96,Corporate
ORD10398,2024-02-02,South,Furniture,Monitor,2.0,16656.28,-3125.12,Corporate
ORD10399,2024-02-03,North,Office Supplies,Keyboard,7.0,27003.28,8261.21,Corporate
ORD10400,2024-02-04,North,Electronics,Laptop,4.0,45980.01,9983.76,Corporate
ORD10401,2024-02-05,West,Office Supplies,Chair,4.0,27108.28,10761.2,Consumer
ORD10402,2024-02-06,South,Furniture,Keyboard,1.0,35339.06,9517.08,Home Office
ORD10403,2024-02-07,North,Office Supplies,Monitor,3.0,18012.32,9113.81,Consumer
ORD10404,2024-02-08,West,Electronics,Printer,5.0,37631.21,-3829.79,Home Office
ORD10405,2024-02-09,North,Electronics,Monitor,5.0,31099.34,8432.1,Consumer
ORD10406,2024-02-10,West,Electronics,Desk,2.0,23097.74,8315.81,Consumer
ORD10407,2024-02-11,North,Electronics,Printer,4.0,9849.69,-2768.06,Consumer
ORD10408,2024-02-12,South,Electronics,Printer,1.0,15316.34,6254.16,Consumer
ORD10409,2024-02-13,South,Electronics,Monitor,9.0,31123.12,2692.62,Consumer
ORD10410,2024-02-14,West,Furniture,Laptop,1.0,21417.6,10300.23,Corporate
ORD10411,2024-02-15,East,Furniture,Printer,6.0,44491.45,6821.94,Consumer
ORD10412,2024-02-16,West,Electronics,Desk,7.0,11895.05,11166.79,Consumer
ORD10413,2024-02-17,South,Electronics,Keyboard,3.0,3839.02,-3216.32,Home Office
ORD10414,2024-02-18,South,Furniture,Laptop,1.0,29549.56,-4309.68,Home Office
ORD10415,2024-02-19,South,Electronics,Laptop,7.0,44325.33,11550.85,Consumer
ORD10416,2024-02-20,East,Furniture,Laptop,3.0,18364.0,-3636.73,Consumer
ORD10417,2024-02-21,North,Electronics,Printer,6.0,32456.02,1565.33,Consumer
ORD10418,2024-02-22,South,Office Supplies,Laptop,6.0,11724.35,6049.5,Consumer
ORD10419,2024-02-23,South,Electronics,Monitor,4.0,28011.9,9960.96,Corporate
ORD10420,2024-02-24,North,Electronics,Laptop,6.0,39382.25,-672.19,Consumer
ORD10421,2024-02-25,South,Electronics,Desk,4.0,43378.17,-4506.01,Home Office
ORD10422,2024-02-26,South,Office Supplies,Chair,8.0,5434.93,3861.88,Home Office
ORD10423,2024-02-27,South,Electronics,Desk,9.0,17947.45,3008.9,Corporate
ORD10424,2024-02-28,South,Electronics,Printer,2.0,32054.29,217.18,Home Office
ORD10425,2024-02-29,North,Electronics,Laptop,5.0,1929.2,9856.29,Corporate
ORD10426,2024-03-01,West,Furniture,Laptop,9.0,34592.64,7738.48,Corporate
ORD10427,2024-03-02,South,Electronics,Monitor,5.0,26496.09,9587.98,Consumer
ORD10428,2024-03-03,South,Electronics,Keyboard,5.0,14570.6,-2249.25,Consumer
ORD10429,2024-03-04,South,Electronics,Laptop,1.0,40769.79,6771.0,Consumer
ORD10430,2024-03-05,East,Electronics,Desk,6.0,14644.53,11576.73,Consumer
ORD10431,2024-03-06,West,Electronics,Printer,8.0,49572.47,5402.54,Consumer
ORD10432,2024-03-07,North,Electronics,Chair,1.0,40855.24,-2086.81,Consumer
ORD10433,2024-03-08,North,Electronics,Laptop,2.0,35457.43,11928.27,Home Office
ORD10434,2024-03-09,North,Electronics,Chair,1.0,3255.11,3981.5,Home Office
ORD10435,2024-03-10,West,Electronics,Laptop,5.0,45234.66,9281.0,Consumer
ORD10436,2024-03-11,West,Office Supplies,Printer,2.0,39544.75,-2460.86,Consumer
ORD10437,2024-03-12,West,Office Supplies,Keyboard,4.0,11605.45,6323.64,Consumer
ORD10438,2024-03-13,North,Furniture,Desk,1.0,19733.96,10514.5,Corporate
ORD10439,2024-03-14,West,Electronics,Printer,7.0,13577.85,4044.3,Corporate
ORD10440,2024-03-15,South,Electronics,Chair,8.0,49223.92,-92.78,Consumer
ORD10441,2024-03-16,North,Electronics,Laptop,5.0,42738.98,-2833.83,Home Office
ORD10442,2024-03-17,West,Electronics,Chair,2.0,46525.22,31.06,Consumer
ORD10443,2024-03-18,South,Electronics,Desk,8.0,39480.96,1033.03,Consumer
ORD10444,2024-03-19,East,Electronics,Printer,1.0,22926.14,7069.24,Corporate
ORD10445,2024-03-20,West,Office Supplies,Chair,7.0,10430.63,-1963.44,Home Office
ORD10446,2024-03-21,North,Electronics,Chair,1.0,24573.82,-3196.22,Home Office
ORD10447,2024-03-22,South,Electronics,Desk,6.0,7753.81,1577.97,Consumer
ORD10448,2024-03-23,West,Office Supplies,Laptop,6.0,27423.15,2797.11,Consumer
ORD10449,2024-03-24,South,Furniture,Chair,5.0,46014.33,5682.55,Consumer
ORD10450,2024-03-25,South,Office Supplies,Desk,2.0,49591.54,7028.03,Consumer
ORD10451,2024-03-26,East,Office Supplies,Laptop,2.0,14507.53,10117.72,Corporate
ORD10452,2024-03-27,North,Office Supplies,Keyboard,9.0,34926.26,-87.79,Consumer
ORD10453,2024-03-28,East,Electronics,Laptop,5.0,29935.48,3986.33,Home Office
ORD10454,2024-03-29,West,Electronics,Keyboard,5.0,24549.02,1222.69,Home Office
ORD10455,2024-03-30,South,Furniture,Printer,7.0,33355.28,-4975.83,Consumer
ORD10456,2024-03-31,South,Electronics,Desk,6.0,18693.88,4850.34,Home Office
ORD10457,2024-04-01,North,Electronics,Laptop,2.0,47235.34,8868.53,Home Office
ORD10458,2024-04-02,South,Electronics,Keyboard,1.0,35331.35,-4380.53,Corporate
ORD10459,2024-04-03,North,Furniture,Keyboard,5.0,37759.21,-4940.64,Home Office
ORD10460,2024-04-04,South,Electronics,Printer,4.0,12272.62,7372.91,Consumer
ORD10461,2024-04-05,North,Electronics,Monitor,3.0,8595.38,6625.62,Home Office
ORD10462,2024-04-06,West,Office Supplies,Desk,2.0,19838.17,1899.49,Consumer
ORD10463,2024-04-07,North,Electronics,Monitor,2.0,38380.29,6247.28,Consumer
ORD10464,2024-04-08,North,Electronics,Laptop,4.0,46952.04,11207.56,Consumer
ORD10465,2024-04-09,South,Office Supplies,Desk,2.0,21481.03,-786.33,Corporate
ORD10466,2024-04-10,South,Office Supplies,Printer,4.0,38753.01,-819.25,Consumer
ORD10467,2024-04-11,North,Office Supplies,Laptop,3.0,23626.3,-1834.05,Consumer
ORD10468,2024-04-12,South,Electronics,Desk,9.0,14902.37,7307.77,Consumer
ORD10469,2024-04-13,South,Electronics,Desk,7.0,37015.4,1004.22,Consumer
ORD10470,2024-04-14,South,Office Supplies,Monitor,3.0,39950.47,11807.78,Corporate
ORD10471,2024-04-15,North,Furniture,Laptop,8.0,10301.47,7149.03,Corporate
ORD10472,2024-04-16,North,Office Supplies,Printer,9.0,15397.44,1245.41,Home Office
ORD10473,2024-04-17,North,Electronics,Printer,7.0,24839.89,-2463.84,Consumer
ORD10474,2024-04-18,North,Office Supplies,Laptop,6.0,24573.82,5064.42,Consumer
ORD10475,2024-04-19,North,Electronics,Laptop,4.0,46455.95,13.36,Consumer
ORD10476,2024-04-20,North,Office Supplies,Keyboard,5.0,29648.43,10393.65,Consumer
ORD10477,2024-04-21,South,Electronics,Chair,8.0,6235.92,2503.87,Consumer
ORD10478,2024-04-22,North,Furniture,Monitor,3.0,9364.69,-24.95,Corporate
ORD10479,2024-04-23,East,Electronics,Laptop,2.0,47726.9,5005.38,Home Office
ORD10480,2024-04-24,West,Office Supplies,Laptop,3.0,36960.8,-2671.43,Consumer
ORD10481,2024-04-25,South,Electronics,Chair,7.0,36773.37,4546.33,Corporate
ORD10482,2024-04-26,East,Electronics,Chair,8.0,3810.43,-4046.1,Consumer
ORD10483,2024-04-27,North,Furniture,Desk,1.0,44785.88,5317.11,Consumer
ORD10484,2024-04-28,South,Electronics,Printer,7.0,22298.02,4012.79,Home Office
ORD10485,2024-04-29,North,Office Supplies,Monitor,9.0,33053.92,3853.02,Corporate
ORD10486,2024-04-30,North,Electronics,Desk,3.0,47992.52,6630.79,Consumer
ORD10487,2024-05-01,South,Furniture,Laptop,5.0,5180.62,-4244.24,Consumer
ORD10488,2024-05-02,West,Electronics,Chair,8.0,24217.37,2815.43,Consumer
ORD10489,2024-05-03,North,Electronics,Keyboard,4.0,2670.71,2548.66,Consumer
ORD10490,2024-05-04,North,Furniture,Printer,8.0,25077.36,2816.3,Consumer
ORD10491,2024-05-05,South,Electronics,Desk,5.0,12762.52,11658.15,Consumer
ORD10492,2024-05-06,South,Electronics,Keyboard,3.0,45571.06,-2632.27,Consumer
ORD10493,2024-05-07,South,Electronics,Printer,4.0,20044.93,6737.31,Consumer
ORD10494,2024-05-08,West,Electronics,Keyboard,4.0,31766.85,1833.93,Consumer
ORD10495,2024-05-09,North,Office Supplies,Chair,8.0,43042.31,3699.35,Corporate
ORD10496,2024-05-10,West,Furniture,Desk,6.0,49187.85,7960.7,Consumer
ORD10497,2024-05-11,South,Electronics,Desk,7.0,25290.2,-2324.62,Consumer
ORD10498,2024-05-12,South,Office Supplies,Printer,9.0,22896.73,7980.95,Corporate
ORD10499,2024-05-13,North,Office Supplies,Keyboard,6.0,3971.83,-3804.38,Consumer
ORD10500,2024-05-14,West,Electronics,Chair,3.0,834.4,3216.26,Home Office
ORD10501,2024-05-15,North,Electronics,Laptop,3.0,30518.34,7615.2,Consumer
ORD10502,2024-05-16,South,Furniture,Desk,3.0,3460.12,-1726.63,Consumer
ORD10503,2024-05-17,South,Furniture,Laptop,2.0,19142.87,8105.57,Consumer
ORD10504,2024-05-18,North,Electronics,Chair,1.0,379.6,-2164.19,Home Office
ORD10505,2024-05-19,South,Electronics,Desk,1.0,30838.33,8587.06,Consumer
ORD10506,2024-05-20,South,Furniture,Desk,4.0,21385.67,2971.9,Home Office
ORD10507,2024-05-21,South,Electronics,Keyboard,3.0,6525.63,6638.85,Consumer
ORD10508,2024-05-22,North,Electronics,Laptop,5.0,14959.11,10595.91,Consumer
ORD10509,2024-05-23,West,Office Supplies,Keyboard,9.0,28569.1,1943.17,Consumer
ORD10510,2024-05-24,South,Electronics,Monitor,8.0,32904.33,-1039.72,Home Office
ORD10511,2024-05-25,West,Electronics,Laptop,9.0,23224.33,9741.79,Consumer
ORD10512,2024-05-26,South,Electronics,Laptop,5.0,40237.16,-2252.52,Consumer
ORD10513,2024-05-27,South,Electronics,Monitor,8.0,5799.53,5735.09,Consumer
ORD10514,2024-05-28,East,Furniture,Chair,4.0,4410.38,10695.31,Consumer
ORD10515,2024-05-29,South,Office Supplies,Chair,5.0,2403.36,6464.74,Consumer
ORD10516,2024-05-30,North,Furniture,Desk,3.0,26884.23,-1673.42,Consumer
ORD10517,2024-05-31,North,Furniture,Printer,5.0,35370.34,-2411.17,Consumer
ORD10518,2024-06-01,North,Electronics,Keyboard,3.0,6699.97,-710.81,Home Office
ORD10519,2024-06-02,West,Furniture,Printer,5.0,32019.49,1653.92,Home Office
ORD10520,2024-06-03,South,Electronics,Desk,5.0,23952.0,-2294.3,Consumer
ORD10521,2024-06-04,North,Furniture,Printer,6.0,49369.76,8562.84,Home Office
ORD10522,2024-06-05,West,Office Supplies,Laptop,9.0,35930.19,1069.6,Corporate
ORD10523,2024-06-06,East,Office Supplies,Laptop,1.0,32942.17,10913.47,Consumer
ORD10524,2024-06-07,West,Electronics,Monitor,6.0,24573.82,9322.34,Consumer
ORD10525,2024-06-08,West,Office Supplies,Monitor,1.0,49868.84,10449.91,Consumer
ORD10526,2024-06-09,South,Furniture,Desk,6.0,49026.87,6.38,Consumer
ORD10527,2024-06-10,East,Office Supplies,Desk,2.0,26998.13,4753.44,Consumer
ORD10528,2024-06-11,West,Electronics,Desk,8.0,22868.13,464.64,Consumer
ORD10529,2024-06-12,North,Office Supplies,Laptop,3.0,23213.32,-631.88,Consumer
ORD10530,2024-06-13,North,Electronics,Printer,6.0,21531.45,5320.48,Consumer
ORD10531,2024-06-14,North,Electronics,Keyboard,6.0,26663.64,8905.92,Home Office
ORD10532,2024-06-15,East,Electronics,Desk,4.0,13824.5,-3408.84,Consumer
ORD10533,2024-06-16,East,Electronics,Desk,5.0,46354.08,-311.93,Consumer
ORD10534,2024-06-17,North,Furniture,Laptop,2.0,24613.46,-1512.72,Corporate
ORD10535,2024-06-18,West,Furniture,Keyboard,8.0,42131.99,8571.95,Consumer
ORD10536,2024-06-19,East,Furniture,Laptop,7.0,24573.82,10867.33,Home Office
ORD10537,2024-06-20,North,Electronics,Keyboard,6.0,35970.86,-3640.97,Consumer
ORD10538,2024-06-21,North,Electronics,Laptop,7.0,16976.72,1446.63,Consumer
ORD10539,2024-06-22,South,Electronics,Printer,1.0,31315.38,10546.65,Corporate
ORD10540,2024-06-23,East,Electronics,Desk,5.0,25018.9,858.85,Home Office
ORD10541,2024-06-24,West,Electronics,Chair,7.0,18482.29,7115.24,Corporate
ORD10542,2024-06-25,North,Furniture,Chair,1.0,44101.5,-3288.67,Consumer
ORD10543,2024-06-26,North,Office Supplies,Desk,2.0,5813.04,2554.59,Consumer
ORD10544,2024-06-27,West,Furniture,Desk,9.0,24448.77,3556.11,Consumer
ORD10545,2024-06-28,South,Electronics,Desk,3.0,9879.58,7880.29,Corporate
ORD10546,2024-06-29,South,Electronics,Desk,6.0,43080.54,-89.98,Consumer
ORD10547,2024-06-30,North,Electronics,Keyboard,7.0,12822.77,-508.79,Consumer
ORD10548,2024-07-01,East,Electronics,Printer,9.0,31744.83,150.45,Corporate
ORD10549,2024-07-02,South,Electronics,Chair,5.0,8445.06,4446.84,Consumer
ORD10550,2024-07-03,East,Electronics,Monitor,4.0,20364.7,9892.08,Home Office
ORD10551,2024-07-04,North,Electronics,Chair,2.0,44987.99,9126.0,Home Office
ORD10552,2024-07-05,South,Electronics,Chair,3.0,8470.01,-4014.92,Consumer
ORD10553,2024-07-06,North,Electronics,Laptop,5.0,33227.15,9942.24,Home Office
ORD10554,2024-07-07,South,Electronics,Desk,2.0,10384.62,-3383.14,Corporate
ORD10555,2024-07-08,South,Furniture,Desk,4.0,20904.3,2060.92,Home Office
ORD10556,2024-07-09,South,Furniture,Desk,1.0,27122.72,8011.88,Consumer
ORD10557,2024-07-10,South,Electronics,Laptop,4.0,28949.86,-3614.31,Consumer
ORD10558,2024-07-11,South,Electronics,Printer,7.0,30205.06,-4313.21,Consumer
ORD10559,2024-07-12,East,Electronics,Printer,3.0,32078.54,609.93,Corporate
ORD10560,2024-07-13,North,Electronics,Monitor,8.0,13734.08,7408.74,Consumer
ORD10561,2024-07-14,West,Furniture,Printer,6.0,20188.1,3869.86,Home Office
ORD10562,2024-07-15,South,Electronics,Printer,6.0,2058.47,2089.03,Consumer
ORD10563,2024-07-16,North,Electronics,Desk,1.0,38484.1,8822.25,Consumer
ORD10564,2024-07-17,South,Office Supplies,Keyboard,5.0,41887.56,8034.06,Consumer
ORD10565,2024-07-18,North,Electronics,Chair,3.0,24573.82,8362.73,Home Office
ORD10566,2024-07-19,North,Electronics,Printer,1.0,10231.91,2815.36,Corporate
ORD10567,2024-07-20,North,Office Supplies,Printer,8.0,2293.41,-4669.36,Consumer
ORD10568,2024-07-21,West,Furniture,Laptop,7.0,48525.11,-2073.67,Consumer
ORD10569,2024-07-22,North,Electronics,Monitor,7.0,40397.89,7602.11,Consumer
ORD10570,2024-07-23,North,Electronics,Keyboard,4.0,18163.02,7803.95,Home Office
ORD10571,2024-07-24,North,Office Supplies,Laptop,6.0,24573.82,11529.08,Corporate
ORD10572,2024-07-25,North,Office Supplies,Desk,9.0,14739.95,-1766.83,Home Office
ORD10573,2024-07-26,West,Furniture,Chair,3.0,29942.75,-2910.24,Consumer
ORD10574,2024-07-27,South,Furniture,Monitor,9.0,35921.96,-2640.58,Corporate
ORD10575,2024-07-28,North,Electronics,Laptop,4.0,22478.95,-1858.6,Consumer
ORD10576,2024-07-29,North,Electronics,Printer,5.0,43704.99,3983.96,Consumer
ORD10577,2024-07-30,East,Electronics,Printer,7.0,25947.89,11578.59,Consumer
ORD10578,2024-07-31,North,Office Supplies,Monitor,6.0,7383.81,5020.34,Corporate
ORD10579,2024-08-01,East,Electronics,Printer,5.0,31190.11,3885.7,Consumer
ORD10580,2024-08-02,West,Electronics,Laptop,8.0,23219.1,6447.06,Corporate
ORD10581,2024-08-03,South,Furniture,Laptop,8.0,46796.46,-3743.18,Consumer
ORD10582,2024-08-04,North,Electronics,Printer,3.0,19716.32,8861.02,Corporate
ORD10583,2024-08-05,South,Electronics,Printer,6.0,20262.71,5996.95,Consumer
ORD10584,2024-08-06,North,Electronics,Desk,7.0,32608.51,-2089.74,Corporate
ORD10585,2024-08-07,West,Office Supplies,Chair,9.0,26443.91,5722.16,Consumer
ORD10586,2024-08-08,North,Electronics,Monitor,4.0,18847.6,5135.54,Corporate
ORD10587,2024-08-09,North,Electronics,Laptop,5.0,49490.77,-3897.5,Consumer
ORD10588,2024-08-10,North,Electronics,Monitor,8.0,15248.84,-462.15,Consumer
ORD10589,2024-08-11,East,Electronics,Desk,1.0,14020.93,1646.01,Home Office
ORD10590,2024-08-12,North,Office Supplies,Laptop,6.0,43248.5,-836.89,Home Office
ORD10591,2024-08-13,South,Furniture,Desk,4.0,367.97,-866.25,Consumer
ORD10592,2024-08-14,North,Electronics,Desk,5.0,10222.41,4740.12,Consumer
ORD10593,2024-08-15,North,Electronics,Keyboard,5.0,29604.25,3004.6,Home Office
ORD10594,2024-08-16,South,Office Supplies,Printer,2.0,8290.04,6343.97,Corporate
ORD10595,2024-08-17,West,Office Supplies,Keyboard,8.0,49293.04,11258.92,Consumer
ORD10596,2024-08-18,North,Electronics,Monitor,2.0,23316.94,6229.45,Consumer
ORD10597,2024-08-19,South,Electronics,Monitor,4.0,29948.73,4895.63,Home Office
ORD10598,2024-08-20,North,Electronics,Printer,5.0,8186.6,9408.51,Home Office
ORD10599,2024-08-21,East,Furniture,Keyboard,1.0,14611.03,5745.24,Consumer
ORD10600,2024-08-22,East,Electronics,Monitor,6.0,30808.31,-2185.46,Consumer
ORD10601,2024-08-23,North,Office Supplies,Keyboard,2.0,27567.76,350.73,Consumer
ORD10602,2024-08-24,West,Electronics,Printer,5.0,39261.32,7467.12,Consumer
ORD10603,2024-08-25,West,Electronics,Laptop,6.0,13607.81,7552.5,Consumer
ORD10604,2024-08-26,North,Electronics,Desk,8.0,32746.4,11779.15,Corporate
ORD10605,2024-08-27,North,Furniture,Desk,9.0,14690.58,5658.57,Home Office
ORD10606,2024-08-28,East,Electronics,Keyboard,6.0,29420.28,10292.27,Consumer
ORD10607,2024-08-29,West,Furniture,Monitor,5.0,30330.54,-4072.13,Home Office
ORD10608,2024-08-30,North,Electronics,Keyboard,4.0,6267.59,4625.78,Consumer
ORD10609,2024-08-31,West,Furniture,Keyboard,2.0,27521.93,10637.42,Corporate
ORD10610,2024-09-01,South,Electronics,Chair,2.0,794.53,-116.85,Consumer
ORD10611,2024-09-02,West,Electronics,Desk,7.0,25160.3,-2367.1,Corporate
ORD10612,2024-09-03,East,Electronics,Printer,5.0,34936.59,958.67,Consumer
ORD10613,2024-09-04,South,Electronics,Keyboard,7.0,3827.07,8468.01,Corporate
ORD10614,2024-09-05,North,Electronics,Chair,1.0,46947.8,-3560.09,Consumer
ORD10615,2024-09-06,North,Electronics,Chair,1.0,23046.03,5205.76,Consumer
ORD10616,2024-09-07,East,Electronics,Desk,5.0,46933.13,-2694.26,Corporate
ORD10617,2024-09-08,West,Electronics,Desk,2.0,5548.44,2404.05,Consumer
ORD10618,2024-09-09,North,Furniture,Desk,8.0,47505.15,11421.61,Corporate
ORD10619,2024-09-10,West,Furniture,Printer,3.0,5638.02,-1682.55,Consumer
ORD10620,2024-09-11,East,Electronics,Chair,1.0,23182.49,-4421.72,Consumer
ORD10621,2024-09-12,North,Electronics,Monitor,2.0,46912.0,2262.46,Corporate
ORD10622,2024-09-13,West,Office Supplies,Printer,7.0,11788.87,4820.82,Consumer
ORD10623,2024-09-14,North,Electronics,Laptop,6.0,1932.29,57.8,Consumer
ORD10624,2024-09-15,North,Electronics,Keyboard,8.0,39696.91,4210.06,Consumer
ORD10625,2024-09-16,North,Electronics,Desk,7.0,29875.01,11207.83,Consumer
ORD10626,2024-09-17,North,Furniture,Chair,8.0,25793.28,300.1,Consumer
ORD10627,2024-09-18,South,Electronics,Keyboard,3.0,1910.3,260.26,Home Office
ORD10628,2024-09-19,South,Electronics,Printer,6.0,32730.92,3207.05,Consumer
ORD10629,2024-09-20,South,Electronics,Laptop,7.0,8746.84,3760.38,Consumer
ORD10630,2024-09-21,South,Electronics,Printer,1.0,46573.59,-4976.78,Home Office
ORD10631,2024-09-22,North,Office Supplies,Printer,1.0,34349.2,5469.88,Home Office
ORD10632,2024-09-23,North,Electronics,Monitor,7.0,35410.29,11955.07,Home Office
ORD10633,2024-09-24,North,Electronics,Keyboard,3.0,24573.82,-35.86,Consumer
ORD10634,2024-09-25,East,Office Supplies,Monitor,3.0,44061.54,5723.77,Consumer
ORD10635,2024-09-26,East,Electronics,Printer,5.0,26979.08,-4921.43,Consumer
ORD10636,2024-09-27,South,Electronics,Laptop,6.0,42882.79,5273.55,Consumer
ORD10637,2024-09-28,West,Electronics,Chair,2.0,13693.18,2600.16,Consumer
ORD10638,2024-09-29,North,Office Supplies,Chair,3.0,37821.99,4014.98,Consumer
ORD10639,2024-09-30,South,Electronics,Keyboard,6.0,28813.43,4246.38,Consumer
ORD10640,2024-10-01,South,Electronics,Desk,3.0,2611.28,-1991.8,Consumer
ORD10641,2024-10-02,West,Furniture,Desk,5.0,20386.05,8089.46,Home Office
ORD10642,2024-10-03,North,Electronics,Chair,9.0,9358.74,4442.98,Consumer
ORD10643,2024-10-04,North,Electronics,Printer,3.0,18086.84,-406.69,Consumer
ORD10644,2024-10-05,South,Furniture,Printer,6.0,19290.91,10935.49,Consumer
ORD10645,2024-10-06,South,Furniture,Monitor,5.0,23851.43,-4782.85,Home Office
ORD10646,2024-10-07,North,Electronics,Keyboard,5.0,30094.46,7340.93,Consumer
ORD10647,2024-10-08,South,Furniture,Monitor,6.0,28634.69,1481.0,Home Office
ORD10648,2024-10-09,North,Electronics,Desk,6.0,2141.77,3883.26,Corporate
ORD10649,2024-10-10,South,Office Supplies,Chair,1.0,37584.32,-44.33,Home Office
ORD10650,2024-10-11,East,Furniture,Printer,9.0,47469.36,461.29,Consumer
ORD10651,2024-10-12,South,Furniture,Chair,5.0,17564.33,-4742.17,Consumer
ORD10652,2024-10-13,South,Electronics,Laptop,1.0,9151.4,7407.37,Consumer
ORD10653,2024-10-14,North,Electronics,Chair,8.0,27092.08,7083.57,Consumer
ORD10654,2024-10-15,North,Electronics,Laptop,7.0,35304.66,6124.09,Consumer
ORD10655,2024-10-16,North,Electronics,Monitor,7.0,34009.46,9925.16,Corporate
ORD10656,2024-10-17,South,Electronics,Monitor,5.0,30683.06,10321.55,Home Office
ORD10657,2024-10-18,East,Office Supplies,Desk,1.0,7482.37,4459.55,Consumer
ORD10658,2024-10-19,North,Office Supplies,Chair,9.0,41873.88,6642.0,Corporate
ORD10659,2024-10-20,North,Electronics,Chair,9.0,21395.95,-4813.03,Consumer
ORD10660,2024-10-21,South,Office Supplies,Laptop,8.0,11229.14,9387.83,Consumer
ORD10661,2024-10-22,West,Electronics,Monitor,5.0,4496.05,8879.03,Corporate
ORD10662,2024-10-23,North,Office Supplies,Laptop,3.0,20952.61,-4655.77,Home Office
ORD10663,2024-10-24,North,Office Supplies,Monitor,8.0,30975.06,4228.03,Consumer
ORD10664,2024-10-25,North,Electronics,Laptop,1.0,33335.81,10413.14,Consumer
ORD10665,2024-10-26,West,Electronics,Monitor,3.0,48144.3,-1916.4,Consumer
ORD10666,2024-10-27,West,Office Supplies,Laptop,7.0,7826.77,994.96,Corporate
ORD10667,2024-10-28,South,Furniture,Monitor,4.0,49291.53,627.91,Consumer
ORD10668,2024-10-29,West,Electronics,Keyboard,7.0,32802.86,1050.99,Corporate
ORD10669,2024-10-30,East,Electronics,Laptop,5.0,22820.61,-4287.94,Consumer
ORD10670,2024-10-31,North,Electronics,Chair,6.0,44432.07,-256.7,Corporate
ORD10671,2024-11-01,West,Electronics,Desk,7.0,34785.09,12.56,Consumer
ORD10672,2024-11-02,South,Office Supplies,Keyboard,7.0,17566.12,9719.82,Consumer
ORD10673,2024-11-03,East,Furniture,Keyboard,7.0,44227.47,985.97,Consumer
ORD10674,2024-11-04,South,Electronics,Laptop,7.0,33397.45,2602.68,Consumer
ORD10675,2024-11-05,South,Office Supplies,Desk,7.0,35002.1,1472.55,Consumer
ORD10676,2024-11-06,East,Electronics,Chair,3.0,44840.22,-2948.55,Home Office
ORD10677,2024-11-07,South,Electronics,Keyboard,3.0,22531.13,11836.06,Consumer
ORD10678,2024-11-08,East,Furniture,Chair,7.0,32913.82,9039.03,Home Office
ORD10679,2024-11-09,North,Electronics,Monitor,2.0,37285.51,4195.65,Consumer
ORD10680,2024-11-10,North,Electronics,Desk,2.0,22806.21,3098.2,Consumer
ORD10681,2024-11-11,South,Office Supplies,Printer,3.0,4355.92,6037.33,Consumer
ORD10682,2024-11-12,West,Electronics,Monitor,4.0,38617.7,549.33,Corporate
ORD10683,2024-11-13,South,Electronics,Desk,6.0,2581.25,-4145.19,Home Office
ORD10684,2024-11-14,South,Electronics,Laptop,8.0,35952.14,1873.39,Consumer
ORD10685,2024-11-15,West,Furniture,Laptop,7.0,45561.59,11727.62,Home Office
ORD10686,2024-11-16,West,Electronics,Chair,4.0,17479.06,-1900.1,Consumer
ORD10687,2024-11-17,North,Electronics,Keyboard,2.0,5282.68,3970.99,Consumer
ORD10688,2024-11-18,North,Furniture,Printer,2.0,11796.63,-4855.14,Home Office
ORD10689,2024-11-19,North,Office Supplies,Laptop,4.0,28201.62,-2925.46,Consumer
ORD10690,2024-11-20,East,Office Supplies,Desk,6.0,47144.46,4982.26,Consumer
ORD10691,2024-11-21,North,Electronics,Keyboard,3.0,25711.68,56.04,Consumer
ORD10692,2024-11-22,West,Electronics,Keyboard,6.0,5814.32,10396.64,Consumer
ORD10693,2024-11-23,South,Furniture,Desk,5.0,31463.6,1904.89,Consumer
ORD10694,2024-11-24,North,Electronics,Keyboard,5.0,36695.68,-1463.43,Home Office
ORD10695,2024-11-25,West,Office Supplies,Laptop,2.0,19785.53,4275.06,Consumer
ORD10696,2024-11-26,North,Furniture,Desk,8.0,36131.4,8514.55,Home Office
ORD10697,2024-11-27,North,Electronics,Desk,5.0,16376.18,-4669.87,Consumer
ORD10698,2024-11-28,North,Electronics,Chair,2.0,39496.69,3593.84,Consumer
ORD10699,2024-11-29,South,Office Supplies,Printer,7.0,17185.39,8148.25,Consumer
ORD10700,2024-11-30,North,Furniture,Chair,9.0,12954.13,-3238.99,Consumer
ORD10701,2024-12-01,South,Furniture,Printer,9.0,43983.23,10347.57,Corporate
ORD10702,2024-12-02,South,Furniture,Desk,1.0,27513.98,-503.2,Consumer
ORD10703,2024-12-03,West,Electronics,Keyboard,7.0,14400.78,-2099.74,Corporate
ORD10704,2024-12-04,North,Electronics,Printer,9.0,46767.33,5017.35,Home Office
ORD10705,2024-12-05,North,Electronics,Desk,6.0,34604.39,-2024.47,Corporate
ORD10706,2024-12-06,North,Electronics,Desk,1.0,11190.88,6554.93,Home Office
ORD10707,2024-12-07,North,Furniture,Chair,2.0,30809.19,3331.74,Consumer
ORD10708,2024-12-08,South,Office Supplies,Chair,4.0,43543.87,-3130.75,Home Office
ORD10709,2024-12-09,North,Electronics,Keyboard,4.0,34868.43,10512.33,Consumer
ORD10710,2024-12-10,East,Electronics,Monitor,2.0,12389.01,6444.49,Consumer
ORD10711,2024-12-11,West,Furniture,Laptop,8.0,32512.65,4281.88,Corporate
ORD10712,2024-12-12,North,Electronics,Monitor,2.0,31034.14,1363.79,Consumer
ORD10713,2024-12-13,West,Electronics,Monitor,3.0,41078.01,-2707.38,Consumer
ORD10714,2024-12-14,East,Electronics,Keyboard,4.0,9071.0,7027.81,Consumer
ORD10715,2024-12-15,East,Electronics,Printer,9.0,35041.81,8832.15,Home Office
ORD10716,2024-12-16,West,Furniture,Keyboard,1.0,1563.06,-2861.08,Corporate
ORD10717,2024-12-17,North,Furniture,Keyboard,8.0,34869.53,3407.65,Corporate
ORD10718,2024-12-18,South,Furniture,Desk,5.0,48029.78,3242.39,Consumer
ORD10719,2024-12-19,North,Electronics,Desk,7.0,8884.54,948.5,Consumer
ORD10720,2024-12-20,North,Electronics,Desk,8.0,15702.73,8418.81,Consumer
ORD10721,2024-12-21,South,Furniture,Laptop,5.0,29227.0,-3307.99,Consumer
ORD10722,2024-12-22,North,Electronics,Printer,8.0,36673.27,-1514.67,Consumer
ORD10723,2024-12-23,North,Office Supplies,Printer,8.0,17349.7,-4972.75,Home Office
ORD10724,2024-12-24,South,Office Supplies,Desk,9.0,33280.1,1340.75,Corporate
ORD10725,2024-12-25,South,Furniture,Monitor,2.0,44984.08,-49.97,Consumer
ORD10726,2024-12-26,North,Office Supplies,Laptop,3.0,36382.63,9738.9,Corporate
ORD10727,2024-12-27,North,Office Supplies,Monitor,1.0,35608.93,7678.77,Consumer
ORD10728,2024-12-28,East,Electronics,Chair,4.0,19222.14,-3563.97,Consumer
ORD10729,2024-12-29,West,Electronics,Printer,5.0,45589.18,7596.25,Home Office
ORD10730,2024-12-30,South,Electronics,Printer,1.0,14010.68,6481.8,Consumer
ORD10731,2024-12-31,South,Electronics,Monitor,8.0,10422.96,-210.69,Corporate
ORD10732,2025-01-01,West,Electronics,Laptop,2.0,18338.35,-4737.17,Home Office
ORD10733,2025-01-02,West,Office Supplies,Printer,1.0,32577.78,-3042.24,Consumer
ORD10734,2025-01-03,North,Electronics,Monitor,2.0,24573.82,-751.0,Consumer
ORD10735,2025-01-04,South,Office Supplies,Keyboard,5.0,6777.52,8882.58,Home Office
ORD10736,2025-01-05,West,Electronics,Keyboard,9.0,24573.82,2910.32,Consumer
ORD10737,2025-01-06,West,Electronics,Laptop,9.0,40678.61,10612.72,Home Office
ORD10738,2025-01-07,South,Office Supplies,Monitor,2.0,29428.58,8415.52,Consumer
ORD10739,2025-01-08,South,Electronics,Keyboard,2.0,24573.82,-119.16,Home Office
ORD10740,2025-01-09,West,Office Supplies,Laptop,3.0,9257.66,9371.16,Consumer
ORD10741,2025-01-10,South,Furniture,Desk,7.0,8645.38,-3015.68,Consumer
ORD10742,2025-01-11,West,Office Supplies,Laptop,3.0,43167.44,-4386.0,Home Office
ORD10743,2025-01-12,West,Electronics,Chair,1.0,25007.79,5345.15,Consumer
ORD10744,2025-01-13,North,Electronics,Desk,6.0,12447.67,809.63,Corporate
ORD10745,2025-01-14,North,Electronics,Monitor,3.0,34498.77,600.24,Corporate
ORD10746,2025-01-15,West,Electronics,Desk,1.0,44615.38,6682.54,Home Office
ORD10747,2025-01-16,East,Furniture,Desk,4.0,31689.67,9451.77,Home Office
ORD10748,2025-01-17,South,Electronics,Monitor,1.0,17497.78,476.98,Consumer
ORD10749,2025-01-18,North,Office Supplies,Monitor,1.0,24265.24,525.23,Consumer
ORD10750,2025-01-19,North,Electronics,Keyboard,2.0,37663.02,4075.47,Home Office
ORD10751,2025-01-20,North,Electronics,Chair,8.0,3561.56,6104.12,Corporate
ORD10752,2025-01-21,North,Furniture,Monitor,2.0,11014.79,-1550.6,Corporate
ORD10753,2025-01-22,West,Office Supplies,Printer,2.0,23236.64,10515.55,Corporate
ORD10754,2025-01-23,North,Electronics,Printer,8.0,30291.2,6125.08,Consumer
ORD10755,2025-01-24,West,Electronics,Chair,6.0,17090.45,5627.75,Consumer
ORD10756,2025-01-25,North,Electronics,Laptop,4.0,15059.87,10371.33,Home Office
ORD10757,2025-01-26,North,Electronics,Laptop,3.0,2260.93,10423.51,Consumer
ORD10758,2025-01-27,South,Electronics,Printer,1.0,1823.57,-2695.65,Consumer
ORD10759,2025-01-28,East,Furniture,Monitor,3.0,14079.0,-2533.72,Home Office
ORD10760,2025-01-29,North,Electronics,Chair,9.0,26619.2,7953.13,Consumer
ORD10761,2025-01-30,South,Electronics,Laptop,5.0,27907.3,11266.96,Home Office
ORD10762,2025-01-31,South,Furniture,Laptop,6.0,24802.57,6330.73,Home Office
ORD10763,2025-02-01,East,Furniture,Desk,5.0,20612.06,1992.39,Home Office
ORD10764,2025-02-02,North,Electronics,Printer,1.0,12764.12,6619.04,Home Office
ORD10765,2025-02-03,North,Furniture,Monitor,1.0,20154.58,-1110.2,Home Office
ORD10766,2025-02-04,South,Electronics,Chair,4.0,7110.25,11965.43,Consumer
ORD10767,2025-02-05,South,Electronics,Laptop,3.0,5939.91,2328.45,Home Office
ORD10768,2025-02-06,South,Office Supplies,Desk,8.0,15137.17,10838.66,Consumer
ORD10769,2025-02-07,South,Electronics,Printer,7.0,49768.37,2323.57,Home Office
ORD10770,2025-02-08,East,Furniture,Printer,7.0,24573.82,10778.38,Home Office
ORD10771,2025-02-09,North,Furniture,Chair,8.0,46835.53,706.65,Consumer
ORD10772,2025-02-10,North,Office Supplies,Laptop,7.0,19734.65,7929.23,Home Office
ORD10773,2025-02-11,North,Office Supplies,Chair,2.0,22062.7,11167.03,Corporate
ORD10774,2025-02-12,South,Office Supplies,Chair,4.0,39893.73,5981.67,Home Office
ORD10775,2025-02-13,North,Electronics,Keyboard,6.0,4863.19,6518.61,Consumer
ORD10776,2025-02-14,South,Electronics,Desk,3.0,9279.2,-3250.93,Consumer
ORD10777,2025-02-15,North,Electronics,Printer,3.0,48697.25,3061.74,Home Office
ORD10778,2025-02-16,East,Electronics,Keyboard,6.0,25394.68,10074.84,Home Office
ORD10779,2025-02-17,North,Furniture,Monitor,1.0,2406.62,-904.53,Consumer
ORD10780,2025-02-18,South,Electronics,Printer,1.0,2559.56,8402.17,Consumer
ORD10781,2025-02-19,North,Electronics,Printer,5.0,45380.59,6487.07,Corporate
ORD10782,2025-02-20,South,Furniture,Desk,1.0,43693.58,-1209.24,Corporate
ORD10783,2025-02-21,East,Furniture,Monitor,8.0,23028.28,-192.55,Home Office
ORD10784,2025-02-22,East,Office Supplies,Laptop,2.0,8328.46,2268.54,Consumer
ORD10785,2025-02-23,North,Office Supplies,Monitor,6.0,41548.17,-2872.8,Consumer
ORD10786,2025-02-24,North,Electronics,Laptop,5.0,16365.09,10527.31,Home Office
ORD10787,2025-02-25,North,Office Supplies,Monitor,4.0,21069.11,7569.08,Corporate
ORD10788,2025-02-26,South,Furniture,Chair,1.0,34187.32,1204.39,Home Office
ORD10789,2025-02-27,North,Office Supplies,Monitor,3.0,17799.24,94.31,Consumer
ORD10790,2025-02-28,East,Electronics,Keyboard,4.0,31507.76,6722.84,Consumer
ORD10791,2025-03-01,North,Office Supplies,Keyboard,2.0,44287.08,2211.76,Consumer
ORD10792,2025-03-02,North,Furniture,Desk,2.0,39909.19,-1101.28,Consumer
ORD10793,2025-03-03,South,Electronics,Laptop,2.0,19204.23,2312.56,Home Office
ORD10794,2025-03-04,West,Electronics,Printer,1.0,14539.24,9812.05,Corporate
ORD10795,2025-03-05,North,Office Supplies,Desk,2.0,14418.42,-3833.69,Consumer
ORD10796,2025-03-06,North,Furniture,Keyboard,6.0,17559.84,1262.09,Home Office
ORD10797,2025-03-07,North,Electronics,Keyboard,3.0,24777.15,11359.77,Consumer
ORD10798,2025-03-08,South,Electronics,Laptop,5.0,20946.55,-4747.86,Consumer
ORD10799,2025-03-09,East,Electronics,Keyboard,1.0,6823.6,10140.89,Consumer
ORD10800,2025-03-10,North,Electronics,Keyboard,8.0,8340.1,1372.17,Consumer
ORD10801,2025-03-11,North,Furniture,Laptop,4.0,17277.89,-1778.19,Home Office
ORD10802,2025-03-12,North,Furniture,Keyboard,9.0,28190.79,-4745.34,Consumer
ORD10803,2025-03-13,North,Office Supplies,Printer,4.0,29714.66,-3801.11,Home Office
ORD10804,2025-03-14,South,Office Supplies,Chair,2.0,24413.11,-2078.66,Consumer
ORD10805,2025-03-15,South,Office Supplies,Desk,3.0,36991.04,-4568.04,Consumer
ORD10806,2025-03-16,East,Electronics,Printer,5.0,36914.99,709.45,Corporate
ORD10807,2025-03-17,North,Electronics,Printer,6.0,21495.85,-4236.82,Consumer
ORD10808,2025-03-18,North,Electronics,Chair,7.0,6397.15,6767.67,Home Office
ORD10809,2025-03-19,South,Office Supplies,Desk,4.0,26602.7,8921.42,Consumer
ORD10810,2025-03-20,North,Electronics,Printer,7.0,19197.16,10086.89,Consumer
ORD10811,2025-03-21,South,Electronics,Keyboard,3.0,7068.56,4335.18,Home Office
ORD10812,2025-03-22,North,Electronics,Chair,7.0,49094.5,11090.66,Consumer
ORD10813,2025-03-23,East,Electronics,Desk,4.0,18613.82,-4904.03,Home Office
ORD10814,2025-03-24,North,Electronics,Monitor,8.0,31364.73,-2721.69,Consumer
ORD10815,2025-03-25,North,Electronics,Laptop,9.0,24608.42,-16.18,Home Office
ORD10816,2025-03-26,West,Furniture,Keyboard,7.0,7312.85,8413.42,Corporate
ORD10817,2025-03-27,South,Electronics,Chair,8.0,2966.07,10051.62,Home Office
ORD10818,2025-03-28,North,Electronics,Laptop,8.0,31363.32,5508.29,Corporate
ORD10819,2025-03-29,North,Electronics,Monitor,2.0,12501.69,1515.02,Consumer
ORD10820,2025-03-30,South,Electronics,Printer,9.0,12333.97,6319.38,Consumer
ORD10821,2025-03-31,West,Electronics,Printer,6.0,47857.41,-1924.71,Consumer
ORD10822,2025-04-01,South,Furniture,Desk,4.0,23196.31,2783.86,Home Office
ORD10823,2025-04-02,South,Electronics,Chair,5.0,1665.42,3628.25,Consumer
ORD10824,2025-04-03,South,Electronics,Chair,5.0,17124.17,-3217.19,Home Office
ORD10825,2025-04-04,South,Electronics,Desk,7.0,29307.68,-4424.16,Corporate
ORD10826,2025-04-05,South,Electronics,Laptop,5.0,16562.66,7751.79,Corporate
ORD10827,2025-04-06,East,Electronics,Printer,7.0,1537.23,4090.01,Consumer
ORD10828,2025-04-07,East,Electronics,Printer,9.0,22326.7,648.06,Home Office
ORD10829,2025-04-08,South,Office Supplies,Chair,4.0,5474.14,2432.89,Consumer
ORD10830,2025-04-09,West,Electronics,Chair,4.0,31034.17,11280.96,Consumer
ORD10831,2025-04-10,North,Electronics,Desk,6.0,31055.44,1543.53,Consumer
ORD10832,2025-04-11,South,Office Supplies,Monitor,8.0,2080.41,-3240.85,Consumer
ORD10833,2025-04-12,West,Electronics,Laptop,9.0,14675.18,2881.24,Home Office
ORD10834,2025-04-13,North,Furniture,Keyboard,1.0,20801.58,6016.82,Consumer
ORD10835,2025-04-14,South,Electronics,Monitor,1.0,27603.15,-4794.08,Consumer
ORD10836,2025-04-15,South,Electronics,Monitor,8.0,14943.96,649.79,Consumer
ORD10837,2025-04-16,East,Office Supplies,Chair,7.0,14529.78,1689.75,Consumer
ORD10838,2025-04-17,North,Electronics,Chair,9.0,49154.15,2883.15,Corporate
ORD10839,2025-04-18,North,Electronics,Chair,3.0,2284.77,128.63,Corporate
ORD10840,2025-04-19,North,Electronics,Monitor,5.0,49454.46,6337.68,Corporate
ORD10841,2025-04-20,North,Electronics,Laptop,3.0,2578.05,11060.06,Home Office
ORD10842,2025-04-21,South,Electronics,Chair,5.0,14559.4,10537.97,Corporate
ORD10843,2025-04-22,South,Furniture,Printer,1.0,24785.8,6294.69,Corporate
ORD10844,2025-04-23,East,Furniture,Laptop,4.0,7336.26,3617.03,Consumer
ORD10845,2025-04-24,East,Electronics,Printer,6.0,6915.35,9038.86,Home Office
ORD10846,2025-04-25,South,Electronics,Laptop,2.0,12964.37,9210.93,Corporate
ORD10847,2025-04-26,West,Electronics,Chair,7.0,48680.66,9102.74,Consumer
ORD10848,2025-04-27,South,Office Supplies,Keyboard,8.0,19129.82,-2316.62,Corporate
ORD10849,2025-04-28,South,Furniture,Desk,1.0,28386.54,-4567.65,Home Office
ORD10850,2025-04-29,South,Electronics,Chair,4.0,35273.71,11714.29,Consumer
ORD10851,2025-04-30,South,Office Supplies,Monitor,4.0,37162.65,11314.12,Consumer
ORD10852,2025-05-01,South,Electronics,Keyboard,5.0,34464.44,4594.43,Consumer
ORD10853,2025-05-02,South,Electronics,Monitor,4.0,16979.02,11882.08,Home Office
ORD10854,2025-05-03,East,Electronics,Laptop,9.0,5764.05,8099.3,Corporate
ORD10855,2025-05-04,East,Electronics,Monitor,7.0,14229.48,3795.46,Consumer
ORD10856,2025-05-05,South,Electronics,Keyboard,2.0,10672.7,1618.63,Corporate
ORD10857,2025-05-06,West,Electronics,Keyboard,1.0,6986.61,5078.67,Corporate
ORD10858,2025-05-07,North,Office Supplies,Chair,9.0,1419.94,3768.64,Consumer
ORD10859,2025-05-08,North,Office Supplies,Printer,1.0,46799.15,11894.64,Consumer
ORD10860,2025-05-09,North,Electronics,Chair,6.0,46067.51,3337.83,Corporate
ORD10861,2025-05-10,West,Electronics,Laptop,2.0,2710.77,9210.66,Consumer
ORD10862,2025-05-11,South,Electronics,Monitor,4.0,8819.61,8831.6,Consumer
ORD10863,2025-05-12,South,Electronics,Printer,6.0,24573.82,-3786.09,Home Office
ORD10864,2025-05-13,East,Electronics,Desk,5.0,14204.9,-3520.88,Home Office
ORD10865,2025-05-14,North,Furniture,Keyboard,6.0,10362.63,6216.77,Consumer
ORD10866,2025-05-15,North,Furniture,Printer,3.0,47303.51,-595.16,Consumer
ORD10867,2025-05-16,North,Electronics,Printer,5.0,4391.69,6177.96,Home Office
ORD10868,2025-05-17,West,Electronics,Chair,2.0,10741.21,-2541.36,Corporate
ORD10869,2025-05-18,South,Office Supplies,Desk,7.0,4220.02,1750.16,Consumer
ORD10870,2025-05-19,North,Electronics,Keyboard,3.0,49023.19,-3258.01,Consumer
ORD10871,2025-05-20,South,Furniture,Laptop,1.0,45936.99,-204.42,Consumer
ORD10872,2025-05-21,North,Electronics,Laptop,8.0,35888.25,-3498.92,Home Office
ORD10873,2025-05-22,West,Electronics,Printer,8.0,21413.46,11499.84,Consumer
ORD10874,2025-05-23,West,Electronics,Printer,3.0,9670.87,1715.99,Consumer
ORD10875,2025-05-24,North,Furniture,Monitor,7.0,11230.19,10320.21,Consumer
ORD10876,2025-05-25,South,Electronics,Desk,9.0,22263.39,11509.92,Corporate
ORD10877,2025-05-26,South,Furniture,Keyboard,8.0,38457.49,10462.57,Consumer
ORD10878,2025-05-27,North,Electronics,Printer,3.0,13383.53,2734.31,Consumer
ORD10879,2025-05-28,South,Furniture,Monitor,2.0,15677.44,8241.25,Consumer
ORD10880,2025-05-29,North,Electronics,Desk,7.0,30077.23,-2387.11,Consumer
ORD10881,2025-05-30,South,Office Supplies,Keyboard,7.0,12038.92,-3387.85,Corporate
ORD10882,2025-05-31,East,Furniture,Laptop,9.0,29294.09,9907.32,Consumer
ORD10883,2025-06-01,East,Office Supplies,Monitor,5.0,19479.12,-4470.96,Consumer
ORD10884,2025-06-02,East,Electronics,Desk,4.0,1911.54,11529.56,Consumer
ORD10885,2025-06-03,East,Electronics,Monitor,8.0,24573.82,6426.28,Home Office
ORD10886,2025-06-04,North,Electronics,Printer,4.0,45992.36,2133.42,Home Office
ORD10887,2025-06-05,East,Office Supplies,Chair,4.0,14796.97,-2596.62,Consumer
ORD10888,2025-06-06,South,Electronics,Laptop,2.0,16277.05,7294.93,Corporate
ORD10889,2025-06-07,West,Furniture,Printer,1.0,3483.86,4572.9,Consumer
ORD10890,2025-06-08,West,Office Supplies,Printer,4.0,30829.36,7089.16,Consumer
ORD10891,2025-06-09,North,Electronics,Desk,7.0,42492.27,2104.68,Consumer
ORD10892,2025-06-10,East,Furniture,Monitor,9.0,17775.56,-3873.58,Consumer
ORD10893,2025-06-11,East,Furniture,Laptop,9.0,12164.23,354.53,Consumer
ORD10894,2025-06-12,East,Furniture,Printer,1.0,47839.27,355.35,Consumer
ORD10895,2025-06-13,North,Electronics,Desk,5.0,37304.62,-4852.45,Corporate
ORD10896,2025-06-14,South,Electronics,Laptop,7.0,28444.75,-4837.12,Consumer
ORD10897,2025-06-15,North,Electronics,Monitor,7.0,15415.45,622.89,Home Office
ORD10898,2025-06-16,South,Office Supplies,Printer,6.0,11195.74,7369.6,Consumer
ORD10899,2025-06-17,East,Electronics,Keyboard,4.0,24573.82,5608.74,Consumer
ORD10900,2025-06-18,East,Office Supplies,Printer,3.0,26185.08,-936.7,Consumer
ORD10901,2025-06-19,North,Electronics,Printer,9.0,26125.87,5246.97,Consumer
ORD10902,2025-06-20,North,Electronics,Laptop,4.0,3870.75,6005.42,Consumer
ORD10903,2025-06-21,South,Furniture,Laptop,8.0,25707.28,3883.69,Consumer
ORD10904,2025-06-22,West,Furniture,Laptop,1.0,41172.65,3863.02,Consumer
ORD10905,2025-06-23,South,Electronics,Laptop,7.0,47350.6,1285.71,Consumer
ORD10906,2025-06-24,North,Electronics,Desk,6.0,5512.78,-2902.3,Consumer
ORD10907,2025-06-25,South,Electronics,Chair,1.0,31632.03,1553.22,Home Office
ORD10908,2025-06-26,North,Office Supplies,Desk,4.0,28503.69,870.68,Consumer
ORD10909,2025-06-27,South,Electronics,Printer,5.0,44537.56,5063.53,Consumer
ORD10910,2025-06-28,North,Electronics,Desk,8.0,37611.95,9556.42,Corporate
ORD10911,2025-06-29,North,Electronics,Monitor,4.0,48270.04,1381.38,Corporate
ORD10912,2025-06-30,North,Electronics,Keyboard,3.0,48009.62,7065.5,Corporate
ORD10913,2025-07-01,West,Furniture,Laptop,2.0,11439.12,8801.12,Consumer
ORD10914,2025-07-02,South,Furniture,Monitor,4.0,36322.47,-1400.22,Consumer
ORD10915,2025-07-03,South,Furniture,Keyboard,4.0,26620.05,10328.05,Home Office
ORD10916,2025-07-04,South,Electronics,Monitor,5.0,10887.18,-3802.44,Consumer
ORD10917,2025-07-05,North,Electronics,Printer,7.0,9904.48,10329.23,Corporate
ORD10918,2025-07-06,South,Office Supplies,Laptop,9.0,4238.0,-2218.24,Consumer
ORD10919,2025-07-07,South,Furniture,Monitor,2.0,39818.15,731.88,Corporate
ORD10920,2025-07-08,North,Office Supplies,Printer,5.0,16360.34,5289.0,Home Office
ORD10921,2025-07-09,East,Furniture,Laptop,9.0,42877.05,10396.62,Consumer
ORD10922,2025-07-10,North,Office Supplies,Chair,3.0,30494.11,-653.08,Consumer
ORD10923,2025-07-11,North,Office Supplies,Printer,1.0,33746.94,7980.76,Consumer
ORD10924,2025-07-12,North,Electronics,Desk,2.0,14725.35,7077.41,Home Office
ORD10925,2025-07-13,North,Office Supplies,Laptop,6.0,22973.26,-2284.95,Consumer
ORD10926,2025-07-14,South,Electronics,Monitor,5.0,20733.42,3150.89,Consumer
ORD10927,2025-07-15,South,Office Supplies,Keyboard,1.0,11937.3,3185.59,Corporate
ORD10928,2025-07-16,North,Furniture,Monitor,1.0,41659.11,178.4,Corporate
ORD10929,2025-07-17,North,Office Supplies,Desk,5.0,31179.81,8258.66,Home Office
ORD10930,2025-07-18,North,Electronics,Desk,4.0,2064.11,10740.88,Home Office
ORD10931,2025-07-19,South,Furniture,Monitor,6.0,41031.87,7181.73,Corporate
ORD10932,2025-07-20,West,Electronics,Keyboard,6.0,5480.68,11540.23,Consumer
ORD10933,2025-07-21,North,Furniture,Laptop,6.0,20304.08,-4142.04,Consumer
ORD10934,2025-07-22,North,Electronics,Printer,1.0,28648.59,-4367.21,Consumer
ORD10935,2025-07-23,East,Electronics,Desk,9.0,581.03,10195.6,Home Office
ORD10936,2025-07-24,North,Electronics,Desk,7.0,32714.82,10262.61,Home Office
ORD10937,2025-07-25,West,Electronics,Desk,7.0,33053.21,-3178.95,Consumer
ORD10938,2025-07-26,South,Electronics,Keyboard,7.0,32695.81,1076.58,Home Office
ORD10939,2025-07-27,South,Furniture,Chair,2.0,8340.7,9201.71,Consumer
ORD10940,2025-07-28,South,Electronics,Keyboard,2.0,12935.47,-2814.81,Corporate
ORD10941,2025-07-29,West,Furniture,Laptop,6.0,12519.32,-453.72,Consumer
ORD10942,2025-07-30,South,Electronics,Laptop,7.0,48011.34,6576.93,Consumer
ORD10943,2025-07-31,South,Electronics,Laptop,3.0,3562.9,11692.28,Corporate
ORD10944,2025-08-01,North,Electronics,Laptop,4.0,21552.32,8551.36,Corporate
ORD10945,2025-08-02,South,Furniture,Laptop,3.0,43588.44,8214.4,Consumer
ORD10946,2025-08-03,South,Electronics,Monitor,7.0,38519.41,825.27,Corporate
ORD10947,2025-08-04,East,Electronics,Desk,7.0,41157.62,6242.83,Corporate
ORD10948,2025-08-05,East,Electronics,Keyboard,4.0,48620.22,-3077.5,Home Office
ORD10949,2025-08-06,East,Electronics,Monitor,7.0,19485.64,11868.54,Corporate
ORD10950,2025-08-07,South,Furniture,Keyboard,5.0,15620.83,3169.93,Consumer
ORD10951,2025-08-08,East,Office Supplies,Chair,1.0,1726.84,5859.73,Corporate
ORD10952,2025-08-09,West,Office Supplies,Printer,4.0,7670.96,9894.92,Home Office
ORD10953,2025-08-10,North,Electronics,Desk,7.0,28188.33,-4983.6,Consumer
ORD10954,2025-08-11,South,Furniture,Chair,2.0,8051.5,11591.7,Consumer
ORD10955,2025-08-12,South,Furniture,Monitor,2.0,36867.99,1105.71,Consumer
ORD10956,2025-08-13,South,Electronics,Printer,1.0,2054.18,773.04,Consumer
ORD10957,2025-08-14,North,Furniture,Chair,2.0,13122.5,-2533.92,Corporate
ORD10958,2025-08-15,East,Electronics,Keyboard,8.0,34833.57,9589.13,Corporate
ORD10959,2025-08-16,North,Electronics,Printer,8.0,12924.04,9804.27,Consumer
ORD10960,2025-08-17,North,Electronics,Keyboard,8.0,36492.27,-4660.19,Consumer
ORD10961,2025-08-18,West,Furniture,Chair,1.0,49794.02,-4052.67,Consumer
ORD10962,2025-08-19,South,Electronics,Monitor,1.0,39894.78,10611.81,Consumer
ORD10963,2025-08-20,North,Furniture,Keyboard,4.0,17223.41,-2911.24,Consumer
ORD10964,2025-08-21,North,Electronics,Printer,6.0,45049.48,5555.77,Consumer
ORD10965,2025-08-22,South,Furniture,Chair,8.0,2748.75,5534.06,Consumer
ORD10966,2025-08-23,South,Electronics,Keyboard,2.0,36305.34,9785.42,Consumer
ORD10967,2025-08-24,South,Electronics,Monitor,3.0,1361.45,4735.12,Corporate
ORD10968,2025-08-25,West,Furniture,Desk,6.0,8892.86,2378.19,Corporate
ORD10969,2025-08-26,North,Electronics,Monitor,4.0,49381.77,11564.47,Consumer
ORD10970,2025-08-27,North,Office Supplies,Monitor,2.0,18172.07,-1110.14,Consumer
ORD10971,2025-08-28,North,Electronics,Desk,7.0,41060.87,-533.79,Corporate
ORD10972,2025-08-29,West,Electronics,Monitor,4.0,18929.12,-3558.92,Consumer
ORD10973,2025-08-30,North,Office Supplies,Desk,8.0,42033.42,11580.39,Consumer
ORD10974,2025-08-31,West,Furniture,Desk,8.0,48278.89,7008.12,Consumer
ORD10975,2025-09-01,South,Electronics,Keyboard,7.0,21889.7,-4794.35,Consumer
ORD10976,2025-09-02,East,Furniture,Keyboard,9.0,28055.59,6973.34,Corporate
ORD10977,2025-09-03,North,Electronics,Desk,4.0,31506.25,1870.31,Home Office
ORD10978,2025-09-04,North,Electronics,Chair,7.0,46754.77,11448.34,Consumer
ORD10979,2025-09-05,South,Electronics,Printer,1.0,12985.86,-284.41,Consumer
ORD10980,2025-09-06,West,Electronics,Chair,4.0,30640.22,7074.87,Consumer
ORD10981,2025-09-07,South,Electronics,Desk,2.0,16371.07,5666.38,Consumer
ORD10982,2025-09-08,South,Electronics,Printer,9.0,11003.27,-4795.15,Corporate
ORD10983,2025-09-09,North,Electronics,Keyboard,5.0,4429.03,10048.69,Home Office
ORD10984,2025-09-10,West,Furniture,Printer,3.0,31111.4,-2626.58,Corporate
ORD10985,2025-09-11,East,Electronics,Desk,4.0,44127.86,6281.01,Home Office
ORD10986,2025-09-12,South,Furniture,Keyboard,6.0,17699.37,8184.32,Corporate
ORD10987,2025-09-13,North,Furniture,Printer,1.0,27722.89,5725.77,Consumer
ORD10988,2025-09-14,North,Furniture,Printer,7.0,32178.26,-3349.06,Home Office
ORD10989,2025-09-15,South,Electronics,Chair,8.0,20849.58,11578.05,Consumer
ORD10990,2025-09-16,West,Electronics,Printer,7.0,45186.72,-974.1,Home Office
ORD10991,2025-09-17,South,Electronics,Desk,7.0,18265.21,5673.7,Consumer
ORD10992,2025-09-18,South,Electronics,Laptop,9.0,6425.54,8552.03,Home Office
ORD10993,2025-09-19,East,Electronics,Laptop,4.0,7372.21,10967.01,Consumer
ORD10994,2025-09-20,East,Electronics,Laptop,7.0,44564.71,5268.18,Consumer
ORD10995,2025-09-21,North,Electronics,Desk,9.0,49402.8,-596.08,Consumer
ORD10996,2025-09-22,South,Electronics,Laptop,5.0,14589.1,9222.86,Home Office
ORD10997,2025-09-23,North,Electronics,Chair,2.0,7351.42,-2225.26,Consumer
ORD10998,2025-09-24,North,Electronics,Desk,5.0,24214.17,-4621.2,Consumer
ORD10999,2025-09-25,North,Electronics,Keyboard,4.0,35534.5,10438.53,Home Office
ORD11000,2025-09-26,North,Furniture,Desk,8.0,30697.66,4781.61,Corporate
ORD11001,2025-09-27,South,Office Supplies,Desk,5.0,47565.19,-3816.09,Corporate
ORD11002,2025-09-28,North,Electronics,Printer,9.0,40925.34,4855.4,Corporate
ORD11003,2025-09-29,South,Office Supplies,Printer,9.0,43474.81,-2534.76,Consumer
ORD11004,2025-09-30,South,Office Supplies,Printer,3.0,27175.02,-4466.44,Corporate
ORD11005,2025-10-01,West,Electronics,Monitor,6.0,16498.3,-3019.09,Consumer
ORD11006,2025-10-02,South,Electronics,Chair,6.0,35146.45,8176.83,Home Office
ORD11007,2025-10-03,East,Electronics,Desk,4.0,22064.84,7846.24,Home Office
ORD11008,2025-10-04,South,Office Supplies,Desk,3.0,14530.16,5273.41,Consumer
ORD11009,2025-10-05,South,Electronics,Printer,5.0,7783.08,-1441.42,Consumer
ORD11010,2025-10-06,South,Electronics,Desk,7.0,26488.14,7562.44,Consumer
ORD11011,2025-10-07,North,Electronics,Keyboard,5.0,29793.83,1936.77,Consumer
ORD11012,2025-10-08,East,Electronics,Desk,7.0,28525.53,3682.81,Home Office
ORD11013,2025-10-09,East,Electronics,Laptop,1.0,6004.11,10259.89,Consumer
ORD11014,2025-10-10,North,Electronics,Keyboard,8.0,28585.37,2783.58,Consumer
ORD11015,2025-10-11,West,Electronics,Keyboard,3.0,8587.02,5648.22,Corporate
ORD11016,2025-10-12,South,Electronics,Desk,7.0,33252.97,11349.78,Consumer
ORD11017,2025-10-13,South,Furniture,Monitor,3.0,21583.32,2673.63,Consumer
ORD11018,2025-10-14,West,Electronics,Printer,3.0,42469.67,4532.37,Consumer
ORD11019,2025-10-15,West,Electronics,Chair,9.0,38957.63,4935.05,Corporate
ORD11020,2025-10-16,East,Office Supplies,Chair,2.0,36274.23,-907.9,Consumer
ORD11021,2025-10-17,West,Electronics,Laptop,4.0,35096.71,7527.68,Consumer
ORD11022,2025-10-18,South,Office Supplies,Chair,6.0,28112.3,7352.83,Corporate
ORD11023,2025-10-19,South,Office Supplies,Chair,3.0,3243.46,-1369.54,Consumer
ORD11024,2025-10-20,North,Electronics,Printer,7.0,32843.38,-4773.25,Consumer
ORD11025,2025-10-21,South,Electronics,Printer,7.0,23452.72,11982.01,Corporate
ORD11026,2025-10-22,South,Office Supplies,Monitor,5.0,23583.82,4886.99,Consumer
ORD11027,2025-10-23,East,Electronics,Laptop,3.0,19075.31,-1922.46,Consumer
ORD11028,2025-10-24,South,Electronics,Chair,2.0,46467.73,-179.39,Consumer
ORD11029,2025-10-25,North,Office Supplies,Monitor,4.0,12622.67,5502.46,Consumer
ORD11030,2025-10-26,South,Electronics,Laptop,4.0,15966.4,-2660.54,Consumer
ORD11031,2025-10-27,East,Office Supplies,Keyboard,8.0,48159.43,-4366.23,Consumer
ORD11032,2025-10-28,South,Electronics,Chair,8.0,40545.66,8574.16,Home Office
ORD11033,2025-10-29,East,Office Supplies,Chair,5.0,901.5,7169.39,Home Office
ORD11034,2025-10-30,North,Electronics,Printer,6.0,45324.16,263.23,Consumer
ORD11035,2025-10-31,West,Electronics,Desk,8.0,11487.04,-4005.65,Consumer
ORD11036,2025-11-01,North,Electronics,Laptop,1.0,35355.44,3266.61,Consumer
ORD11037,2025-11-02,South,Electronics,Chair,5.0,27743.04,-304.83,Consumer
ORD11038,2025-11-03,South,Furniture,Laptop,4.0,24573.82,1762.25,Home Office
ORD11039,2025-11-04,South,Electronics,Monitor,4.0,35952.48,-342.52,Consumer
ORD11040,2025-11-05,West,Electronics,Monitor,2.0,10517.64,-2020.45,Consumer
ORD11041,2025-11-06,East,Electronics,Desk,1.0,8119.45,1578.83,Consumer
ORD11042,2025-11-07,West,Office Supplies,Chair,6.0,32665.25,11403.2,Consumer
ORD11043,2025-11-08,North,Electronics,Printer,7.0,14670.85,-474.13,Consumer
ORD11044,2025-11-09,West,Electronics,Chair,5.0,48702.72,711.43,Consumer
ORD11045,2025-11-10,North,Electronics,Laptop,8.0,22685.29,597.11,Home Office
ORD11046,2025-11-11,West,Electronics,Keyboard,9.0,5757.53,3164.91,Consumer
ORD11047,2025-11-12,North,Office Supplies,Monitor,2.0,34353.6,9339.59,Consumer
ORD11048,2025-11-13,South,Office Supplies,Laptop,4.0,15446.73,1836.08,Home Office
ORD11049,2025-11-14,South,Electronics,Desk,9.0,7599.65,8704.52,Consumer
ORD11050,2025-11-15,South,Furniture,Monitor,5.0,21256.6,-3044.79,Consumer
ORD11051,2025-11-16,North,Office Supplies,Printer,3.0,48218.27,10213.42,Home Office
ORD11052,2025-11-17,South,Electronics,Monitor,6.0,20689.24,-1849.83,Consumer
ORD11053,2025-11-18,East,Office Supplies,Keyboard,3.0,17497.22,-4333.57,Home Office
ORD11054,2025-11-19,West,Electronics,Chair,5.0,22336.55,-2307.97,Corporate
ORD11055,2025-11-20,North,Furniture,Keyboard,3.0,24573.82,-1757.25,Consumer
ORD11056,2025-11-21,East,Electronics,Keyboard,6.0,6828.46,3644.57,Home Office
ORD11057,2025-11-22,East,Electronics,Chair,5.0,42513.8,2648.95,Corporate
ORD11058,2025-11-23,North,Electronics,Monitor,9.0,48906.11,7169.87,Consumer
ORD11059,2025-11-24,South,Furniture,Desk,3.0,8065.49,-4133.83,Consumer
ORD11060,2025-11-25,South,Electronics,Chair,6.0,26868.79,3461.01,Consumer
ORD11061,2025-11-26,South,Electronics,Chair,8.0,48323.41,652.01,Corporate
ORD11062,2025-11-27,North,Electronics,Printer,7.0,7997.75,5722.01,Consumer
ORD11063,2025-11-28,South,Office Supplies,Monitor,6.0,9478.22,-4257.1,Consumer
ORD11064,2025-11-29,West,Electronics,Chair,2.0,46355.45,-4406.11,Consumer
ORD11065,2025-11-30,South,Office Supplies,Desk,7.0,35343.24,2263.28,Consumer
ORD11066,2025-12-01,North,Electronics,Laptop,8.0,7767.94,8792.77,Consumer
ORD11067,2025-12-02,South,Office Supplies,Monitor,1.0,19795.94,6408.6,Consumer
ORD11068,2025-12-03,West,Electronics,Printer,9.0,3002.24,-4716.0,Consumer
ORD11069,2025-12-04,North,Office Supplies,Keyboard,4.0,21747.04,-1965.97,Consumer
ORD11070,2025-12-05,North,Electronics,Chair,8.0,38939.49,-1145.57,Consumer
ORD11071,2025-12-06,North,Electronics,Desk,7.0,27787.81,2192.0,Corporate
ORD11072,2025-12-07,North,Electronics,Monitor,7.0,32442.62,4974.17,Home Office
ORD11073,2025-12-08,North,Electronics,Desk,2.0,16475.64,-1320.18,Home Office
ORD11074,2025-12-09,North,Electronics,Desk,1.0,8237.52,1502.74,Home Office
ORD11075,2025-12-10,South,Electronics,Keyboard,4.0,853.21,4927.04,Consumer
ORD11076,2025-12-11,East,Electronics,Printer,2.0,41101.35,1518.4,Consumer
ORD11077,2025-12-12,South,Office Supplies,Monitor,8.0,31905.4,-2566.12,Home Office
ORD11078,2025-12-13,North,Office Supplies,Chair,7.0,11620.2,3358.24,Consumer
ORD11079,2025-12-14,North,Office Supplies,Printer,8.0,21038.01,507.9,Home Office
ORD11080,2025-12-15,South,Electronics,Chair,6.0,40111.87,9691.2,Consumer
ORD11081,2025-12-16,West,Office Supplies,Laptop,1.0,27027.27,8185.62,Home Office
ORD11082,2025-12-17,West,Electronics,Desk,9.0,15147.96,-1765.32,Home Office
ORD11083,2025-12-18,South,Electronics,Laptop,6.0,13505.79,-2405.19,Consumer
ORD11084,2025-12-19,South,Electronics,Desk,1.0,11037.18,910.5,Consumer
ORD11085,2025-12-20,North,Electronics,Keyboard,1.0,41221.75,2006.97,Consumer
ORD11086,2025-12-21,East,Electronics,Printer,8.0,29176.65,10844.31,Consumer
ORD11087,2025-12-22,North,Electronics,Chair,6.0,35516.03,127.55,Home Office
ORD11088,2025-12-23,South,Electronics,Keyboard,8.0,43034.0,9748.93,Corporate
ORD11089,2025-12-24,West,Electronics,Chair,8.0,49345.71,3590.26,Consumer
ORD11090,2025-12-25,East,Office Supplies,Printer,8.0,12624.28,10055.6,Consumer
ORD11091,2025-12-26,East,Office Supplies,Monitor,7.0,9208.94,6933.21,Consumer
ORD11092,2025-12-27,North,Electronics,Laptop,7.0,23207.52,7042.61,Consumer
ORD11093,2025-12-28,South,Furniture,Laptop,4.0,1946.55,3819.56,Consumer
ORD11094,2025-12-29,West,Furniture,Chair,9.0,39627.55,9285.17,Consumer
ORD11095,2025-12-30,North,Office Supplies,Chair,2.0,44211.25,-674.78,Home Office
ORD11096,2025-12-31,East,Furniture,Chair,9.0,34364.78,10424.97,Home Office
ORD11097,2026-01-01,North,Office Supplies,Printer,3.0,13546.15,5825.19,Consumer
ORD11098,2026-01-02,North,Electronics,Monitor,2.0,6333.14,2458.05,Consumer
ORD11099,2026-01-03,South,Electronics,Laptop,4.0,19230.78,11697.23,Corporate
ORD11100,2026-01-04,West,Electronics,Keyboard,5.0,41700.11,9654.24,Consumer
ORD11101,2026-01-05,South,Electronics,Desk,2.0,17521.82,8124.36,Consumer
ORD11102,2026-01-06,East,Office Supplies,Printer,1.0,1905.88,-343.66,Consumer
ORD11103,2026-01-07,North,Office Supplies,Laptop,5.0,13859.16,11553.59,Consumer
ORD11104,2026-01-08,North,Electronics,Monitor,9.0,49499.29,7630.79,Corporate
ORD11105,2026-01-09,North,Office Supplies,Printer,5.0,33898.1,5288.69,Corporate
ORD11106,2026-01-10,East,Furniture,Keyboard,9.0,45062.57,10670.59,Corporate
ORD11107,2026-01-11,East,Furniture,Laptop,6.0,38788.29,-2242.91,Consumer
ORD11108,2026-01-12,South,Office Supplies,Printer,3.0,27077.33,-2636.73,Consumer
ORD11109,2026-01-13,South,Office Supplies,Laptop,4.0,7604.71,4583.13,Consumer
ORD11110,2026-01-14,South,Furniture,Laptop,4.0,17562.5,-4035.87,Consumer
ORD11111,2026-01-15,West,Office Supplies,Monitor,1.0,29270.26,6287.78,Home Office
ORD11112,2026-01-16,North,Office Supplies,Desk,3.0,43557.49,-907.4,Home Office
ORD11113,2026-01-17,North,Electronics,Monitor,3.0,13580.02,-2976.55,Corporate
ORD11114,2026-01-18,South,Electronics,Laptop,1.0,6237.1,1961.43,Consumer
ORD11115,2026-01-19,North,Furniture,Printer,9.0,28029.85,2921.14,Home Office
ORD11116,2026-01-20,South,Electronics,Keyboard,1.0,8989.76,-2101.76,Consumer
ORD11117,2026-01-21,South,Electronics,Monitor,9.0,30596.02,-4293.9,Consumer
ORD11118,2026-01-22,East,Office Supplies,Desk,1.0,13323.37,2038.95,Consumer
ORD11119,2026-01-23,North,Office Supplies,Laptop,2.0,11701.96,7911.95,Consumer
ORD11120,2026-01-24,South,Electronics,Keyboard,2.0,20079.2,9861.4,Consumer
ORD11121,2026-01-25,North,Office Supplies,Monitor,6.0,29740.95,-3341.68,Home Office
ORD11122,2026-01-26,North,Electronics,Monitor,7.0,24573.82,3919.48,Consumer
ORD11123,2026-01-27,North,Electronics,Monitor,1.0,12387.78,-522.15,Consumer
ORD11124,2026-01-28,North,Electronics,Monitor,3.0,44577.61,1368.78,Consumer
ORD11125,2026-01-29,North,Electronics,Keyboard,2.0,5672.12,10868.51,Consumer
ORD11126,2026-01-30,South,Furniture,Printer,8.0,2165.48,985.27,Home Office
ORD11127,2026-01-31,South,Electronics,Desk,9.0,30214.77,1210.88,Corporate
ORD11128,2026-02-01,North,Office Supplies,Desk,2.0,6345.68,-1440.27,Corporate
ORD11129,2026-02-02,East,Office Supplies,Laptop,2.0,25343.56,11320.31,Consumer
ORD11130,2026-02-03,East,Electronics,Chair,9.0,47598.31,2760.29,Home Office
ORD11131,2026-02-04,South,Electronics,Printer,4.0,34989.3,4696.67,Consumer
ORD11132,2026-02-05,South,Electronics,Laptop,5.0,24573.82,2703.86,Consumer
ORD11133,2026-02-06,East,Electronics,Laptop,9.0,28825.3,-700.38,Consumer
ORD11134,2026-02-07,East,Electronics,Monitor,6.0,9141.05,8777.01,Consumer
ORD11135,2026-02-08,South,Electronics,Chair,9.0,21745.86,-4515.99,Consumer
ORD11136,2026-02-09,West,Electronics,Chair,9.0,17257.67,6734.14,Consumer
ORD11137,2026-02-10,North,Electronics,Printer,7.0,47663.1,5102.64,Home Office
ORD11138,2026-02-11,North,Electronics,Chair,9.0,12267.55,-2547.23,Consumer
ORD11139,2026-02-12,West,Electronics,Laptop,5.0,23681.52,-2179.61,Home Office
ORD11140,2026-02-13,South,Office Supplies,Chair,5.0,46916.35,6206.83,Home Office
ORD11141,2026-02-14,East,Electronics,Chair,8.0,39501.2,306.36,Consumer
ORD11142,2026-02-15,West,Furniture,Desk,4.0,48232.86,-482.45,Home Office
ORD11143,2026-02-16,North,Office Supplies,Laptop,9.0,30494.85,-3994.35,Home Office
ORD11144,2026-02-17,South,Electronics,Keyboard,7.0,16822.59,8030.21,Consumer
ORD11145,2026-02-18,North,Electronics,Chair,7.0,41367.16,10005.42,Corporate
ORD11146,2026-02-19,North,Electronics,Chair,3.0,14714.52,8937.35,Consumer
ORD11147,2026-02-20,North,Furniture,Monitor,4.0,8405.69,2922.58,Consumer
ORD11148,2026-02-21,North,Electronics,Chair,7.0,35373.18,4077.26,Corporate
ORD11149,2026-02-22,East,Office Supplies,Chair,5.0,32019.99,-881.3,Consumer
ORD11150,2026-02-23,North,Electronics,Desk,3.0,43971.66,-2061.47,Home Office
ORD11151,2026-02-24,South,Furniture,Laptop,1.0,48103.85,8991.02,Corporate
ORD11152,2026-02-25,North,Electronics,Printer,7.0,42888.44,8571.85,Consumer
ORD11153,2026-02-26,South,Electronics,Laptop,6.0,3189.09,8215.12,Consumer
ORD11154,2026-02-27,South,Office Supplies,Monitor,7.0,33292.77,2877.11,Consumer
ORD11155,2026-02-28,South,Electronics,Laptop,2.0,39279.67,9696.63,Consumer
ORD11156,2026-03-01,North,Electronics,Chair,4.0,49100.05,10745.95,Consumer
ORD11157,2026-03-02,East,Office Supplies,Monitor,2.0,18858.13,581.85,Corporate
ORD11158,2026-03-03,South,Electronics,Laptop,8.0,8660.1,-1180.19,Home Office
ORD11159,2026-03-04,North,Electronics,Monitor,7.0,42676.07,2892.47,Consumer
ORD11160,2026-03-05,South,Office Supplies,Printer,1.0,16009.84,-1951.45,Corporate
ORD11161,2026-03-06,South,Electronics,Laptop,2.0,29990.45,10028.05,Corporate
ORD11162,2026-03-07,North,Electronics,Keyboard,2.0,19616.76,745.84,Corporate
ORD11163,2026-03-08,West,Electronics,Chair,4.0,20235.85,4794.92,Consumer
ORD11164,2026-03-09,North,Electronics,Monitor,3.0,36676.73,5110.23,Consumer
ORD11165,2026-03-10,West,Office Supplies,Keyboard,1.0,18201.46,3754.79,Consumer
ORD11166,2026-03-11,North,Furniture,Keyboard,2.0,34715.14,-2339.06,Consumer
ORD11167,2026-03-12,North,Office Supplies,Desk,9.0,913.56,11847.01,Corporate
ORD11168,2026-03-13,North,Electronics,Monitor,1.0,24573.82,-2065.75,Consumer
ORD11169,2026-03-14,West,Electronics,Keyboard,9.0,16088.39,7775.63,Consumer
ORD11170,2026-03-15,West,Furniture,Desk,7.0,37492.0,8453.17,Consumer
ORD11171,2026-03-16,North,Electronics,Keyboard,2.0,15864.94,-2532.22,Corporate
ORD11172,2026-03-17,South,Furniture,Chair,2.0,31739.69,10863.78,Home Office
ORD11173,2026-03-18,East,Electronics,Printer,5.0,34488.52,3291.9,Consumer
ORD11174,2026-03-19,East,Furniture,Desk,5.0,32989.59,5691.01,Corporate
ORD11175,2026-03-20,East,Electronics,Printer,4.0,30244.03,5917.16,Corporate
ORD11176,2026-03-21,West,Electronics,Monitor,3.0,20798.12,3584.24,Consumer
ORD11177,2026-03-22,West,Furniture,Chair,4.0,18790.59,-2585.63,Consumer
ORD11178,2026-03-23,South,Furniture,Desk,4.0,28316.29,7779.81,Corporate
ORD11179,2026-03-24,North,Electronics,Monitor,2.0,3372.41,4890.36,Home Office
ORD11180,2026-03-25,East,Electronics,Keyboard,5.0,24573.82,-2982.43,Consumer
ORD11181,2026-03-26,North,Furniture,Laptop,5.0,41300.69,6905.47,Home Office
ORD11182,2026-03-27,West,Office Supplies,Monitor,5.0,17449.96,6946.98,Corporate
ORD11183,2026-03-28,East,Electronics,Printer,5.0,28427.59,4324.27,Corporate
ORD11184,2026-03-29,South,Electronics,Chair,6.0,46624.94,-3460.67,Consumer
ORD11185,2026-03-30,South,Electronics,Chair,2.0,13727.51,994.95,Home Office
ORD11186,2026-03-31,South,Electronics,Monitor,7.0,37174.27,-4134.29,Consumer
ORD11187,2026-04-01,South,Electronics,Keyboard,4.0,24573.82,3119.13,Home Office
ORD11188,2026-04-02,South,Electronics,Laptop,5.0,26263.93,10409.6,Consumer
ORD11189,2026-04-03,South,Furniture,Printer,5.0,44221.66,-4961.7,Consumer
ORD11190,2026-04-04,East,Electronics,Monitor,5.0,27675.12,-467.14,Home Office
ORD11191,2026-04-05,West,Electronics,Monitor,2.0,30889.39,8597.6,Consumer
ORD11192,2026-04-06,South,Electronics,Chair,5.0,45400.44,-4832.37,Consumer
ORD11193,2026-04-07,North,Office Supplies,Printer,3.0,35824.96,-4827.05,Corporate
ORD11194,2026-04-08,South,Furniture,Laptop,4.0,34854.31,5383.92,Consumer
ORD11195,2026-04-09,South,Electronics,Chair,2.0,29401.92,8416.4,Consumer
ORD11196,2026-04-10,North,Electronics,Monitor,4.0,31722.83,8200.59,Home Office
ORD11197,2026-04-11,North,Furniture,Chair,9.0,40224.53,8252.83,Consumer
ORD11198,2026-04-12,West,Electronics,Chair,8.0,48965.81,1137.11,Consumer
ORD11199,2026-04-13,East,Electronics,Desk,3.0,39807.2,10006.31,Corporate
ORD11200,2026-04-14,West,Office Supplies,Chair,1.0,35435.33,-4781.79,Consumer
ORD11201,2026-04-15,West,Electronics,Keyboard,1.0,6950.14,307.21,Consumer
ORD11202,2026-04-16,West,Office Supplies,Chair,6.0,40890.6,732.19,Consumer
ORD11203,2026-04-17,West,Electronics,Keyboard,3.0,36852.52,-2185.29,Corporate
ORD11204,2026-04-18,North,Furniture,Printer,4.0,38567.52,715.84,Home Office
ORD11205,2026-04-19,North,Electronics,Chair,5.0,11708.6,4960.03,Consumer
ORD11206,2026-04-20,South,Office Supplies,Laptop,8.0,45191.5,3844.75,Consumer
ORD11207,2026-04-21,North,Office Supplies,Keyboard,1.0,5044.61,430.27,Consumer
ORD11208,2026-04-22,West,Office Supplies,Keyboard,5.0,12829.88,7738.57,Consumer
ORD11209,2026-04-23,South,Electronics,Monitor,6.0,33218.57,7151.44,Consumer
ORD11210,2026-04-24,North,Furniture,Printer,2.0,33750.98,-228.16,Consumer
ORD11211,2026-04-25,South,Electronics,Chair,7.0,15803.56,494.88,Consumer
ORD11212,2026-04-26,East,Electronics,Laptop,7.0,35135.68,-112.16,Consumer
ORD11213,2026-04-27,North,Electronics,Monitor,1.0,19518.94,-2809.53,Consumer
ORD11214,2026-04-28,South,Office Supplies,Printer,4.0,208.74,7797.29,Consumer
ORD11215,2026-04-29,North,Office Supplies,Keyboard,4.0,8297.79,-4213.3,Corporate
ORD11216,2026-04-30,South,Office Supplies,Laptop,5.0,44154.39,-2440.13,Corporate
ORD11217,2026-05-01,East,Electronics,Chair,1.0,11290.16,-3209.82,Consumer
ORD11218,2026-05-02,North,Electronics,Desk,1.0,5822.93,9030.76,Home Office
ORD11219,2026-05-03,South,Electronics,Desk,7.0,34173.59,-4251.86,Consumer
ORD11220,2026-05-04,North,Furniture,Printer,9.0,22147.18,6298.66,Consumer
ORD11221,2026-05-05,North,Electronics,Laptop,1.0,39870.23,-4243.93,Consumer
ORD11222,2026-05-06,South,Electronics,Monitor,2.0,43099.96,8369.54,Consumer
ORD11223,2026-05-07,South,Office Supplies,Laptop,6.0,42330.25,10516.14,Corporate
ORD11224,2026-05-08,West,Furniture,Keyboard,6.0,15787.86,3276.33,Home Office
ORD11225,2026-05-09,South,Electronics,Desk,2.0,25376.19,8677.21,Consumer
ORD11226,2026-05-10,North,Electronics,Printer,9.0,32577.06,7008.98,Home Office
ORD11227,2026-05-11,North,Electronics,Chair,4.0,16234.76,8525.8,Corporate
ORD11228,2026-05-12,South,Furniture,Laptop,7.0,2246.75,8035.18,Consumer
ORD11229,2026-05-13,East,Furniture,Desk,6.0,24884.09,-1508.75,Consumer
ORD11230,2026-05-14,North,Electronics,Monitor,3.0,838.35,3492.5,Consumer
ORD11231,2026-05-15,North,Electronics,Printer,8.0,47542.15,11327.04,Corporate
ORD11232,2026-05-16,North,Electronics,Chair,7.0,39874.85,840.06,Consumer
ORD11233,2026-05-17,North,Furniture,Laptop,9.0,9762.09,11498.28,Consumer
ORD11234,2026-05-18,South,Furniture,Monitor,3.0,14521.07,4913.75,Consumer
ORD11235,2026-05-19,West,Furniture,Chair,1.0,49145.36,2847.39,Home Office
ORD11236,2026-05-20,North,Electronics,Keyboard,2.0,18802.72,6181.88,Consumer
ORD11237,2026-05-21,North,Electronics,Desk,1.0,39229.37,8869.27,Corporate
ORD11238,2026-05-22,South,Office Supplies,Keyboard,5.0,22451.41,1701.54,Home Office
ORD11239,2026-05-23,North,Electronics,Desk,2.0,43231.98,-4439.78,Consumer
ORD11240,2026-05-24,East,Furniture,Monitor,3.0,35246.92,7049.71,Consumer
ORD11241,2026-05-25,West,Electronics,Keyboard,8.0,1340.92,11254.84,Consumer
ORD11242,2026-05-26,North,Electronics,Desk,5.0,14860.62,5624.77,Home Office
ORD11243,2026-05-27,South,Furniture,Printer,5.0,27988.02,-1796.95,Corporate
ORD11244,2026-05-28,East,Electronics,Monitor,5.0,46323.47,-779.88,Corporate
ORD11245,2026-05-29,South,Furniture,Desk,6.0,5281.09,10465.76,Consumer
ORD11246,2026-05-30,South,Electronics,Laptop,7.0,30137.89,-4769.44,Home Office
ORD11247,2026-05-31,South,Electronics,Desk,9.0,15248.4,4328.69,Consumer
ORD11248,2026-06-01,East,Office Supplies,Keyboard,1.0,44488.52,-2302.48,Consumer
ORD11249,2026-06-02,South,Electronics,Printer,4.0,38305.45,-193.0,Corporate
ORD11250,2026-06-03,East,Electronics,Chair,9.0,18611.2,218.69,Home Office
ORD11251,2026-06-04,North,Electronics,Chair,5.0,8521.74,-1272.19,Consumer
ORD11252,2026-06-05,East,Electronics,Desk,8.0,772.6,8469.99,Consumer
ORD11253,2026-06-06,East,Electronics,Chair,1.0,31132.5,647.56,Corporate
ORD11254,2026-06-07,West,Office Supplies,Desk,4.0,20424.97,873.24,Home Office
ORD11255,2026-06-08,East,Electronics,Printer,9.0,15874.87,2701.12,Consumer
ORD11256,2026-06-09,East,Furniture,Chair,1.0,49278.01,10339.02,Corporate
ORD11257,2026-06-10,South,Electronics,Keyboard,1.0,23413.88,6698.94,Consumer
ORD11258,2026-06-11,North,Electronics,Keyboard,4.0,37542.0,-3950.26,Corporate
ORD11259,2026-06-12,West,Electronics,Laptop,3.0,9035.14,-4332.55,Consumer
ORD11260,2026-06-13,South,Furniture,Desk,7.0,870.07,4628.62,Consumer
ORD11261,2026-06-14,North,Office Supplies,Chair,3.0,20994.62,10080.03,Consumer
ORD11262,2026-06-15,North,Office Supplies,Keyboard,1.0,33350.11,495.28,Home Office
ORD11263,2026-06-16,North,Furniture,Printer,2.0,25428.62,-787.88,Consumer
ORD11264,2026-06-17,North,Electronics,Printer,4.0,44545.22,7719.25,Home Office
ORD11265,2026-06-18,East,Electronics,Laptop,1.0,21812.17,5235.55,Consumer
ORD11266,2026-06-19,South,Furniture,Printer,1.0,15687.94,4605.46,Consumer
ORD11267,2026-06-20,South,Electronics,Printer,8.0,45819.22,-2461.88,Home Office
ORD11268,2026-06-21,West,Electronics,Chair,7.0,20458.75,-2008.66,Corporate
ORD11269,2026-06-22,South,Office Supplies,Desk,8.0,13628.46,-209.61,Home Office
ORD11270,2026-06-23,North,Furniture,Monitor,4.0,5063.52,-1483.74,Home Office
ORD11271,2026-06-24,North,Office Supplies,Printer,6.0,39706.83,11514.56,Corporate
ORD11272,2026-06-25,North,Electronics,Printer,3.0,41289.55,-4683.61,Home Office
ORD11273,2026-06-26,West,Office Supplies,Monitor,8.0,1858.23,5642.96,Corporate
ORD11274,2026-06-27,North,Furniture,Printer,4.0,18060.55,3799.18,Consumer
ORD11275,2026-06-28,North,Electronics,Chair,3.0,37543.85,495.27,Consumer
ORD11276,2026-06-29,North,Electronics,Chair,4.0,47329.82,10089.01,Consumer
ORD11277,2026-06-30,South,Furniture,Monitor,6.0,19015.35,6392.76,Home Office
ORD11278,2026-07-01,South,Electronics,Keyboard,7.0,43628.26,11972.02,Corporate
ORD11279,2026-07-02,West,Furniture,Printer,7.0,19807.28,-2132.85,Consumer
ORD11280,2026-07-03,North,Electronics,Keyboard,4.0,9138.83,-3506.25,Home Office
ORD11281,2026-07-04,North,Furniture,Printer,8.0,371.62,-2630.25,Consumer
ORD11282,2026-07-05,North,Electronics,Desk,7.0,16643.01,-422.05,Consumer
ORD11283,2026-07-06,North,Electronics,Printer,2.0,19048.06,2085.38,Home Office
ORD11284,2026-07-07,South,Electronics,Chair,8.0,47266.85,9664.26,Corporate
ORD11285,2026-07-08,East,Office Supplies,Laptop,9.0,10462.3,-178.94,Consumer
ORD11286,2026-07-09,East,Electronics,Laptop,5.0,19235.09,10559.14,Home Office
ORD11287,2026-07-10,East,Electronics,Laptop,4.0,1452.68,2869.43,Consumer
ORD11288,2026-07-11,South,Office Supplies,Laptop,4.0,38224.28,6000.19,Consumer
ORD11289,2026-07-12,South,Electronics,Keyboard,4.0,45774.03,-505.07,Corporate
ORD11290,2026-07-13,North,Electronics,Keyboard,6.0,12043.47,-2347.77,Home Office
ORD11291,2026-07-14,North,Furniture,Printer,4.0,21563.96,9780.77,Consumer
ORD11292,2026-07-15,North,Electronics,Keyboard,7.0,6281.21,-3138.39,Consumer
ORD11293,2026-07-16,North,Electronics,Printer,7.0,22950.4,8158.36,Consumer
ORD11294,2026-07-17,South,Electronics,Desk,5.0,6840.45,4876.73,Home Office
ORD11295,2026-07-18,East,Furniture,Printer,5.0,26262.76,9639.34,Consumer
ORD11296,2026-07-19,South,Electronics,Laptop,8.0,36784.18,7202.91,Consumer
ORD11297,2026-07-20,North,Office Supplies,Monitor,7.0,27756.47,-211.71,Consumer
ORD11298,2026-07-21,South,Furniture,Monitor,7.0,12411.94,4765.27,Consumer
ORD11299,2026-07-22,East,Office Supplies,Chair,6.0,17819.04,-4777.75,Consumer
ORD11300,2026-07-23,South,Furniture,Chair,7.0,32000.92,3078.71,Consumer
ORD11301,2026-07-24,South,Electronics,Printer,7.0,29569.82,-3537.77,Consumer
ORD11302,2026-07-25,South,Office Supplies,Monitor,2.0,7011.38,2292.06,Consumer
ORD11303,2026-07-26,West,Office Supplies,Laptop,2.0,42278.48,-3136.6,Consumer
ORD11304,2026-07-27,North,Office Supplies,Keyboard,7.0,23864.41,11243.16,Consumer
ORD11305,2026-07-28,South,Furniture,Laptop,7.0,8285.99,3892.16,Home Office
ORD11306,2026-07-29,South,Electronics,Laptop,7.0,6316.76,10524.71,Consumer
ORD11307,2026-07-30,South,Electronics,Printer,5.0,48284.48,-4619.77,Consumer
ORD11308,2026-07-31,East,Office Supplies,Printer,1.0,14220.45,5840.11,Home Office
ORD11309,2026-08-01,West,Electronics,Desk,2.0,45447.96,218.23,Consumer
ORD11310,2026-08-02,North,Electronics,Laptop,9.0,20647.15,2341.09,Consumer
ORD11311,2026-08-03,North,Electronics,Laptop,8.0,19418.89,9842.49,Consumer
ORD11312,2026-08-04,East,Office Supplies,Printer,8.0,35106.26,11660.36,Consumer
ORD11313,2026-08-05,South,Office Supplies,Printer,1.0,692.19,-809.64,Consumer
ORD11314,2026-08-06,South,Furniture,Desk,6.0,17036.86,11120.31,Home Office
ORD11315,2026-08-07,East,Electronics,Desk,9.0,15271.76,6708.36,Consumer
ORD11316,2026-08-08,South,Electronics,Chair,8.0,43431.29,11174.04,Consumer
ORD11317,2026-08-09,South,Office Supplies,Monitor,3.0,26550.35,4560.24,Home Office
ORD11318,2026-08-10,West,Electronics,Laptop,4.0,18355.59,11332.86,Consumer
ORD11319,2026-08-11,North,Office Supplies,Laptop,3.0,13450.75,10171.74,Home Office
ORD11320,2026-08-12,West,Electronics,Desk,6.0,29607.39,-2813.94,Home Office
ORD11321,2026-08-13,South,Electronics,Desk,9.0,7753.32,283.43,Home Office
ORD11322,2026-08-14,North,Office Supplies,Chair,8.0,12461.0,-867.93,Consumer
ORD11323,2026-08-15,North,Electronics,Monitor,4.0,14821.89,4725.69,Corporate
ORD11324,2026-08-16,North,Electronics,Chair,2.0,30473.87,8647.59,Home Office
ORD11325,2026-08-17,East,Electronics,Monitor,8.0,18788.1,7909.99,Corporate
ORD11326,2026-08-18,North,Electronics,Keyboard,8.0,25388.01,7354.74,Consumer
ORD11327,2026-08-19,North,Electronics,Laptop,6.0,32591.83,1379.5,Consumer
ORD11328,2026-08-20,South,Furniture,Chair,8.0,47822.33,-2626.17,Consumer
ORD11329,2026-08-21,North,Electronics,Desk,9.0,38288.9,-1420.08,Consumer
ORD11330,2026-08-22,North,Electronics,Chair,1.0,20381.79,7608.52,Consumer
ORD11331,2026-08-23,East,Electronics,Keyboard,9.0,37464.11,-2491.92,Corporate
ORD11332,2026-08-24,East,Electronics,Chair,2.0,47494.77,-1209.91,Consumer
ORD11333,2026-08-25,North,Electronics,Laptop,1.0,25069.15,2217.4,Corporate
ORD11334,2026-08-26,West,Furniture,Keyboard,8.0,20642.75,-3774.09,Consumer
ORD11335,2026-08-27,South,Office Supplies,Desk,8.0,4085.33,-1384.23,Home Office
ORD11336,2026-08-28,East,Electronics,Desk,4.0,44640.04,-2453.94,Consumer
ORD11337,2026-08-29,South,Electronics,Printer,8.0,12472.43,11172.47,Consumer
ORD11338,2026-08-30,South,Furniture,Keyboard,7.0,3385.1,-1744.06,Consumer
ORD11339,2026-08-31,East,Electronics,Printer,2.0,26952.73,9650.09,Consumer
ORD11340,2026-09-01,West,Electronics,Printer,5.0,42325.8,-3048.43,Consumer
ORD11341,2026-09-02,West,Electronics,Laptop,4.0,20450.43,9784.44,Home Office
ORD11342,2026-09-03,North,Electronics,Chair,3.0,39196.76,5190.37,Home Office
ORD11343,2026-09-04,South,Furniture,Desk,1.0,41852.52,9445.0,Corporate
ORD11344,2026-09-05,North,Electronics,Desk,5.0,22829.3,9744.93,Consumer
ORD11345,2026-09-06,South,Electronics,Chair,8.0,29629.56,5138.35,Consumer
ORD11346,2026-09-07,South,Electronics,Desk,9.0,26788.83,10600.8,Home Office
ORD11347,2026-09-08,South,Office Supplies,Chair,7.0,46971.95,4952.62,Corporate
ORD11348,2026-09-09,North,Electronics,Keyboard,1.0,36330.18,7113.61,Consumer
ORD11349,2026-09-10,North,Office Supplies,Laptop,1.0,24573.82,2073.37,Consumer
ORD11350,2026-09-11,East,Electronics,Laptop,1.0,11156.5,10539.15,Consumer
ORD11351,2026-09-12,North,Furniture,Laptop,2.0,15649.8,9010.76,Consumer
ORD11352,2026-09-13,East,Electronics,Chair,1.0,3731.49,-2165.88,Home Office
ORD11353,2026-09-14,West,Office Supplies,Chair,4.0,25095.42,4798.59,Consumer
ORD11354,2026-09-15,North,Electronics,Monitor,9.0,43721.4,10246.06,Consumer
ORD11355,2026-09-16,West,Furniture,Desk,4.0,16476.97,8482.1,Home Office
ORD11356,2026-09-17,South,Office Supplies,Desk,5.0,6588.45,11363.4,Consumer
ORD11357,2026-09-18,South,Electronics,Monitor,7.0,3608.62,-1067.87,Corporate
ORD11358,2026-09-19,North,Electronics,Monitor,9.0,22485.51,1246.81,Home Office
ORD11359,2026-09-20,North,Electronics,Laptop,7.0,8368.28,3622.26,Corporate
ORD11360,2026-09-21,West,Office Supplies,Monitor,1.0,17435.98,-1044.62,Consumer
ORD11361,2026-09-22,East,Office Supplies,Chair,1.0,41034.99,1698.77,Home Office
ORD11362,2026-09-23,South,Electronics,Printer,4.0,19325.56,4138.17,Consumer
ORD11363,2026-09-24,South,Electronics,Chair,4.0,30571.57,-1747.23,Home Office
ORD11364,2026-09-25,East,Electronics,Monitor,1.0,25207.57,-636.31,Consumer
ORD11365,2026-09-26,West,Electronics,Desk,6.0,35982.96,-2877.68,Consumer
ORD11366,2026-09-27,West,Electronics,Chair,2.0,7977.01,7127.48,Home Office
ORD11367,2026-09-28,North,Electronics,Desk,5.0,46037.96,1146.38,Consumer
ORD11368,2026-09-29,North,Furniture,Chair,8.0,32252.91,-1255.48,Home Office
ORD11369,2026-09-30,South,Office Supplies,Desk,3.0,13693.5,3624.51,Consumer
ORD11370,2026-10-01,South,Furniture,Keyboard,9.0,6338.03,-3839.76,Home Office
ORD11371,2026-10-02,North,Electronics,Chair,7.0,7656.33,10697.91,Consumer
ORD11372,2026-10-03,South,Electronics,Desk,9.0,39176.61,5.95,Consumer
ORD11373,2026-10-04,North,Electronics,Printer,1.0,29487.88,10069.89,Consumer
ORD11374,2026-10-05,West,Electronics,Laptop,5.0,19161.76,3459.54,Consumer
ORD11375,2026-10-06,East,Electronics,Chair,3.0,16778.46,9452.56,Consumer
ORD11376,2026-10-07,West,Furniture,Printer,4.0,42816.75,-799.9,Corporate
ORD11377,2026-10-08,South,Furniture,Laptop,4.0,43763.17,-2020.4,Home Office
ORD11378,2026-10-09,South,Furniture,Chair,7.0,29146.85,9440.0,Home Office
ORD11379,2026-10-10,West,Furniture,Printer,8.0,26322.29,-1380.29,Consumer
ORD11380,2026-10-11,North,Electronics,Printer,5.0,40859.11,7685.32,Corporate
ORD11381,2026-10-12,South,Furniture,Keyboard,7.0,37516.89,857.92,Consumer
ORD11382,2026-10-13,South,Electronics,Printer,3.0,20136.19,7719.29,Home Office
ORD11383,2026-10-14,East,Electronics,Keyboard,3.0,4320.39,10429.99,Consumer
ORD11384,2026-10-15,South,Furniture,Monitor,3.0,38471.31,11687.85,Consumer
ORD11385,2026-10-16,North,Electronics,Desk,4.0,8601.31,1116.76,Corporate
ORD11386,2026-10-17,South,Office Supplies,Laptop,6.0,1015.57,1247.94,Consumer
ORD11387,2026-10-18,East,Office Supplies,Desk,5.0,42196.47,11683.59,Consumer
ORD11388,2026-10-19,North,Office Supplies,Desk,8.0,28997.04,9645.98,Consumer
ORD11389,2026-10-20,South,Electronics,Keyboard,5.0,44604.97,-4233.44,Consumer
ORD11390,2026-10-21,North,Furniture,Desk,5.0,24332.49,4748.65,Home Office
ORD11391,2026-10-22,South,Electronics,Printer,2.0,46338.76,-1918.84,Consumer
ORD11392,2026-10-23,North,Electronics,Keyboard,5.0,17827.79,11898.21,Corporate
ORD11393,2026-10-24,North,Electronics,Desk,7.0,36281.2,-2638.31,Consumer
ORD11394,2026-10-25,North,Electronics,Keyboard,2.0,15189.13,4508.91,Consumer
ORD11395,2026-10-26,South,Office Supplies,Monitor,6.0,257.95,6308.37,Home Office
ORD11396,2026-10-27,South,Office Supplies,Keyboard,7.0,19111.28,10930.1,Corporate
ORD11397,2026-10-28,East,Office Supplies,Chair,5.0,36940.72,9403.39,Corporate
ORD11398,2026-10-29,South,Furniture,Printer,9.0,7671.2,-822.17,Consumer
ORD11399,2026-10-30,West,Electronics,Laptop,4.0,25339.14,4734.61,Consumer
ORD11400,2026-10-31,South,Electronics,Chair,1.0,10773.61,11210.76,Consumer
ORD11401,2026-11-01,South,Electronics,Chair,5.0,3916.28,7507.19,Corporate
ORD11402,2026-11-02,North,Electronics,Chair,8.0,30949.11,6701.72,Consumer
ORD11403,2026-11-03,North,Office Supplies,Desk,7.0,47607.99,7833.32,Corporate
ORD11404,2026-11-04,South,Electronics,Keyboard,8.0,15673.07,482.61,Home Office
ORD11405,2026-11-05,North,Office Supplies,Keyboard,2.0,29116.16,7397.29,Consumer
ORD11406,2026-11-06,East,Electronics,Desk,3.0,47689.45,-1041.47,Consumer
ORD11407,2026-11-07,South,Office Supplies,Printer,9.0,32594.07,2277.75,Consumer
ORD11408,2026-11-08,South,Electronics,Desk,1.0,33721.04,10128.79,Corporate
ORD11409,2026-11-09,North,Electronics,Desk,8.0,9110.64,-4677.49,Home Office
ORD11410,2026-11-10,South,Electronics,Desk,8.0,24731.96,2043.42,Consumer
ORD11411,2026-11-11,West,Electronics,Printer,7.0,18480.72,-464.03,Consumer
ORD11412,2026-11-12,North,Furniture,Printer,5.0,23653.65,-1623.98,Corporate
ORD11413,2026-11-13,South,Office Supplies,Monitor,4.0,40081.16,9255.78,Corporate
ORD11414,2026-11-14,South,Furniture,Monitor,6.0,23142.81,6840.48,Corporate
ORD11415,2026-11-15,North,Office Supplies,Monitor,1.0,3329.96,-3085.24,Home Office
ORD11416,2026-11-16,North,Electronics,Monitor,5.0,45295.97,3405.88,Corporate
ORD11417,2026-11-17,North,Electronics,Keyboard,4.0,27331.83,2937.4,Corporate
ORD11418,2026-11-18,South,Electronics,Chair,4.0,46239.82,-2577.03,Corporate
ORD11419,2026-11-19,South,Office Supplies,Chair,7.0,28703.25,8595.97,Consumer
ORD11420,2026-11-20,West,Electronics,Monitor,9.0,3667.89,1233.46,Corporate
ORD11421,2026-11-21,North,Electronics,Monitor,8.0,27732.9,7952.94,Home Office
ORD11422,2026-11-22,South,Electronics,Laptop,8.0,28871.8,-1734.94,Consumer
ORD11423,2026-11-23,South,Electronics,Chair,5.0,10874.13,356.25,Corporate
ORD11424,2026-11-24,North,Furniture,Laptop,6.0,23657.25,-3382.09,Consumer
ORD11425,2026-11-25,East,Electronics,Laptop,2.0,23080.19,-2560.85,Home Office
ORD11426,2026-11-26,North,Electronics,Desk,3.0,31219.23,10014.12,Consumer
ORD11427,2026-11-27,South,Electronics,Keyboard,5.0,13128.78,-3145.09,Home Office
ORD11428,2026-11-28,East,Electronics,Printer,2.0,29171.07,-3372.57,Consumer
ORD11429,2026-11-29,South,Office Supplies,Chair,3.0,12199.41,10986.41,Corporate
ORD11430,2026-11-30,West,Office Supplies,Monitor,4.0,22432.97,5980.36,Consumer
ORD11431,2026-12-01,North,Office Supplies,Monitor,6.0,6310.74,-3284.43,Consumer
ORD11432,2026-12-02,North,Electronics,Printer,5.0,2057.57,11519.18,Home Office
ORD11433,2026-12-03,North,Office Supplies,Chair,4.0,16165.25,-2499.3,Corporate
ORD11434,2026-12-04,South,Furniture,Monitor,2.0,13873.67,8027.88,Home Office
ORD11435,2026-12-05,North,Electronics,Monitor,5.0,20465.41,-4407.53,Corporate
ORD11436,2026-12-06,North,Electronics,Desk,5.0,48106.73,5617.21,Consumer
ORD11437,2026-12-07,South,Electronics,Laptop,7.0,26207.02,4293.97,Consumer
ORD11438,2026-12-08,North,Office Supplies,Monitor,1.0,27748.2,-1463.94,Consumer
ORD11439,2026-12-09,West,Electronics,Keyboard,4.0,47091.73,5933.48,Home Office
ORD11440,2026-12-10,South,Electronics,Chair,5.0,46073.13,5489.9,Corporate
ORD11441,2026-12-11,South,Furniture,Keyboard,8.0,44228.78,8571.98,Consumer
ORD11442,2026-12-12,South,Office Supplies,Printer,8.0,5080.14,9889.86,Consumer
ORD11443,2026-12-13,South,Office Supplies,Desk,1.0,31788.01,3671.78,Home Office
ORD11444,2026-12-14,West,Furniture,Chair,5.0,40443.33,3335.02,Home Office
ORD11445,2026-12-15,South,Furniture,Desk,1.0,41811.62,5567.13,Home Office
ORD11446,2026-12-16,East,Electronics,Laptop,1.0,28979.78,7396.53,Corporate
ORD11447,2026-12-17,North,Office Supplies,Monitor,2.0,1071.28,1054.91,Home Office
ORD11448,2026-12-18,East,Office Supplies,Chair,2.0,48690.9,3578.91,Consumer
ORD11449,2026-12-19,North,Electronics,Printer,9.0,23715.4,4946.77,Consumer
ORD11450,2026-12-20,West,Electronics,Laptop,4.0,19801.08,11802.43,Home Office
ORD11451,2026-12-21,East,Electronics,Laptop,3.0,19868.45,4991.11,Corporate
ORD11452,2026-12-22,South,Electronics,Desk,1.0,21322.71,-1188.83,Consumer
ORD11453,2026-12-23,North,Electronics,Laptop,2.0,12260.6,4995.83,Consumer
ORD11454,2026-12-24,North,Furniture,Chair,6.0,16501.21,8931.49,Consumer
ORD11455,2026-12-25,East,Electronics,Desk,9.0,49270.81,9575.86,Home Office
ORD11456,2026-12-26,East,Electronics,Laptop,5.0,18534.77,8604.26,Home Office
ORD11457,2026-12-27,West,Electronics,Printer,4.0,26430.91,10099.56,Corporate
ORD11458,2026-12-28,North,Electronics,Keyboard,5.0,42445.05,691.03,Consumer
ORD11459,2026-12-29,East,Electronics,Chair,9.0,26465.9,3628.7,Consumer
ORD11460,2026-12-30,East,Electronics,Printer,7.0,16357.78,8253.05,Consumer
ORD11461,2026-12-31,South,Electronics,Printer,8.0,26282.8,-504.35,Consumer
ORD11462,2027-01-01,South,Electronics,Desk,4.0,5881.5,1316.88,Corporate
ORD11463,2027-01-02,South,Electronics,Monitor,8.0,6674.35,9129.65,Consumer
ORD11464,2027-01-03,South,Electronics,Desk,6.0,34766.56,8091.46,Home Office
ORD11465,2027-01-04,North,Furniture,Chair,5.0,45889.54,11510.39,Consumer
ORD11466,2027-01-05,North,Electronics,Chair,5.0,36338.77,11931.56,Corporate
ORD11467,2027-01-06,South,Furniture,Desk,6.0,3915.74,-907.34,Corporate
ORD11468,2027-01-07,West,Furniture,Monitor,3.0,20264.2,10307.65,Home Office
ORD11469,2027-01-08,West,Electronics,Desk,5.0,327.17,-3393.24,Corporate
ORD11470,2027-01-09,East,Office Supplies,Chair,9.0,25658.1,7066.6,Consumer
ORD11471,2027-01-10,East,Electronics,Monitor,7.0,9821.58,-1258.31,Consumer
ORD11472,2027-01-11,West,Electronics,Chair,4.0,43433.7,105.29,Consumer
ORD11473,2027-01-12,East,Electronics,Monitor,7.0,5395.89,11087.46,Home Office
ORD11474,2027-01-13,North,Office Supplies,Monitor,5.0,271.38,-526.43,Corporate
ORD11475,2027-01-14,South,Furniture,Desk,2.0,22667.07,6444.02,Consumer
ORD11476,2027-01-15,East,Office Supplies,Desk,6.0,7940.58,-1971.82,Consumer
ORD11477,2027-01-16,North,Electronics,Desk,7.0,36951.72,-3412.37,Home Office
ORD11478,2027-01-17,East,Office Supplies,Monitor,8.0,46012.75,768.39,Home Office
ORD11479,2027-01-18,South,Electronics,Monitor,6.0,2288.51,5611.33,Consumer
ORD11480,2027-01-19,North,Office Supplies,Chair,8.0,19899.99,-784.93,Consumer
ORD11481,2027-01-20,South,Furniture,Printer,7.0,49841.39,102.87,Home Office
ORD11482,2027-01-21,South,Electronics,Desk,2.0,36687.06,7048.41,Corporate
ORD11483,2027-01-22,North,Electronics,Keyboard,6.0,47668.74,-3252.47,Consumer
ORD11484,2027-01-23,North,Electronics,Chair,9.0,8371.35,2597.39,Consumer
ORD11485,2027-01-24,North,Electronics,Chair,6.0,11224.15,11009.49,Consumer
ORD11486,2027-01-25,North,Office Supplies,Laptop,4.0,7909.6,1748.52,Home Office
ORD11487,2027-01-26,North,Electronics,Desk,7.0,15257.98,2381.42,Consumer
ORD11488,2027-01-27,North,Electronics,Chair,3.0,36274.33,7549.47,Home Office
ORD11489,2027-01-28,North,Electronics,Laptop,5.0,8414.34,8243.2,Consumer
ORD11490,2027-01-29,East,Electronics,Keyboard,1.0,26306.86,8083.31,Consumer
ORD11491,2027-01-30,South,Electronics,Keyboard,3.0,13606.65,11963.74,Consumer
ORD11492,2027-01-31,North,Electronics,Desk,8.0,41493.95,-3785.33,Corporate
ORD11493,2027-02-01,East,Office Supplies,Monitor,9.0,528.3,11698.31,Consumer
ORD11494,2027-02-02,East,Furniture,Laptop,9.0,11311.12,11153.22,Consumer
ORD11495,2027-02-03,South,Electronics,Monitor,2.0,30340.99,9486.36,Corporate
ORD11496,2027-02-04,North,Furniture,Keyboard,4.0,5016.18,2720.13,Corporate
ORD11497,2027-02-05,West,Electronics,Keyboard,5.0,23422.35,9805.34,Consumer
ORD11498,2027-02-06,West,Office Supplies,Printer,3.0,21923.12,-1245.85,Home Office
ORD11499,2027-02-07,East,Office Supplies,Printer,1.0,42655.65,8458.15,Consumer
ORD11500,2027-02-08,South,Electronics,Printer,6.0,31344.78,-1850.95,Corporate
ORD11501,2027-02-09,South,Office Supplies,Printer,2.0,32057.16,8861.15,Consumer
ORD11502,2027-02-10,South,Electronics,Chair,9.0,47600.02,5447.0,Consumer
ORD11503,2027-02-11,West,Electronics,Printer,1.0,49121.55,-3333.47,Corporate
ORD11504,2027-02-12,East,Furniture,Chair,9.0,32739.06,10220.43,Consumer
ORD11505,2027-02-13,North,Office Supplies,Chair,7.0,26195.67,4825.27,Consumer
ORD11506,2027-02-14,West,Electronics,Desk,2.0,30474.42,6156.22,Consumer
ORD11507,2027-02-15,East,Furniture,Chair,6.0,19245.7,-180.33,Consumer
ORD11508,2027-02-16,East,Electronics,Chair,8.0,24573.82,9817.8,Home Office
ORD11509,2027-02-17,North,Furniture,Printer,2.0,35310.06,4268.41,Consumer
ORD11510,2027-02-18,North,Furniture,Chair,5.0,14692.14,2159.04,Consumer
ORD11511,2027-02-19,North,Electronics,Monitor,6.0,3076.76,4082.79,Consumer
ORD11512,2027-02-20,South,Electronics,Printer,5.0,2427.15,6956.32,Consumer
ORD11513,2027-02-21,North,Electronics,Laptop,2.0,10404.67,6815.81,Corporate
ORD11514,2027-02-22,North,Electronics,Printer,6.0,11799.07,1078.81,Consumer
ORD11515,2027-02-23,West,Furniture,Chair,3.0,20869.27,1549.39,Consumer
ORD11516,2027-02-24,South,Electronics,Monitor,2.0,10899.33,4558.05,Consumer
ORD11517,2027-02-25,East,Office Supplies,Printer,1.0,31619.34,10714.92,Home Office
ORD11518,2027-02-26,North,Furniture,Monitor,8.0,10720.49,7672.31,Consumer
ORD11519,2027-02-27,North,Furniture,Laptop,1.0,9556.25,1637.05,Home Office
ORD11520,2027-02-28,North,Electronics,Keyboard,5.0,23667.6,729.55,Consumer
ORD11521,2027-03-01,South,Electronics,Laptop,6.0,44455.7,3901.82,Consumer
ORD11522,2027-03-02,South,Furniture,Keyboard,3.0,23521.61,9789.85,Consumer
ORD11523,2027-03-03,North,Electronics,Desk,7.0,20809.67,-4852.45,Home Office
ORD11524,2027-03-04,South,Electronics,Keyboard,2.0,28989.13,7078.26,Consumer
ORD11525,2027-03-05,North,Electronics,Desk,7.0,13009.24,6.71,Home Office
ORD11526,2027-03-06,West,Electronics,Printer,2.0,17801.14,-1457.24,Corporate
ORD11527,2027-03-07,East,Electronics,Desk,5.0,10849.0,-4793.65,Corporate
ORD11528,2027-03-08,South,Electronics,Monitor,7.0,28676.14,10242.04,Consumer
ORD11529,2027-03-09,North,Electronics,Desk,3.0,34929.9,10508.22,Consumer
ORD11530,2027-03-10,North,Electronics,Monitor,4.0,33750.19,-3955.9,Consumer
ORD11531,2027-03-11,South,Furniture,Keyboard,1.0,12889.93,3870.86,Corporate
ORD11532,2027-03-12,South,Electronics,Keyboard,3.0,39026.48,-2406.23,Consumer
ORD11533,2027-03-13,North,Electronics,Keyboard,9.0,12946.49,7897.69,Corporate
ORD11534,2027-03-14,South,Office Supplies,Desk,5.0,7685.52,6311.66,Consumer
ORD11535,2027-03-15,North,Electronics,Keyboard,8.0,17620.48,51.22,Home Office
ORD11536,2027-03-16,South,Electronics,Desk,2.0,29967.66,-3011.68,Consumer
ORD11537,2027-03-17,South,Electronics,Desk,3.0,7271.69,9130.75,Consumer
ORD11538,2027-03-18,South,Electronics,Chair,7.0,32474.74,6462.29,Consumer
ORD11539,2027-03-19,North,Electronics,Chair,4.0,43180.79,-4884.06,Consumer
ORD11540,2027-03-20,North,Furniture,Desk,9.0,14798.4,5673.82,Consumer
ORD11541,2027-03-21,East,Furniture,Monitor,7.0,22620.29,8775.03,Consumer
ORD11542,2027-03-22,South,Electronics,Printer,1.0,11569.86,5043.06,Corporate
ORD11543,2027-03-23,East,Electronics,Laptop,4.0,18190.83,2220.13,Consumer
ORD11544,2027-03-24,North,Electronics,Chair,6.0,1294.13,4926.61,Consumer
ORD11545,2027-03-25,South,Furniture,Desk,6.0,47697.72,5535.1,Consumer
ORD11546,2027-03-26,South,Electronics,Laptop,6.0,20911.33,5880.59,Consumer
ORD11547,2027-03-27,West,Furniture,Chair,5.0,39485.73,11439.77,Consumer
ORD11548,2027-03-28,East,Electronics,Printer,3.0,7303.64,-1962.99,Corporate
ORD11549,2027-03-29,South,Electronics,Monitor,2.0,40655.28,5592.58,Consumer
ORD11550,2027-03-30,East,Office Supplies,Desk,3.0,43035.34,-1804.11,Home Office
ORD11551,2027-03-31,South,Electronics,Printer,9.0,35830.76,-1430.74,Consumer
ORD11552,2027-04-01,North,Electronics,Chair,3.0,45179.77,6377.38,Consumer
ORD11553,2027-04-02,South,Office Supplies,Desk,3.0,8526.42,10571.22,Home Office
ORD11554,2027-04-03,East,Office Supplies,Laptop,1.0,23928.8,-2296.25,Home Office
ORD11555,2027-04-04,West,Electronics,Keyboard,2.0,31081.45,11361.91,Consumer
ORD11556,2027-04-05,West,Electronics,Monitor,3.0,29890.41,429.33,Consumer
ORD11557,2027-04-06,North,Furniture,Chair,2.0,43079.84,1652.34,Consumer
ORD11558,2027-04-07,South,Electronics,Monitor,8.0,10941.43,-2387.43,Consumer
ORD11559,2027-04-08,East,Electronics,Desk,6.0,8947.06,5469.21,Corporate
ORD11560,2027-04-09,North,Electronics,Keyboard,7.0,12818.25,5139.15,Consumer
ORD11561,2027-04-10,East,Electronics,Printer,1.0,44599.19,2518.59,Consumer
ORD11562,2027-04-11,South,Electronics,Monitor,6.0,47063.15,3093.55,Consumer
ORD11563,2027-04-12,West,Furniture,Laptop,2.0,28567.58,5590.59,Consumer
ORD11564,2027-04-13,North,Electronics,Chair,6.0,25168.32,4919.44,Consumer
ORD11565,2027-04-14,West,Electronics,Laptop,3.0,30348.2,1362.48,Consumer
ORD11566,2027-04-15,North,Electronics,Monitor,7.0,30892.12,10029.94,Consumer
ORD11567,2027-04-16,South,Furniture,Keyboard,3.0,8681.17,6350.23,Corporate
ORD11568,2027-04-17,North,Electronics,Printer,9.0,34383.26,-1508.09,Consumer
ORD11569,2027-04-18,North,Electronics,Printer,3.0,24573.82,438.35,Consumer
ORD11570,2027-04-19,South,Electronics,Laptop,7.0,24573.82,8393.93,Consumer
ORD11571,2027-04-20,North,Furniture,Desk,4.0,1709.77,-3223.07,Corporate
ORD11572,2027-04-21,North,Office Supplies,Desk,8.0,38274.92,7753.94,Corporate
ORD11573,2027-04-22,South,Electronics,Keyboard,2.0,41804.31,1100.32,Consumer
ORD11574,2027-04-23,West,Electronics,Printer,8.0,31047.19,4378.75,Consumer
ORD11575,2027-04-24,South,Furniture,Laptop,9.0,37486.44,-230.51,Consumer
ORD11576,2027-04-25,South,Electronics,Laptop,8.0,26230.76,11769.76,Consumer
ORD11577,2027-04-26,East,Electronics,Laptop,6.0,30994.0,10399.28,Corporate
ORD11578,2027-04-27,South,Electronics,Monitor,1.0,19849.67,10783.65,Consumer
ORD11579,2027-04-28,South,Electronics,Keyboard,7.0,39635.34,-1858.82,Consumer
ORD11580,2027-04-29,South,Furniture,Desk,1.0,23519.89,9308.73,Consumer
ORD11581,2027-04-30,East,Electronics,Desk,5.0,34074.6,4101.75,Consumer
ORD11582,2027-05-01,North,Electronics,Monitor,2.0,31147.18,7033.61,Consumer
ORD11583,2027-05-02,North,Furniture,Chair,8.0,35175.26,-1302.43,Consumer
ORD11584,2027-05-03,South,Electronics,Monitor,2.0,39303.75,7103.74,Consumer
ORD11585,2027-05-04,East,Furniture,Keyboard,3.0,25733.13,10542.54,Consumer
ORD11586,2027-05-05,East,Office Supplies,Laptop,3.0,40690.68,-452.82,Consumer
ORD11587,2027-05-06,South,Furniture,Monitor,1.0,24963.41,-1032.88,Consumer
ORD11588,2027-05-07,West,Office Supplies,Laptop,5.0,47840.39,-3224.95,Home Office
ORD11589,2027-05-08,North,Furniture,Keyboard,5.0,37683.05,-464.29,Consumer
ORD11590,2027-05-09,South,Office Supplies,Keyboard,5.0,8722.85,4108.47,Consumer
ORD11591,2027-05-10,North,Electronics,Printer,9.0,41513.31,9156.18,Consumer
ORD11592,2027-05-11,North,Electronics,Laptop,6.0,27669.07,-260.4,Home Office
ORD11593,2027-05-12,South,Office Supplies,Desk,6.0,49226.16,5559.45,Consumer
ORD11594,2027-05-13,North,Office Supplies,Monitor,3.0,35997.19,3153.04,Home Office
ORD11595,2027-05-14,West,Electronics,Keyboard,5.0,4402.66,-94.16,Corporate
ORD11596,2027-05-15,North,Office Supplies,Laptop,7.0,19869.03,3676.1,Home Office
ORD11597,2027-05-16,West,Electronics,Chair,3.0,25960.32,-2144.64,Consumer
ORD11598,2027-05-17,North,Electronics,Printer,2.0,41982.88,5872.82,Consumer
ORD11599,2027-05-18,South,Electronics,Chair,5.0,36521.41,-3033.73,Consumer
ORD11600,2027-05-19,South,Electronics,Keyboard,3.0,18594.13,7426.67,Consumer
ORD11601,2027-05-20,North,Office Supplies,Chair,5.0,32740.95,-1978.88,Corporate
ORD11602,2027-05-21,West,Electronics,Chair,9.0,28930.16,11968.71,Consumer
ORD11603,2027-05-22,North,Office Supplies,Printer,1.0,6477.42,9002.43,Home Office
ORD11604,2027-05-23,North,Electronics,Printer,4.0,11895.96,845.29,Consumer
ORD11605,2027-05-24,South,Office Supplies,Printer,5.0,17187.89,2245.48,Home Office
ORD11606,2027-05-25,North,Electronics,Printer,2.0,9935.07,-593.75,Consumer
ORD11607,2027-05-26,East,Electronics,Chair,2.0,7676.67,8040.95,Consumer
ORD11608,2027-05-27,North,Office Supplies,Desk,1.0,3098.25,1472.36,Consumer
ORD11609,2027-05-28,South,Furniture,Desk,8.0,43680.51,7838.15,Consumer
ORD11610,2027-05-29,South,Electronics,Printer,2.0,14589.38,-4687.17,Home Office
ORD11611,2027-05-30,South,Electronics,Monitor,3.0,14657.97,-2694.44,Consumer
ORD11612,2027-05-31,West,Office Supplies,Laptop,2.0,10470.16,1204.56,Corporate
ORD11613,2027-06-01,South,Furniture,Keyboard,4.0,23874.79,-3148.55,Consumer
ORD11614,2027-06-02,South,Electronics,Monitor,1.0,25809.25,5219.18,Home Office
ORD11615,2027-06-03,North,Electronics,Keyboard,3.0,10572.41,-4135.85,Corporate
ORD11616,2027-06-04,North,Electronics,Monitor,5.0,30506.8,9615.97,Consumer
ORD11617,2027-06-05,North,Office Supplies,Monitor,1.0,36205.4,7942.24,Corporate
ORD11618,2027-06-06,North,Furniture,Desk,4.0,18817.24,-1323.64,Home Office
ORD11619,2027-06-07,South,Furniture,Laptop,6.0,29355.49,3224.46,Consumer
ORD11620,2027-06-08,North,Electronics,Monitor,4.0,25214.63,2680.82,Home Office
ORD11621,2027-06-09,North,Electronics,Printer,7.0,9938.31,7322.7,Consumer
ORD11622,2027-06-10,North,Furniture,Keyboard,7.0,36554.55,1825.65,Corporate
ORD11623,2027-06-11,West,Electronics,Desk,6.0,40112.36,-4440.1,Home Office
ORD11624,2027-06-12,West,Electronics,Keyboard,9.0,32509.9,-346.49,Consumer
ORD11625,2027-06-13,East,Electronics,Printer,2.0,16330.02,2925.33,Consumer
ORD11626,2027-06-14,South,Office Supplies,Printer,8.0,46354.27,11566.37,Home Office
ORD11627,2027-06-15,North,Furniture,Monitor,8.0,22876.85,9979.7,Consumer
ORD11628,2027-06-16,North,Office Supplies,Printer,4.0,13440.75,-1916.1,Home Office
ORD11629,2027-06-17,North,Furniture,Laptop,6.0,20530.08,7295.69,Consumer
ORD11630,2027-06-18,East,Electronics,Printer,6.0,34665.34,10926.03,Home Office
ORD11631,2027-06-19,West,Office Supplies,Monitor,5.0,42327.4,-4850.53,Consumer
ORD11632,2027-06-20,South,Office Supplies,Keyboard,1.0,17957.46,7256.08,Consumer
ORD11633,2027-06-21,South,Electronics,Printer,3.0,11784.7,2808.67,Home Office
ORD11634,2027-06-22,East,Office Supplies,Desk,7.0,31399.36,6564.02,Consumer
ORD11635,2027-06-23,South,Furniture,Desk,8.0,46076.51,5295.02,Home Office
ORD11636,2027-06-24,North,Electronics,Desk,2.0,9328.01,11739.31,Home Office
ORD11637,2027-06-25,South,Office Supplies,Keyboard,3.0,40190.37,-90.14,Corporate
ORD11638,2027-06-26,North,Office Supplies,Chair,4.0,23935.04,8364.43,Home Office
ORD11639,2027-06-27,West,Electronics,Desk,5.0,40015.72,-1011.12,Consumer
ORD11640,2027-06-28,West,Office Supplies,Desk,3.0,25375.95,2405.34,Consumer
ORD11641,2027-06-29,East,Electronics,Chair,5.0,18990.92,11581.47,Corporate
ORD11642,2027-06-30,West,Electronics,Keyboard,8.0,34897.7,8024.32,Home Office
ORD11643,2027-07-01,North,Electronics,Desk,8.0,45051.24,368.96,Consumer
ORD11644,2027-07-02,South,Electronics,Monitor,2.0,16148.54,5529.28,Consumer
ORD11645,2027-07-03,North,Electronics,Keyboard,6.0,23145.26,-4155.23,Consumer
ORD11646,2027-07-04,East,Office Supplies,Desk,4.0,11624.15,-471.29,Consumer
ORD11647,2027-07-05,North,Office Supplies,Desk,9.0,9333.79,7212.64,Corporate
ORD11648,2027-07-06,South,Office Supplies,Chair,2.0,38938.93,4691.59,Home Office
ORD11649,2027-07-07,South,Electronics,Monitor,8.0,10193.07,2984.44,Consumer
ORD11650,2027-07-08,East,Office Supplies,Keyboard,1.0,39707.24,6744.89,Home Office
ORD11651,2027-07-09,South,Electronics,Printer,6.0,21575.01,1773.8,Consumer
ORD11652,2027-07-10,North,Office Supplies,Laptop,1.0,49753.43,-4555.35,Home Office
ORD11653,2027-07-11,South,Electronics,Monitor,2.0,10027.6,2497.45,Home Office
ORD11654,2027-07-12,North,Electronics,Printer,3.0,4830.3,10336.2,Home Office
ORD11655,2027-07-13,North,Office Supplies,Monitor,9.0,3956.57,9562.46,Consumer
ORD11656,2027-07-14,South,Office Supplies,Printer,5.0,41803.82,1952.95,Corporate
ORD11657,2027-07-15,East,Furniture,Printer,2.0,22001.26,-4622.24,Home Office
ORD11658,2027-07-16,South,Electronics,Monitor,5.0,355.59,5817.22,Consumer
ORD11659,2027-07-17,North,Electronics,Chair,5.0,43763.61,7600.31,Consumer
ORD11660,2027-07-18,North,Furniture,Monitor,1.0,43870.67,2.14,Home Office
ORD11661,2027-07-19,South,Electronics,Monitor,3.0,40359.55,3103.29,Consumer
ORD11662,2027-07-20,North,Electronics,Printer,5.0,12566.26,11861.57,Corporate
ORD11663,2027-07-21,North,Electronics,Laptop,9.0,18763.09,4797.83,Consumer
ORD11664,2027-07-22,East,Office Supplies,Printer,1.0,37297.33,968.27,Consumer
ORD11665,2027-07-23,West,Electronics,Desk,8.0,24569.79,5667.31,Home Office
ORD11666,2027-07-24,South,Office Supplies,Monitor,1.0,7860.56,-1939.62,Consumer
ORD11667,2027-07-25,North,Electronics,Keyboard,9.0,12291.35,-1612.71,Consumer
ORD11668,2027-07-26,North,Office Supplies,Monitor,6.0,48634.96,10723.72,Consumer
ORD11669,2027-07-27,East,Electronics,Chair,1.0,7720.45,-933.6,Consumer
ORD11670,2027-07-28,South,Office Supplies,Keyboard,8.0,36358.82,283.42,Consumer
ORD11671,2027-07-29,East,Electronics,Printer,5.0,24005.31,4244.21,Corporate
ORD11672,2027-07-30,South,Electronics,Chair,7.0,37480.36,10294.77,Consumer
ORD11673,2027-07-31,South,Electronics,Monitor,7.0,24573.82,8284.63,Consumer
ORD11674,2027-08-01,South,Electronics,Printer,7.0,22070.53,-4255.67,Corporate
ORD11675,2027-08-02,North,Electronics,Printer,6.0,17824.76,6781.5,Corporate
ORD11676,2027-08-03,East,Electronics,Desk,8.0,37767.09,3569.05,Home Office
ORD11677,2027-08-04,East,Furniture,Desk,9.0,16292.43,3084.4,Consumer
ORD11678,2027-08-05,South,Furniture,Laptop,2.0,39431.02,6756.49,Consumer
ORD11679,2027-08-06,North,Furniture,Desk,7.0,34056.18,-1664.06,Consumer
ORD11680,2027-08-07,North,Office Supplies,Keyboard,2.0,28967.92,11685.31,Home Office
ORD11681,2027-08-08,North,Furniture,Printer,6.0,18566.28,5970.21,Consumer
ORD11682,2027-08-09,North,Electronics,Desk,2.0,10413.05,1216.15,Consumer
ORD11683,2027-08-10,West,Office Supplies,Laptop,6.0,35578.91,5203.44,Consumer
ORD11684,2027-08-11,South,Electronics,Monitor,2.0,4749.19,-1320.0,Consumer
ORD11685,2027-08-12,North,Electronics,Keyboard,1.0,48533.0,5775.31,Home Office
ORD11686,2027-08-13,South,Furniture,Desk,7.0,48941.65,-4520.31,Home Office
ORD11687,2027-08-14,East,Electronics,Printer,5.0,6685.09,800.09,Consumer
ORD11688,2027-08-15,North,Electronics,Monitor,4.0,5375.98,7707.79,Consumer
ORD11689,2027-08-16,East,Electronics,Printer,6.0,20753.29,8735.62,Home Office
ORD11690,2027-08-17,East,Electronics,Monitor,5.0,48191.43,-700.37,Home Office
ORD11691,2027-08-18,West,Electronics,Keyboard,4.0,20135.48,4169.96,Consumer
ORD11692,2027-08-19,North,Furniture,Printer,9.0,18317.34,3984.38,Home Office
ORD11693,2027-08-20,North,Electronics,Desk,6.0,35238.54,2164.75,Consumer
ORD11694,2027-08-21,East,Electronics,Desk,6.0,9100.82,-1116.64,Home Office
ORD11695,2027-08-22,North,Electronics,Laptop,2.0,18293.51,6954.88,Consumer
ORD11696,2027-08-23,South,Furniture,Monitor,6.0,14707.11,-709.85,Consumer
ORD11697,2027-08-24,West,Furniture,Laptop,7.0,30156.42,10487.44,Consumer
ORD11698,2027-08-25,South,Electronics,Chair,8.0,8305.09,3984.52,Consumer
ORD11699,2027-08-26,North,Electronics,Desk,8.0,27525.32,9798.13,Consumer
ORD11700,2027-08-27,North,Electronics,Monitor,9.0,42905.82,-57.37,Home Office
ORD11701,2027-08-28,North,Office Supplies,Keyboard,3.0,25805.69,8720.35,Consumer
ORD11702,2027-08-29,East,Furniture,Laptop,7.0,34238.13,-3067.72,Home Office
ORD11703,2027-08-30,East,Electronics,Keyboard,7.0,3947.35,8036.12,Consumer
ORD11704,2027-08-31,South,Electronics,Keyboard,1.0,22560.48,1578.08,Corporate
ORD11705,2027-09-01,West,Electronics,Keyboard,8.0,4925.68,2989.83,Home Office
ORD11706,2027-09-02,South,Electronics,Laptop,4.0,30053.19,-2164.28,Home Office
ORD11707,2027-09-03,East,Electronics,Chair,5.0,14196.51,-4683.33,Home Office
ORD11708,2027-09-04,North,Electronics,Laptop,6.0,14505.84,6325.36,Consumer
ORD11709,2027-09-05,South,Electronics,Printer,3.0,4022.98,4991.21,Consumer
ORD11710,2027-09-06,South,Electronics,Desk,5.0,15649.85,5581.28,Consumer
ORD11711,2027-09-07,South,Office Supplies,Laptop,5.0,25432.52,-664.97,Consumer
ORD11712,2027-09-08,North,Electronics,Laptop,1.0,29316.07,-932.28,Consumer
ORD11713,2027-09-09,West,Furniture,Chair,3.0,3519.94,9115.04,Consumer
ORD11714,2027-09-10,North,Furniture,Printer,3.0,32642.67,7941.3,Home Office
ORD11715,2027-09-11,West,Electronics,Laptop,1.0,24546.01,725.43,Consumer
ORD11716,2027-09-12,North,Office Supplies,Desk,7.0,26938.02,5842.7,Corporate
ORD11717,2027-09-13,North,Electronics,Desk,1.0,41673.27,9078.55,Consumer
ORD11718,2027-09-14,North,Furniture,Laptop,7.0,17242.88,10110.1,Consumer
ORD11719,2027-09-15,South,Furniture,Keyboard,4.0,8867.75,-4901.29,Consumer
ORD11720,2027-09-16,North,Electronics,Keyboard,9.0,27680.15,8828.86,Consumer
ORD11721,2027-09-17,South,Electronics,Printer,7.0,47262.09,956.67,Consumer
ORD11722,2027-09-18,North,Furniture,Desk,5.0,25989.91,7212.43,Consumer
ORD11723,2027-09-19,East,Electronics,Keyboard,7.0,41629.23,1313.82,Consumer
ORD11724,2027-09-20,South,Electronics,Desk,9.0,37900.2,5306.23,Corporate
ORD11725,2027-09-21,East,Electronics,Printer,6.0,26012.87,5995.3,Consumer
ORD11726,2027-09-22,North,Electronics,Printer,1.0,32448.23,1884.88,Consumer
ORD11727,2027-09-23,East,Electronics,Keyboard,6.0,20452.67,3717.35,Corporate
ORD11728,2027-09-24,North,Office Supplies,Laptop,1.0,26625.31,7347.33,Consumer
ORD11729,2027-09-25,North,Electronics,Monitor,4.0,25462.83,3097.19,Consumer
ORD11730,2027-09-26,North,Electronics,Chair,8.0,35513.7,-4762.33,Consumer
ORD11731,2027-09-27,South,Electronics,Monitor,5.0,20617.07,-4780.63,Consumer
ORD11732,2027-09-28,East,Electronics,Monitor,5.0,5168.4,6242.28,Home Office
ORD11733,2027-09-29,West,Furniture,Desk,8.0,39477.73,9403.04,Consumer
ORD11734,2027-09-30,North,Electronics,Printer,8.0,34305.68,8349.65,Corporate
ORD11735,2027-10-01,East,Furniture,Desk,1.0,47516.15,276.81,Corporate
ORD11736,2027-10-02,East,Electronics,Keyboard,5.0,21550.07,3009.17,Consumer
ORD11737,2027-10-03,North,Office Supplies,Chair,5.0,4094.64,-1019.27,Consumer
ORD11738,2027-10-04,North,Electronics,Keyboard,8.0,6256.63,11815.55,Consumer
ORD11739,2027-10-05,East,Furniture,Laptop,1.0,38711.31,-571.39,Corporate
ORD11740,2027-10-06,North,Electronics,Chair,7.0,3574.31,2076.45,Consumer
ORD11741,2027-10-07,North,Office Supplies,Desk,7.0,45409.74,6579.19,Corporate
ORD11742,2027-10-08,North,Electronics,Desk,9.0,14226.18,9892.3,Consumer
ORD11743,2027-10-09,South,Furniture,Keyboard,2.0,44964.18,-4124.91,Consumer
ORD11744,2027-10-10,West,Electronics,Desk,3.0,38720.64,117.33,Home Office
ORD11745,2027-10-11,East,Electronics,Desk,4.0,24573.82,4672.76,Corporate
ORD11746,2027-10-12,North,Electronics,Monitor,1.0,10859.18,5511.32,Consumer
ORD11747,2027-10-13,West,Electronics,Laptop,7.0,29865.54,-3809.53,Corporate
ORD11748,2027-10-14,North,Electronics,Monitor,3.0,4860.74,6289.34,Consumer
ORD11749,2027-10-15,East,Electronics,Desk,3.0,10273.58,3977.09,Corporate
ORD11750,2027-10-16,North,Furniture,Printer,3.0,15633.13,9069.67,Consumer
ORD11751,2027-10-17,South,Office Supplies,Monitor,8.0,37092.47,-1222.78,Corporate
ORD11752,2027-10-18,North,Office Supplies,Desk,9.0,1430.78,-1684.54,Consumer
ORD11753,2027-10-19,East,Office Supplies,Desk,2.0,45175.24,8486.73,Consumer
ORD11754,2027-10-20,South,Electronics,Laptop,1.0,3726.01,6965.78,Corporate
ORD11755,2027-10-21,South,Electronics,Keyboard,9.0,18949.21,8458.45,Consumer
ORD11756,2027-10-22,East,Furniture,Chair,6.0,4238.26,8292.88,Home Office
ORD11757,2027-10-23,North,Electronics,Monitor,9.0,38494.6,-3231.99,Consumer
ORD11758,2027-10-24,South,Electronics,Monitor,6.0,7237.49,-264.09,Corporate
ORD11759,2027-10-25,South,Electronics,Monitor,2.0,44260.89,-578.55,Consumer
ORD11760,2027-10-26,West,Furniture,Desk,1.0,26605.05,10887.98,Consumer
ORD11761,2027-10-27,North,Furniture,Laptop,8.0,47433.95,3286.93,Consumer
ORD11762,2027-10-28,South,Furniture,Desk,3.0,14659.97,-3112.03,Corporate
ORD11763,2027-10-29,North,Electronics,Desk,1.0,22824.94,-77.18,Home Office
ORD11764,2027-10-30,North,Electronics,Keyboard,8.0,24573.82,9822.33,Consumer
ORD11765,2027-10-31,West,Furniture,Printer,1.0,41629.28,9400.13,Consumer
ORD11766,2027-11-01,South,Electronics,Laptop,8.0,21183.58,10305.77,Consumer
ORD11767,2027-11-02,North,Electronics,Monitor,1.0,44643.14,1604.99,Corporate
ORD11768,2027-11-03,South,Electronics,Chair,9.0,6075.76,5902.8,Corporate
ORD11769,2027-11-04,East,Office Supplies,Monitor,9.0,35492.5,-271.04,Consumer
ORD11770,2027-11-05,North,Electronics,Desk,9.0,17540.31,-1925.97,Consumer
ORD11771,2027-11-06,North,Furniture,Laptop,3.0,5246.51,-4627.68,Consumer
ORD11772,2027-11-07,North,Electronics,Laptop,4.0,19455.89,-1201.5,Consumer
ORD11773,2027-11-08,South,Furniture,Laptop,5.0,44034.74,5274.36,Consumer
ORD11774,2027-11-09,West,Office Supplies,Printer,6.0,49030.59,10371.58,Consumer
ORD11775,2027-11-10,North,Furniture,Monitor,9.0,19761.43,-2731.85,Consumer
ORD11776,2027-11-11,East,Furniture,Printer,4.0,44343.54,10606.2,Consumer
ORD11777,2027-11-12,South,Furniture,Keyboard,6.0,25580.79,871.55,Consumer
ORD11778,2027-11-13,East,Electronics,Chair,1.0,35907.35,2256.08,Consumer
ORD11779,2027-11-14,South,Office Supplies,Keyboard,2.0,2459.5,1204.64,Consumer
ORD11780,2027-11-15,South,Furniture,Desk,8.0,27954.14,1946.34,Consumer
ORD11781,2027-11-16,North,Furniture,Printer,4.0,3694.06,-593.72,Consumer
ORD11782,2027-11-17,South,Furniture,Printer,7.0,13577.17,6876.28,Corporate
ORD11783,2027-11-18,West,Electronics,Keyboard,4.0,28427.35,7889.11,Consumer
ORD11784,2027-11-19,West,Electronics,Desk,9.0,40396.76,8992.92,Home Office
ORD11785,2027-11-20,South,Electronics,Laptop,9.0,24573.82,801.92,Consumer
ORD11786,2027-11-21,North,Electronics,Desk,4.0,46822.34,7998.66,Consumer
ORD11787,2027-11-22,North,Furniture,Monitor,8.0,40554.56,5840.48,Corporate
ORD11788,2027-11-23,South,Office Supplies,Keyboard,6.0,7980.76,11284.57,Home Office
ORD11789,2027-11-24,West,Electronics,Desk,1.0,19570.13,2221.35,Corporate
ORD11790,2027-11-25,West,Electronics,Laptop,7.0,33490.57,11869.27,Corporate
ORD11791,2027-11-26,West,Furniture,Desk,1.0,46932.62,7586.7,Corporate
ORD11792,2027-11-27,South,Electronics,Printer,3.0,49388.25,8196.72,Corporate
ORD11793,2027-11-28,West,Office Supplies,Chair,8.0,38206.68,-4563.02,Consumer
ORD11794,2027-11-29,East,Electronics,Printer,9.0,28773.71,3455.77,Consumer
ORD11795,2027-11-30,North,Furniture,Chair,3.0,37879.16,3981.72,Consumer
ORD11796,2027-12-01,West,Office Supplies,Desk,1.0,13807.17,-4309.8,Home Office
ORD11797,2027-12-02,South,Office Supplies,Monitor,1.0,14323.43,306.23,Consumer
ORD11798,2027-12-03,North,Electronics,Desk,7.0,32786.6,11245.95,Home Office
ORD11799,2027-12-04,South,Office Supplies,Laptop,5.0,43617.41,2243.89,Consumer
ORD11800,2027-12-05,South,Electronics,Desk,1.0,48496.51,-1826.07,Home Office
ORD11801,2027-12-06,North,Electronics,Chair,6.0,17198.46,3726.76,Consumer
ORD11802,2027-12-07,South,Electronics,Printer,6.0,39868.37,-4425.99,Consumer
ORD11803,2027-12-08,South,Office Supplies,Monitor,4.0,42606.23,3771.81,Home Office
ORD11804,2027-12-09,East,Electronics,Desk,7.0,31234.03,5102.56,Consumer
ORD11805,2027-12-10,South,Electronics,Desk,7.0,17510.08,1080.8,Home Office
ORD11806,2027-12-11,South,Office Supplies,Printer,9.0,31030.61,7963.8,Corporate
ORD11807,2027-12-12,South,Electronics,Monitor,5.0,29305.56,-2692.86,Consumer
ORD11808,2027-12-13,North,Office Supplies,Keyboard,5.0,30404.97,9929.12,Home Office
ORD11809,2027-12-14,West,Electronics,Desk,3.0,31039.16,11242.56,Corporate
ORD11810,2027-12-15,West,Electronics,Desk,7.0,42383.5,-4979.01,Corporate
ORD11811,2027-12-16,East,Office Supplies,Keyboard,4.0,8670.06,9326.27,Corporate
ORD11812,2027-12-17,East,Electronics,Chair,4.0,18491.24,3603.79,Corporate
ORD11813,2027-12-18,West,Furniture,Chair,1.0,29382.89,2843.9,Home Office
ORD11814,2027-12-19,North,Furniture,Laptop,1.0,14309.72,-942.46,Consumer
ORD11815,2027-12-20,West,Electronics,Printer,2.0,48912.03,2604.53,Corporate
ORD11816,2027-12-21,North,Furniture,Monitor,5.0,13304.88,11157.26,Consumer
ORD11817,2027-12-22,East,Furniture,Desk,1.0,24573.82,-1416.61,Corporate
ORD11818,2027-12-23,North,Electronics,Desk,8.0,43892.78,-1956.3,Consumer
ORD11819,2027-12-24,South,Electronics,Laptop,6.0,4187.17,-887.76,Consumer
ORD11820,2027-12-25,East,Office Supplies,Desk,6.0,41070.26,4381.18,Consumer
ORD11821,2027-12-26,East,Office Supplies,Printer,9.0,28636.22,10815.1,Consumer
ORD11822,2027-12-27,South,Electronics,Laptop,5.0,1783.74,4755.99,Corporate
ORD11823,2027-12-28,South,Electronics,Printer,4.0,45165.06,-860.8,Corporate
ORD11824,2027-12-29,South,Furniture,Laptop,6.0,2152.0,2487.69,Consumer
ORD11825,2027-12-30,South,Office Supplies,Desk,8.0,25857.85,1636.8,Corporate
ORD11826,2027-12-31,South,Furniture,Laptop,1.0,2641.76,-4208.32,Consumer
ORD11827,2028-01-01,North,Electronics,Chair,7.0,3745.76,3680.91,Home Office
ORD11828,2028-01-02,West,Electronics,Monitor,8.0,44382.77,-2857.89,Consumer
ORD11829,2028-01-03,North,Electronics,Desk,9.0,38338.11,9318.15,Consumer
ORD11830,2028-01-04,East,Electronics,Keyboard,8.0,10007.67,4332.37,Consumer
ORD11831,2028-01-05,North,Electronics,Monitor,7.0,31099.31,9358.31,Corporate
ORD11832,2028-01-06,North,Electronics,Desk,3.0,39775.04,11252.76,Consumer
ORD11833,2028-01-07,North,Electronics,Monitor,2.0,44501.61,11034.2,Consumer
ORD11834,2028-01-08,North,Office Supplies,Chair,3.0,23521.68,-3292.7,Consumer
ORD11835,2028-01-09,East,Electronics,Monitor,4.0,44895.49,11061.89,Corporate
ORD11836,2028-01-10,West,Office Supplies,Laptop,4.0,25490.93,8527.7,Home Office
ORD11837,2028-01-11,South,Electronics,Monitor,6.0,34473.76,8220.19,Consumer
ORD11838,2028-01-12,South,Electronics,Desk,7.0,48955.66,-3467.81,Home Office
ORD11839,2028-01-13,West,Electronics,Keyboard,4.0,11950.4,-1948.25,Consumer
ORD11840,2028-01-14,South,Office Supplies,Keyboard,6.0,8592.36,11577.78,Consumer
ORD11841,2028-01-15,East,Electronics,Printer,9.0,17232.54,-1372.71,Consumer
ORD11842,2028-01-16,East,Furniture,Monitor,6.0,8387.07,-2126.09,Home Office
ORD11843,2028-01-17,East,Electronics,Keyboard,3.0,14351.31,1159.98,Corporate
ORD11844,2028-01-18,North,Electronics,Monitor,1.0,37200.67,10527.06,Consumer
ORD11845,2028-01-19,South,Electronics,Keyboard,5.0,23980.7,3095.29,Consumer
ORD11846,2028-01-20,North,Furniture,Monitor,3.0,18877.06,10649.92,Consumer
ORD11847,2028-01-21,West,Office Supplies,Desk,8.0,18562.46,683.76,Consumer
ORD11848,2028-01-22,North,Electronics,Monitor,1.0,9887.59,-1149.01,Home Office
ORD11849,2028-01-23,North,Electronics,Desk,2.0,22481.09,3418.45,Home Office
ORD11850,2028-01-24,North,Office Supplies,Desk,3.0,31306.85,5463.11,Consumer
ORD11851,2028-01-25,East,Electronics,Printer,3.0,7129.91,1655.48,Home Office
ORD11852,2028-01-26,West,Electronics,Keyboard,8.0,48646.08,882.52,Consumer
ORD11853,2028-01-27,South,Electronics,Laptop,5.0,22275.4,-1292.99,Consumer
ORD11854,2028-01-28,East,Furniture,Desk,8.0,47408.45,-324.88,Consumer
ORD11855,2028-01-29,North,Electronics,Keyboard,6.0,6906.01,6443.01,Corporate
ORD11856,2028-01-30,North,Electronics,Chair,2.0,38407.35,1287.85,Corporate
ORD11857,2028-01-31,East,Office Supplies,Monitor,4.0,30958.37,-3644.13,Home Office
ORD11858,2028-02-01,East,Furniture,Chair,9.0,41039.19,-2651.36,Home Office
ORD11859,2028-02-02,North,Furniture,Monitor,4.0,30113.76,1330.45,Consumer
ORD11860,2028-02-03,South,Furniture,Printer,5.0,48149.26,10716.54,Consumer
ORD11861,2028-02-04,West,Electronics,Desk,5.0,31421.21,1443.51,Corporate
ORD11862,2028-02-05,South,Electronics,Laptop,8.0,39273.29,-3969.08,Consumer
ORD11863,2028-02-06,South,Electronics,Desk,6.0,43903.57,2105.9,Consumer
ORD11864,2028-02-07,North,Electronics,Monitor,7.0,35786.26,6369.9,Consumer
ORD11865,2028-02-08,East,Electronics,Laptop,6.0,26306.99,5091.13,Home Office
ORD11866,2028-02-09,North,Electronics,Desk,5.0,13786.29,-260.35,Consumer
ORD11867,2028-02-10,North,Electronics,Laptop,5.0,42753.73,6697.51,Consumer
ORD11868,2028-02-11,West,Electronics,Monitor,3.0,24132.8,5720.61,Corporate
ORD11869,2028-02-12,South,Furniture,Printer,7.0,31111.27,-2073.06,Consumer
ORD11870,2028-02-13,West,Office Supplies,Printer,5.0,4145.48,-2243.53,Consumer
ORD11871,2028-02-14,East,Furniture,Desk,7.0,24968.1,4302.11,Corporate
ORD11872,2028-02-15,West,Electronics,Chair,2.0,34968.25,6210.46,Consumer
ORD11873,2028-02-16,South,Electronics,Monitor,9.0,29286.78,11352.48,Corporate
ORD11874,2028-02-17,North,Furniture,Desk,8.0,22538.03,2172.82,Corporate
ORD11875,2028-02-18,North,Electronics,Desk,5.0,11326.68,8003.97,Consumer
ORD11876,2028-02-19,North,Electronics,Printer,2.0,15621.58,-3019.15,Consumer
ORD11877,2028-02-20,North,Office Supplies,Laptop,6.0,35091.09,10123.35,Corporate
ORD11878,2028-02-21,East,Furniture,Monitor,8.0,11364.7,5762.83,Consumer
ORD11879,2028-02-22,South,Electronics,Laptop,7.0,31161.99,5693.52,Home Office
ORD11880,2028-02-23,South,Electronics,Keyboard,8.0,29568.93,-2578.48,Consumer
ORD11881,2028-02-24,West,Electronics,Keyboard,4.0,48526.79,-4327.08,Corporate
ORD11882,2028-02-25,East,Office Supplies,Monitor,3.0,3226.94,6924.64,Home Office
ORD11883,2028-02-26,North,Electronics,Chair,7.0,5584.51,-3010.04,Consumer
ORD11884,2028-02-27,West,Electronics,Keyboard,2.0,25402.96,-2841.51,Corporate
ORD11885,2028-02-28,North,Electronics,Printer,5.0,26450.07,-1812.5,Consumer
ORD11886,2028-02-29,West,Furniture,Chair,7.0,2188.4,-3338.31,Consumer
ORD11887,2028-03-01,South,Furniture,Desk,1.0,41327.6,5631.67,Consumer
ORD11888,2028-03-02,East,Electronics,Keyboard,4.0,24837.23,2174.08,Consumer
ORD11889,2028-03-03,West,Electronics,Printer,2.0,17462.86,-476.37,Home Office
ORD11890,2028-03-04,South,Furniture,Desk,6.0,16078.92,2492.74,Home Office
ORD11891,2028-03-05,North,Office Supplies,Chair,1.0,43098.08,9350.38,Consumer
ORD11892,2028-03-06,South,Office Supplies,Monitor,7.0,9997.3,10760.35,Corporate
ORD11893,2028-03-07,South,Electronics,Desk,3.0,8188.8,3287.09,Consumer
ORD11894,2028-03-08,North,Furniture,Laptop,1.0,10816.29,4634.8,Corporate
ORD11895,2028-03-09,South,Electronics,Monitor,8.0,31326.12,-627.6,Home Office
ORD11896,2028-03-10,West,Electronics,Monitor,7.0,40584.36,3731.21,Home Office
ORD11897,2028-03-11,West,Electronics,Chair,2.0,16682.74,7718.03,Consumer
ORD11898,2028-03-12,West,Office Supplies,Chair,7.0,8838.41,3366.33,Consumer
ORD11899,2028-03-13,North,Furniture,Printer,3.0,10617.87,135.24,Consumer
ORD11900,2028-03-14,South,Furniture,Printer,9.0,31035.35,4894.58,Consumer
ORD11901,2028-03-15,North,Office Supplies,Laptop,8.0,12452.55,11093.15,Consumer
ORD11902,2028-03-16,West,Electronics,Monitor,5.0,43888.56,10095.73,Consumer
ORD11903,2028-03-17,South,Electronics,Laptop,7.0,5373.79,8077.12,Corporate
ORD11904,2028-03-18,South,Electronics,Laptop,3.0,1811.95,-304.44,Consumer
ORD11905,2028-03-19,North,Electronics,Chair,1.0,4601.24,-893.49,Consumer
ORD11906,2028-03-20,North,Furniture,Laptop,1.0,42313.03,9255.13,Consumer
ORD11907,2028-03-21,South,Furniture,Laptop,2.0,32631.23,-1917.6,Consumer
ORD11908,2028-03-22,East,Furniture,Desk,8.0,47895.68,5295.39,Consumer
ORD11909,2028-03-23,North,Electronics,Printer,1.0,16947.57,2461.81,Consumer
ORD11910,2028-03-24,North,Electronics,Printer,5.0,10791.37,2955.77,Consumer
ORD11911,2028-03-25,North,Electronics,Monitor,9.0,28186.37,2727.24,Consumer
ORD11912,2028-03-26,South,Electronics,Printer,9.0,26983.85,10299.15,Home Office
ORD11913,2028-03-27,South,Electronics,Keyboard,2.0,29632.99,-3519.4,Home Office
ORD11914,2028-03-28,South,Furniture,Monitor,7.0,24573.82,8309.32,Consumer
ORD11915,2028-03-29,South,Office Supplies,Desk,1.0,493.67,9195.22,Corporate
ORD11916,2028-03-30,South,Furniture,Printer,3.0,1944.58,11028.91,Home Office
ORD11917,2028-03-31,East,Office Supplies,Desk,6.0,33258.56,2694.2,Consumer
ORD11918,2028-04-01,North,Electronics,Printer,9.0,26258.25,3501.11,Consumer
ORD11919,2028-04-02,North,Electronics,Printer,2.0,41086.36,11342.01,Corporate
ORD11920,2028-04-03,North,Office Supplies,Desk,7.0,15160.41,2793.67,Consumer
ORD11921,2028-04-04,West,Electronics,Laptop,4.0,40810.52,3560.32,Consumer
ORD11922,2028-04-05,South,Electronics,Laptop,2.0,21389.47,648.32,Consumer
ORD11923,2028-04-06,North,Office Supplies,Laptop,3.0,24573.82,-4462.33,Corporate
ORD11924,2028-04-07,East,Furniture,Keyboard,6.0,48900.0,2361.93,Home Office
ORD11925,2028-04-08,South,Furniture,Laptop,9.0,25694.41,6136.55,Corporate
ORD11926,2028-04-09,East,Furniture,Printer,8.0,31548.03,6729.08,Consumer
ORD11927,2028-04-10,North,Electronics,Chair,9.0,33605.7,-4889.35,Consumer
ORD11928,2028-04-11,North,Furniture,Desk,4.0,18248.13,8617.9,Home Office
ORD11929,2028-04-12,West,Electronics,Chair,4.0,24573.82,3371.07,Corporate
ORD11930,2028-04-13,North,Electronics,Keyboard,9.0,43539.27,3852.67,Corporate
ORD11931,2028-04-14,South,Electronics,Chair,8.0,19481.91,11349.64,Home Office
ORD11932,2028-04-15,South,Furniture,Monitor,2.0,32918.64,-164.16,Consumer
ORD11933,2028-04-16,South,Electronics,Laptop,8.0,37904.77,7948.08,Consumer
ORD11934,2028-04-17,West,Office Supplies,Keyboard,1.0,9668.27,4771.2,Corporate
ORD11935,2028-04-18,West,Furniture,Printer,9.0,16763.29,6913.57,Consumer
ORD11936,2028-04-19,North,Electronics,Laptop,9.0,5618.03,2102.9,Home Office
ORD11937,2028-04-20,South,Electronics,Laptop,8.0,30189.98,-253.47,Consumer
ORD11938,2028-04-21,South,Office Supplies,Chair,5.0,40086.7,4284.14,Consumer
ORD11939,2028-04-22,West,Electronics,Monitor,5.0,30619.77,1374.0,Consumer
ORD11940,2028-04-23,North,Electronics,Laptop,3.0,9153.23,-1210.51,Consumer
ORD11941,2028-04-24,South,Electronics,Desk,5.0,27409.15,9267.01,Consumer
ORD11942,2028-04-25,North,Electronics,Desk,4.0,41779.72,3089.14,Consumer
ORD11943,2028-04-26,North,Electronics,Laptop,1.0,15275.69,9404.37,Consumer
ORD11944,2028-04-27,North,Electronics,Chair,9.0,41666.04,3058.54,Corporate
ORD11945,2028-04-28,North,Electronics,Chair,4.0,39274.24,4465.56,Corporate
ORD11946,2028-04-29,South,Furniture,Printer,3.0,1282.69,11919.76,Consumer
ORD11947,2028-04-30,North,Electronics,Keyboard,6.0,12124.85,11175.57,Consumer
ORD11948,2028-05-01,North,Electronics,Keyboard,1.0,27238.53,-381.27,Home Office
ORD11949,2028-05-02,West,Electronics,Keyboard,5.0,35937.35,9767.14,Consumer
ORD11950,2028-05-03,South,Electronics,Monitor,7.0,44050.42,1636.86,Consumer
ORD11951,2028-05-04,South,Electronics,Chair,2.0,32123.91,-3788.77,Corporate
ORD11952,2028-05-05,North,Electronics,Printer,9.0,19141.14,4788.28,Corporate
ORD11953,2028-05-06,South,Electronics,Desk,6.0,9394.43,11609.88,Home Office
ORD11954,2028-05-07,South,Furniture,Keyboard,2.0,38049.79,11563.33,Consumer
ORD11955,2028-05-08,South,Furniture,Desk,8.0,10497.72,-2850.09,Consumer
ORD11956,2028-05-09,South,Office Supplies,Desk,8.0,34832.44,8111.02,Corporate
ORD11957,2028-05-10,South,Electronics,Laptop,1.0,9224.34,8648.16,Consumer
ORD11958,2028-05-11,South,Electronics,Monitor,1.0,4734.48,1268.66,Home Office
ORD11959,2028-05-12,South,Furniture,Printer,1.0,12704.79,6196.12,Home Office
ORD11960,2028-05-13,West,Electronics,Monitor,4.0,24573.82,3298.71,Home Office
ORD11961,2028-05-14,North,Furniture,Laptop,4.0,32431.01,-1125.82,Consumer
ORD11962,2028-05-15,East,Electronics,Printer,8.0,8211.99,7941.49,Home Office
ORD11963,2028-05-16,North,Electronics,Printer,1.0,46529.28,-533.2,Consumer
ORD11964,2028-05-17,East,Furniture,Chair,3.0,27807.21,787.61,Consumer
ORD11965,2028-05-18,East,Furniture,Monitor,1.0,24648.4,-1769.69,Consumer
ORD11966,2028-05-19,South,Electronics,Monitor,9.0,21847.79,7227.61,Consumer
ORD11967,2028-05-20,North,Electronics,Chair,9.0,28416.75,2798.31,Consumer
ORD11968,2028-05-21,South,Electronics,Desk,7.0,1317.86,2537.35,Consumer
ORD11969,2028-05-22,North,Furniture,Laptop,8.0,49506.3,5277.57,Consumer
ORD11970,2028-05-23,North,Electronics,Monitor,1.0,27964.71,-2326.52,Home Office
ORD11971,2028-05-24,South,Electronics,Chair,5.0,1952.71,10268.62,Consumer
ORD11972,2028-05-25,West,Electronics,Printer,2.0,29580.88,2906.85,Corporate
ORD11973,2028-05-26,South,Electronics,Keyboard,1.0,21966.52,1230.96,Consumer
ORD11974,2028-05-27,West,Electronics,Chair,3.0,1397.08,-2846.26,Consumer
ORD11975,2028-05-28,South,Furniture,Keyboard,7.0,46236.55,-2144.78,Consumer
ORD11976,2028-05-29,West,Office Supplies,Desk,1.0,726.23,10646.13,Corporate
ORD11977,2028-05-30,North,Electronics,Laptop,2.0,28978.01,2762.49,Consumer
ORD11978,2028-05-31,East,Office Supplies,Keyboard,2.0,48097.18,7277.13,Consumer
ORD11979,2028-06-01,East,Electronics,Desk,4.0,12032.7,-3631.22,Corporate
ORD11980,2028-06-02,West,Electronics,Keyboard,3.0,12858.12,5938.9,Home Office
ORD11981,2028-06-03,West,Electronics,Printer,3.0,221.07,10665.83,Consumer
ORD11982,2028-06-04,South,Office Supplies,Printer,5.0,3504.29,99.38,Corporate
ORD11983,2028-06-05,South,Electronics,Printer,3.0,2435.44,4845.39,Consumer
ORD11984,2028-06-06,South,Electronics,Printer,7.0,41168.28,10983.72,Consumer
ORD11985,2028-06-07,South,Office Supplies,Chair,5.0,41869.53,7228.48,Consumer
ORD11986,2028-06-08,East,Furniture,Printer,4.0,36389.66,-3940.47,Consumer
ORD11987,2028-06-09,North,Electronics,Printer,3.0,17766.7,1438.53,Corporate
ORD11988,2028-06-10,West,Furniture,Chair,4.0,41098.47,-3541.86,Home Office
ORD11989,2028-06-11,South,Electronics,Printer,2.0,27080.77,9642.4,Consumer
ORD11990,2028-06-12,South,Furniture,Desk,1.0,15354.65,5568.27,Consumer
ORD11991,2028-06-13,East,Furniture,Desk,5.0,21976.38,11258.49,Consumer
ORD11992,2028-06-14,South,Electronics,Monitor,2.0,3475.23,-4664.14,Consumer
ORD11993,2028-06-15,South,Electronics,Desk,1.0,47256.45,2192.49,Corporate
ORD11994,2028-06-16,West,Furniture,Laptop,1.0,31032.0,-3225.81,Corporate
ORD11995,2028-06-17,West,Electronics,Laptop,2.0,36615.46,958.29,Consumer
ORD11996,2028-06-18,North,Office Supplies,Laptop,9.0,33893.85,-2247.92,Consumer
ORD11997,2028-06-19,North,Furniture,Chair,5.0,33453.95,589.49,Consumer
ORD11998,2028-06-20,North,Electronics,Desk,9.0,1059.6,8927.45,Corporate
ORD11999,2028-06-21,East,Furniture,Laptop,8.0,26363.49,-2268.11,Consumer
ORD12000,2028-06-22,South,Office Supplies,Monitor,6.0,41121.17,3052.3,Consumer
ORD12001,2028-06-23,East,Electronics,Chair,1.0,2417.04,10666.91,Consumer
ORD12002,2028-06-24,South,Electronics,Monitor,5.0,47817.05,11979.25,Consumer
ORD12003,2028-06-25,West,Electronics,Desk,1.0,21323.15,-739.1,Home Office
ORD12004,2028-06-26,North,Electronics,Printer,7.0,14636.8,10904.66,Home Office
ORD12005,2028-06-27,North,Electronics,Monitor,8.0,26684.7,-556.39,Consumer
ORD12006,2028-06-28,North,Office Supplies,Printer,8.0,40100.47,2029.98,Consumer
ORD12007,2028-06-29,East,Office Supplies,Chair,7.0,23842.8,9924.7,Consumer
ORD12008,2028-06-30,West,Electronics,Monitor,2.0,32326.26,8364.99,Corporate
ORD12009,2028-07-01,South,Furniture,Monitor,5.0,25095.74,9577.29,Consumer
ORD12010,2028-07-02,South,Office Supplies,Keyboard,4.0,31637.36,8604.36,Consumer
ORD12011,2028-07-03,South,Electronics,Chair,5.0,7073.94,-1003.96,Consumer
ORD12012,2028-07-04,East,Electronics,Chair,9.0,2125.44,4499.52,Corporate
ORD12013,2028-07-05,South,Electronics,Laptop,4.0,7017.69,1549.26,Corporate
ORD12014,2028-07-06,North,Electronics,Desk,8.0,14434.74,2815.09,Consumer
ORD12015,2028-07-07,North,Electronics,Monitor,8.0,12817.13,-2382.74,Consumer
ORD12016,2028-07-08,East,Electronics,Monitor,2.0,30835.73,368.05,Consumer
ORD12017,2028-07-09,East,Electronics,Chair,6.0,22903.29,9580.0,Consumer
ORD12018,2028-07-10,West,Electronics,Chair,5.0,2132.84,10258.49,Corporate
ORD12019,2028-07-11,South,Furniture,Desk,2.0,1936.32,5372.6,Corporate
ORD12020,2028-07-12,East,Furniture,Chair,4.0,4711.28,3470.54,Consumer
ORD12021,2028-07-13,East,Electronics,Printer,7.0,17783.44,7118.27,Corporate
ORD12022,2028-07-14,North,Electronics,Printer,1.0,24573.82,5350.51,Consumer
ORD12023,2028-07-15,North,Electronics,Keyboard,9.0,24800.57,11722.48,Consumer
ORD12024,2028-07-16,South,Electronics,Printer,1.0,18161.35,-1768.49,Consumer
ORD12025,2028-07-17,North,Office Supplies,Printer,5.0,27860.98,2633.76,Home Office
ORD12026,2028-07-18,West,Furniture,Desk,7.0,36097.1,10610.09,Home Office
ORD12027,2028-07-19,North,Furniture,Monitor,8.0,12698.45,10550.53,Consumer
ORD12028,2028-07-20,South,Electronics,Printer,2.0,8022.77,3420.9,Home Office
ORD12029,2028-07-21,North,Furniture,Keyboard,4.0,14047.07,-2708.25,Home Office
ORD12030,2028-07-22,South,Electronics,Chair,2.0,287.81,8854.29,Consumer
ORD12031,2028-07-23,North,Electronics,Printer,4.0,6176.65,4947.81,Corporate
ORD12032,2028-07-24,West,Electronics,Keyboard,6.0,37591.35,8143.82,Corporate
ORD12033,2028-07-25,North,Office Supplies,Desk,6.0,11295.78,2862.9,Home Office
ORD12034,2028-07-26,West,Electronics,Chair,2.0,49716.12,-1533.97,Consumer
ORD12035,2028-07-27,West,Electronics,Keyboard,4.0,8558.01,-4592.18,Consumer
ORD12036,2028-07-28,West,Electronics,Printer,4.0,39480.83,4505.35,Home Office
ORD12037,2028-07-29,South,Furniture,Monitor,1.0,35311.21,-2262.21,Consumer
ORD12038,2028-07-30,West,Office Supplies,Chair,2.0,16242.18,-1818.67,Consumer
ORD12039,2028-07-31,West,Furniture,Chair,3.0,16670.81,2417.2,Consumer
ORD12040,2028-08-01,South,Electronics,Monitor,5.0,28264.87,2515.31,Corporate
ORD12041,2028-08-02,North,Electronics,Chair,8.0,42648.23,-335.42,Consumer
ORD12042,2028-08-03,East,Electronics,Printer,6.0,19432.11,-2757.32,Consumer
ORD12043,2028-08-04,North,Furniture,Chair,3.0,3246.76,11064.2,Consumer
ORD12044,2028-08-05,West,Electronics,Printer,6.0,18846.08,-2762.11,Consumer
ORD12045,2028-08-06,South,Electronics,Monitor,7.0,10524.17,963.13,Consumer
ORD12046,2028-08-07,North,Electronics,Laptop,6.0,46972.51,182.76,Corporate
ORD12047,2028-08-08,South,Furniture,Monitor,6.0,34924.26,9727.74,Consumer
ORD12048,2028-08-09,North,Electronics,Printer,1.0,2731.47,1971.06,Consumer
ORD12049,2028-08-10,South,Furniture,Desk,3.0,14790.83,-2891.26,Corporate
ORD12050,2028-08-11,South,Electronics,Monitor,7.0,2700.76,-4825.56,Home Office
ORD12051,2028-08-12,West,Electronics,Desk,4.0,41534.83,7273.14,Corporate
ORD12052,2028-08-13,South,Electronics,Desk,4.0,45333.56,7146.52,Consumer
ORD12053,2028-08-14,South,Furniture,Printer,7.0,5791.52,2102.32,Consumer
ORD12054,2028-08-15,East,Furniture,Printer,9.0,22126.44,-2852.76,Consumer
ORD12055,2028-08-16,East,Electronics,Laptop,2.0,46607.79,1317.77,Home Office
ORD12056,2028-08-17,South,Electronics,Keyboard,9.0,7431.54,5028.0,Corporate
ORD12057,2028-08-18,South,Electronics,Chair,3.0,14736.8,6967.03,Home Office
ORD12058,2028-08-19,North,Electronics,Monitor,6.0,15352.88,-3669.92,Consumer
ORD12059,2028-08-20,West,Furniture,Printer,4.0,1696.9,4457.23,Home Office
ORD12060,2028-08-21,East,Electronics,Monitor,1.0,2006.41,-305.89,Home Office
ORD12061,2028-08-22,North,Electronics,Keyboard,9.0,47649.08,5493.53,Corporate
ORD12062,2028-08-23,South,Office Supplies,Keyboard,6.0,28640.41,6018.38,Home Office
ORD12063,2028-08-24,North,Office Supplies,Desk,8.0,15471.09,10480.26,Consumer
ORD12064,2028-08-25,North,Electronics,Chair,2.0,19058.0,1976.43,Consumer
ORD12065,2028-08-26,East,Furniture,Laptop,7.0,35799.18,4139.04,Consumer
ORD12066,2028-08-27,South,Electronics,Monitor,6.0,18452.56,-440.34,Consumer
ORD12067,2028-08-28,West,Office Supplies,Chair,5.0,11542.47,-128.53,Consumer
ORD12068,2028-08-29,South,Furniture,Laptop,2.0,5271.5,-4217.43,Corporate
ORD12069,2028-08-30,South,Electronics,Monitor,4.0,36500.86,-136.83,Consumer
ORD12070,2028-08-31,West,Electronics,Chair,4.0,9192.14,-3914.91,Consumer
ORD12071,2028-09-01,South,Electronics,Printer,3.0,3668.48,11386.57,Consumer
ORD12072,2028-09-02,South,Electronics,Monitor,8.0,21462.33,5612.48,Consumer
ORD12073,2028-09-03,South,Furniture,Chair,7.0,2170.63,-2056.47,Corporate
ORD12074,2028-09-04,North,Electronics,Keyboard,2.0,48256.9,-3014.97,Consumer
ORD12075,2028-09-05,North,Electronics,Laptop,3.0,31439.19,1292.08,Corporate
ORD12076,2028-09-06,South,Office Supplies,Chair,9.0,7804.3,230.0,Corporate
ORD12077,2028-09-07,North,Electronics,Printer,5.0,8788.21,-252.67,Consumer
ORD12078,2028-09-08,North,Office Supplies,Monitor,2.0,28577.46,2959.33,Consumer
ORD12079,2028-09-09,South,Office Supplies,Monitor,3.0,17956.97,10518.86,Consumer
ORD12080,2028-09-10,South,Electronics,Monitor,8.0,38758.48,4656.85,Home Office
ORD12081,2028-09-11,West,Office Supplies,Printer,4.0,27381.16,3860.94,Consumer
ORD12082,2028-09-12,North,Electronics,Laptop,2.0,21780.03,8711.32,Consumer
ORD12083,2028-09-13,South,Office Supplies,Monitor,2.0,24573.82,-4931.58,Consumer
ORD12084,2028-09-14,North,Electronics,Laptop,6.0,19658.31,-1644.44,Home Office
ORD12085,2028-09-15,West,Office Supplies,Chair,8.0,20150.42,3435.16,Consumer
ORD12086,2028-09-16,South,Electronics,Keyboard,7.0,33355.47,6990.25,Corporate
ORD12087,2028-09-17,South,Office Supplies,Keyboard,4.0,40512.03,3245.48,Consumer
ORD12088,2028-09-18,North,Office Supplies,Laptop,2.0,31385.51,-2216.83,Consumer
ORD12089,2028-09-19,East,Furniture,Laptop,9.0,34990.79,10809.71,Consumer
ORD12090,2028-09-20,North,Electronics,Keyboard,4.0,18771.99,587.31,Home Office
ORD12091,2028-09-21,North,Electronics,Monitor,9.0,24078.94,8399.67,Consumer
ORD12092,2028-09-22,West,Electronics,Desk,5.0,10012.35,10154.03,Corporate
ORD12093,2028-09-23,South,Electronics,Desk,7.0,34076.28,889.64,Consumer
ORD12094,2028-09-24,East,Office Supplies,Printer,5.0,11228.31,9370.3,Home Office
ORD12095,2028-09-25,North,Electronics,Keyboard,2.0,262.59,7083.15,Corporate
ORD12096,2028-09-26,North,Electronics,Keyboard,6.0,46701.35,10372.77,Home Office
ORD12097,2028-09-27,North,Furniture,Printer,7.0,15439.56,-727.72,Consumer
ORD12098,2028-09-28,West,Electronics,Desk,6.0,9992.28,10831.72,Home Office
ORD12099,2028-09-29,West,Electronics,Chair,3.0,13553.71,-3889.79,Consumer
ORD12100,2028-09-30,North,Electronics,Monitor,8.0,16656.3,8492.41,Consumer
ORD12101,2028-10-01,East,Office Supplies,Monitor,3.0,23832.41,2406.31,Consumer
ORD12102,2028-10-02,South,Furniture,Chair,5.0,3653.71,-1975.87,Consumer
ORD12103,2028-10-03,East,Electronics,Chair,9.0,2823.12,-3650.15,Consumer
ORD12104,2028-10-04,South,Office Supplies,Desk,5.0,14786.96,1622.31,Consumer
ORD12105,2028-10-05,South,Furniture,Printer,7.0,14929.15,1618.51,Corporate
ORD12106,2028-10-06,South,Electronics,Chair,7.0,6058.78,-1090.72,Home Office
ORD12107,2028-10-07,North,Electronics,Printer,5.0,20358.62,-1336.24,Home Office
ORD12108,2028-10-08,South,Furniture,Laptop,2.0,14344.63,1791.74,Consumer
ORD12109,2028-10-09,West,Electronics,Monitor,5.0,1497.57,1971.94,Home Office
ORD12110,2028-10-10,South,Furniture,Desk,7.0,44308.89,2520.2,Consumer
ORD12111,2028-10-11,North,Furniture,Monitor,7.0,44323.75,9768.91,Consumer
ORD12112,2028-10-12,North,Electronics,Desk,4.0,10617.28,5391.33,Home Office
ORD12113,2028-10-13,North,Electronics,Laptop,1.0,8311.04,-4652.64,Home Office
ORD12114,2028-10-14,West,Office Supplies,Monitor,6.0,24573.82,3824.69,Consumer
ORD12115,2028-10-15,East,Office Supplies,Laptop,3.0,31611.52,7961.67,Consumer
ORD12116,2028-10-16,West,Electronics,Desk,5.0,47885.62,-4040.96,Corporate
ORD12117,2028-10-17,North,Electronics,Chair,4.0,18991.95,2184.33,Home Office
ORD12118,2028-10-18,North,Electronics,Monitor,2.0,30986.38,2670.57,Consumer
ORD12119,2028-10-19,South,Furniture,Laptop,7.0,43933.42,11218.35,Consumer
ORD12120,2028-10-20,West,Electronics,Keyboard,5.0,22607.7,3086.63,Consumer
ORD12121,2028-10-21,West,Furniture,Monitor,7.0,6292.82,7748.3,Consumer
ORD12122,2028-10-22,North,Furniture,Monitor,9.0,18996.87,149.33,Consumer
ORD12123,2028-10-23,East,Electronics,Monitor,4.0,7001.03,8248.21,Consumer
ORD12124,2028-10-24,North,Electronics,Printer,5.0,1028.65,485.26,Consumer
ORD12125,2028-10-25,North,Electronics,Laptop,9.0,37627.34,2310.4,Consumer
ORD12126,2028-10-26,West,Furniture,Laptop,4.0,12073.5,3151.2,Corporate
ORD12127,2028-10-27,North,Electronics,Monitor,5.0,299.95,10748.17,Corporate
ORD12128,2028-10-28,North,Office Supplies,Chair,5.0,43647.13,-4091.29,Consumer
ORD12129,2028-10-29,North,Furniture,Monitor,8.0,22300.68,-1653.26,Consumer
ORD12130,2028-10-30,West,Electronics,Printer,4.0,12095.22,6997.63,Consumer
ORD12131,2028-10-31,West,Electronics,Desk,4.0,13286.94,4818.82,Consumer
ORD12132,2028-11-01,South,Furniture,Printer,7.0,12178.79,-723.97,Consumer
ORD12133,2028-11-02,West,Furniture,Chair,5.0,9888.9,-83.58,Consumer
ORD12134,2028-11-03,East,Electronics,Monitor,6.0,42093.07,1244.26,Consumer
ORD12135,2028-11-04,North,Office Supplies,Laptop,6.0,8682.52,2655.9,Consumer
ORD12136,2028-11-05,West,Office Supplies,Keyboard,6.0,28180.36,8906.46,Consumer
ORD12137,2028-11-06,South,Electronics,Monitor,5.0,4050.55,-4765.14,Corporate
ORD12138,2028-11-07,South,Electronics,Chair,5.0,47486.16,10266.34,Consumer
ORD12139,2028-11-08,South,Electronics,Laptop,9.0,30245.03,2021.46,Corporate
ORD12140,2028-11-09,North,Furniture,Printer,8.0,45177.0,-1081.54,Consumer
ORD12141,2028-11-10,North,Furniture,Desk,4.0,20014.31,3643.02,Corporate
ORD12142,2028-11-11,West,Office Supplies,Desk,7.0,40571.47,6214.39,Corporate
ORD12143,2028-11-12,South,Electronics,Monitor,8.0,42711.99,-4239.21,Consumer
ORD12144,2028-11-13,North,Electronics,Printer,9.0,35206.87,7168.21,Home Office
ORD12145,2028-11-14,North,Electronics,Keyboard,5.0,4828.78,7932.94,Corporate
ORD12146,2028-11-15,East,Furniture,Keyboard,3.0,1000.79,-2174.9,Consumer
ORD12147,2028-11-16,South,Electronics,Chair,4.0,8594.27,-2146.02,Consumer
ORD12148,2028-11-17,North,Electronics,Desk,6.0,6081.22,-1535.66,Consumer
ORD12149,2028-11-18,North,Electronics,Printer,5.0,36311.86,8542.69,Consumer
ORD12150,2028-11-19,East,Electronics,Monitor,9.0,27938.94,-375.95,Consumer
ORD12151,2028-11-20,North,Furniture,Laptop,3.0,26392.35,8530.91,Corporate
ORD12152,2028-11-21,North,Electronics,Monitor,2.0,24573.82,4188.91,Home Office
ORD12153,2028-11-22,North,Electronics,Monitor,6.0,7899.46,8041.91,Corporate
ORD12154,2028-11-23,East,Furniture,Printer,7.0,10486.09,4412.44,Consumer
ORD12155,2028-11-24,South,Electronics,Desk,5.0,20133.79,708.07,Consumer
ORD12156,2028-11-25,West,Electronics,Printer,1.0,37059.13,10482.14,Home Office
ORD12157,2028-11-26,South,Electronics,Laptop,3.0,12874.93,7160.03,Consumer
ORD12158,2028-11-27,West,Furniture,Printer,3.0,34990.93,3228.93,Consumer
ORD12159,2028-11-28,North,Electronics,Chair,4.0,24677.29,5836.28,Consumer
ORD12160,2028-11-29,South,Electronics,Monitor,6.0,44294.95,5469.34,Consumer
ORD12161,2028-11-30,East,Electronics,Desk,5.0,11799.15,1087.98,Corporate
ORD12162,2028-12-01,East,Furniture,Keyboard,1.0,22652.66,2204.12,Corporate
ORD12163,2028-12-02,South,Electronics,Laptop,6.0,5013.91,410.37,Home Office
ORD12164,2028-12-03,South,Electronics,Keyboard,9.0,16890.63,11991.81,Consumer
ORD12165,2028-12-04,North,Electronics,Monitor,1.0,25442.65,4861.1,Corporate
ORD12166,2028-12-05,South,Furniture,Printer,8.0,36690.46,-3435.06,Consumer
ORD12167,2028-12-06,North,Furniture,Keyboard,8.0,10064.24,3824.82,Consumer
ORD12168,2028-12-07,North,Electronics,Chair,3.0,11060.99,-4150.65,Corporate
ORD12169,2028-12-08,East,Office Supplies,Printer,9.0,31652.58,-92.92,Home Office
ORD12170,2028-12-09,South,Furniture,Monitor,8.0,19246.4,2581.34,Consumer
ORD12171,2028-12-10,West,Office Supplies,Keyboard,3.0,24208.32,4082.6,Consumer
ORD12172,2028-12-11,South,Furniture,Laptop,5.0,41839.52,11595.08,Corporate
ORD12173,2028-12-12,West,Electronics,Keyboard,3.0,25054.35,11697.77,Home Office
ORD12174,2028-12-13,South,Electronics,Keyboard,5.0,32694.47,-3332.82,Consumer
ORD12175,2028-12-14,North,Electronics,Desk,9.0,32907.4,4148.26,Home Office
ORD12176,2028-12-15,West,Electronics,Keyboard,4.0,40219.87,8890.86,Consumer
ORD12177,2028-12-16,South,Office Supplies,Monitor,6.0,31979.35,-958.88,Consumer
ORD12178,2028-12-17,South,Furniture,Laptop,3.0,3427.53,7759.57,Consumer
ORD12179,2028-12-18,West,Electronics,Monitor,3.0,17240.21,9936.52,Consumer
ORD12180,2028-12-19,South,Electronics,Chair,5.0,49467.95,6262.29,Consumer
ORD12181,2028-12-20,North,Electronics,Printer,8.0,9986.21,570.96,Corporate
ORD12182,2028-12-21,North,Electronics,Keyboard,8.0,29419.11,10693.25,Consumer
ORD12183,2028-12-22,North,Furniture,Desk,3.0,42178.44,10019.84,Home Office
ORD12184,2028-12-23,South,Office Supplies,Laptop,8.0,29410.62,7169.03,Consumer
ORD12185,2028-12-24,North,Furniture,Desk,8.0,18739.06,1182.36,Home Office
ORD12186,2028-12-25,South,Electronics,Desk,3.0,4195.38,8462.24,Consumer
ORD12187,2028-12-26,South,Electronics,Desk,2.0,18210.91,373.85,Home Office
ORD12188,2028-12-27,North,Furniture,Keyboard,2.0,9266.96,-699.8,Consumer
ORD12189,2028-12-28,South,Furniture,Laptop,9.0,48050.97,3755.23,Corporate
ORD12190,2028-12-29,East,Furniture,Laptop,7.0,35808.59,11951.3,Home Office
ORD12191,2028-12-30,South,Electronics,Desk,6.0,37519.28,8673.47,Consumer
ORD12192,2028-12-31,South,Office Supplies,Printer,7.0,21911.27,7406.48,Consumer
ORD12193,2029-01-01,South,Furniture,Keyboard,8.0,5676.25,2684.22,Consumer
ORD12194,2029-01-02,South,Electronics,Keyboard,1.0,13482.48,303.15,Consumer
ORD12195,2029-01-03,North,Electronics,Monitor,8.0,13133.61,9550.31,Consumer
ORD12196,2029-01-04,South,Electronics,Keyboard,3.0,24441.61,4651.46,Consumer
ORD12197,2029-01-05,North,Electronics,Desk,3.0,23156.79,8825.33,Consumer
ORD12198,2029-01-06,West,Electronics,Chair,6.0,21783.73,3291.81,Corporate
ORD12199,2029-01-07,East,Furniture,Desk,4.0,24899.68,7817.28,Consumer
ORD12200,2029-01-08,North,Furniture,Laptop,4.0,49353.75,9751.6,Corporate
ORD12201,2029-01-09,South,Electronics,Keyboard,4.0,15058.01,1653.63,Corporate
ORD12202,2029-01-10,West,Electronics,Keyboard,9.0,30840.4,-4769.32,Consumer
ORD12203,2029-01-11,North,Furniture,Monitor,8.0,12127.49,-666.25,Corporate
ORD12204,2029-01-12,North,Electronics,Chair,3.0,23436.99,10553.56,Consumer
ORD12205,2029-01-13,East,Office Supplies,Keyboard,1.0,10162.45,6688.22,Home Office
ORD12206,2029-01-14,South,Office Supplies,Monitor,1.0,27997.97,7532.72,Consumer
ORD12207,2029-01-15,North,Furniture,Monitor,1.0,13397.59,529.91,Consumer
ORD12208,2029-01-16,North,Electronics,Chair,4.0,2032.09,6921.64,Consumer
ORD12209,2029-01-17,North,Furniture,Desk,6.0,40800.5,5986.8,Home Office
ORD12210,2029-01-18,South,Electronics,Desk,4.0,6587.1,-1967.65,Corporate
ORD12211,2029-01-19,South,Electronics,Desk,3.0,18528.33,11467.74,Consumer
ORD12212,2029-01-20,West,Electronics,Printer,8.0,23963.44,1018.44,Corporate
ORD12213,2029-01-21,South,Furniture,Desk,8.0,21737.5,597.88,Consumer
ORD12214,2029-01-22,South,Electronics,Chair,6.0,36338.16,1275.75,Home Office
ORD12215,2029-01-23,South,Electronics,Printer,9.0,29919.47,-3440.77,Consumer
ORD12216,2029-01-24,North,Office Supplies,Desk,1.0,14909.48,5624.38,Consumer
ORD12217,2029-01-25,North,Furniture,Printer,8.0,2774.81,-943.39,Consumer
ORD12218,2029-01-26,North,Furniture,Chair,6.0,38426.24,8656.32,Corporate
ORD12219,2029-01-27,North,Furniture,Desk,1.0,17755.85,1700.66,Corporate
ORD12220,2029-01-28,North,Electronics,Laptop,4.0,44508.29,2795.49,Consumer
ORD12221,2029-01-29,North,Electronics,Keyboard,5.0,19873.83,5989.17,Corporate
ORD12222,2029-01-30,North,Electronics,Chair,7.0,35939.4,7951.81,Corporate
ORD12223,2029-01-31,North,Electronics,Monitor,8.0,46990.32,-1071.04,Consumer
ORD12224,2029-02-01,North,Electronics,Monitor,9.0,24573.82,11427.0,Consumer
ORD12225,2029-02-02,East,Furniture,Chair,6.0,20791.75,5579.47,Consumer
ORD12226,2029-02-03,West,Office Supplies,Monitor,9.0,28456.48,-4904.14,Consumer
ORD12227,2029-02-04,South,Furniture,Chair,4.0,27263.57,2065.58,Corporate
ORD12228,2029-02-05,North,Electronics,Laptop,8.0,29324.04,2425.9,Home Office
ORD12229,2029-02-06,South,Office Supplies,Chair,3.0,7511.64,8755.8,Consumer
ORD12230,2029-02-07,South,Furniture,Desk,4.0,34985.79,187.38,Corporate
ORD12231,2029-02-08,West,Office Supplies,Desk,4.0,7423.15,630.85,Consumer
ORD12232,2029-02-09,South,Electronics,Printer,6.0,927.92,-3801.6,Consumer
ORD12233,2029-02-10,East,Electronics,Monitor,9.0,31314.05,-179.72,Consumer
ORD12234,2029-02-11,South,Furniture,Keyboard,6.0,6022.3,7188.35,Consumer
ORD12235,2029-02-12,South,Electronics,Monitor,1.0,38566.5,5790.87,Consumer
ORD12236,2029-02-13,South,Electronics,Chair,5.0,43325.1,-3616.3,Consumer
ORD12237,2029-02-14,North,Furniture,Keyboard,9.0,47247.89,-3050.2,Consumer
ORD12238,2029-02-15,North,Electronics,Keyboard,5.0,33290.95,1407.74,Consumer
ORD12239,2029-02-16,East,Electronics,Monitor,6.0,24204.34,7643.88,Consumer
ORD12240,2029-02-17,North,Furniture,Keyboard,3.0,17743.6,9159.61,Corporate
ORD12241,2029-02-18,East,Electronics,Keyboard,8.0,24648.07,-4751.39,Corporate
ORD12242,2029-02-19,North,Office Supplies,Desk,4.0,9679.54,593.18,Corporate
ORD12243,2029-02-20,South,Electronics,Laptop,4.0,17551.45,2212.45,Consumer
ORD12244,2029-02-21,South,Office Supplies,Chair,5.0,35952.94,10489.26,Consumer
ORD12245,2029-02-22,North,Furniture,Monitor,9.0,24573.82,3523.91,Consumer
ORD12246,2029-02-23,North,Office Supplies,Desk,8.0,13350.54,-415.09,Consumer
ORD12247,2029-02-24,North,Furniture,Printer,7.0,37516.55,1630.8,Corporate
ORD12248,2029-02-25,West,Furniture,Keyboard,5.0,9056.23,2419.39,Consumer
ORD12249,2029-02-26,South,Electronics,Keyboard,9.0,12445.2,6389.93,Home Office
ORD12250,2029-02-27,North,Furniture,Monitor,9.0,1073.87,-4301.51,Consumer
ORD12251,2029-02-28,East,Office Supplies,Laptop,2.0,36058.57,1620.68,Consumer
ORD12252,2029-03-01,West,Electronics,Laptop,4.0,30971.6,5991.43,Corporate
ORD12253,2029-03-02,North,Electronics,Monitor,8.0,34780.4,-183.52,Corporate
ORD12254,2029-03-03,North,Furniture,Monitor,1.0,10873.52,5059.77,Home Office
ORD12255,2029-03-04,North,Electronics,Desk,5.0,34431.34,1073.74,Consumer
ORD12256,2029-03-05,North,Electronics,Monitor,8.0,29899.56,7898.25,Consumer
ORD12257,2029-03-06,North,Electronics,Printer,2.0,18432.92,-3969.84,Consumer
ORD12258,2029-03-07,East,Furniture,Desk,2.0,22003.73,10605.35,Consumer
ORD12259,2029-03-08,West,Electronics,Keyboard,8.0,28482.44,-2082.59,Corporate
ORD12260,2029-03-09,South,Furniture,Keyboard,9.0,24765.95,-2304.7,Consumer
ORD12261,2029-03-10,South,Furniture,Keyboard,7.0,32163.04,9290.93,Consumer
ORD12262,2029-03-11,East,Electronics,Keyboard,8.0,9212.78,9777.81,Consumer
ORD12263,2029-03-12,East,Electronics,Chair,5.0,27127.36,-3419.45,Home Office
ORD12264,2029-03-13,South,Electronics,Printer,1.0,22623.92,10448.22,Corporate
ORD12265,2029-03-14,South,Electronics,Desk,4.0,23158.82,-353.94,Consumer
ORD12266,2029-03-15,South,Electronics,Desk,2.0,23575.23,5516.57,Consumer
ORD12267,2029-03-16,South,Electronics,Keyboard,3.0,44097.3,-3833.91,Corporate
ORD12268,2029-03-17,South,Office Supplies,Laptop,3.0,40967.65,1471.24,Consumer
ORD12269,2029-03-18,North,Furniture,Desk,9.0,31552.58,2662.32,Corporate
ORD12270,2029-03-19,East,Electronics,Printer,4.0,24573.82,5197.05,Consumer
ORD12271,2029-03-20,North,Electronics,Monitor,2.0,2331.57,3929.62,Consumer
ORD12272,2029-03-21,South,Electronics,Printer,3.0,37250.79,2845.38,Home Office
ORD12273,2029-03-22,South,Electronics,Keyboard,3.0,24411.0,11313.88,Home Office
ORD12274,2029-03-23,South,Furniture,Keyboard,7.0,16023.83,-1854.61,Consumer
ORD12275,2029-03-24,West,Furniture,Chair,8.0,7160.89,-2314.1,Home Office
ORD12276,2029-03-25,North,Electronics,Desk,6.0,3945.4,7128.12,Home Office
ORD12277,2029-03-26,North,Office Supplies,Desk,4.0,2435.31,-3732.62,Home Office
ORD12278,2029-03-27,South,Electronics,Desk,6.0,8257.45,3209.15,Consumer
ORD12279,2029-03-28,North,Electronics,Keyboard,1.0,1701.16,3228.9,Consumer
ORD12280,2029-03-29,West,Electronics,Desk,8.0,36685.58,270.43,Consumer
ORD12281,2029-03-30,North,Electronics,Laptop,1.0,12580.98,10817.54,Consumer
ORD12282,2029-03-31,South,Office Supplies,Laptop,5.0,18563.27,-196.76,Home Office
ORD12283,2029-04-01,North,Electronics,Monitor,2.0,41171.27,-96.49,Consumer
ORD12284,2029-04-02,West,Furniture,Desk,6.0,5909.94,-1016.9,Consumer
ORD12285,2029-04-03,West,Electronics,Chair,9.0,41812.58,-2521.6,Corporate
ORD12286,2029-04-04,East,Electronics,Monitor,5.0,32049.11,1188.19,Home Office
ORD12287,2029-04-05,South,Electronics,Keyboard,4.0,17233.07,6575.08,Consumer
ORD12288,2029-04-06,South,Electronics,Desk,2.0,6066.8,7616.77,Consumer
ORD12289,2029-04-07,South,Electronics,Laptop,3.0,24573.82,8828.12,Consumer
ORD12290,2029-04-08,West,Electronics,Chair,6.0,16908.61,-1641.75,Consumer
ORD12291,2029-04-09,East,Electronics,Monitor,8.0,7189.03,-4394.24,Corporate
ORD12292,2029-04-10,East,Office Supplies,Chair,8.0,13531.97,11569.66,Home Office
ORD12293,2029-04-11,North,Electronics,Desk,5.0,2837.2,-4756.35,Consumer
ORD12294,2029-04-12,North,Office Supplies,Printer,5.0,29831.42,11331.54,Consumer
ORD12295,2029-04-13,East,Electronics,Chair,3.0,7434.75,9089.85,Home Office
ORD12296,2029-04-14,North,Electronics,Chair,7.0,37885.27,10505.27,Consumer
ORD12297,2029-04-15,West,Electronics,Keyboard,6.0,11065.11,1582.16,Consumer
ORD12298,2029-04-16,North,Furniture,Laptop,1.0,39939.23,-1647.57,Consumer
ORD12299,2029-04-17,West,Electronics,Desk,4.0,9656.12,5309.88,Home Office
ORD12300,2029-04-18,East,Electronics,Chair,6.0,36124.05,7601.27,Home Office
ORD12301,2029-04-19,East,Electronics,Desk,6.0,16787.12,-2775.36,Consumer
ORD12302,2029-04-20,West,Furniture,Laptop,3.0,29239.38,8559.57,Corporate
ORD12303,2029-04-21,North,Electronics,Keyboard,6.0,2125.36,-1453.91,Consumer
ORD12304,2029-04-22,North,Electronics,Desk,6.0,24863.17,3358.51,Consumer
ORD12305,2029-04-23,South,Electronics,Laptop,9.0,7604.66,9560.2,Home Office
ORD12306,2029-04-24,East,Electronics,Laptop,9.0,24418.75,-1711.78,Corporate
ORD12307,2029-04-25,South,Electronics,Monitor,2.0,7239.68,-887.96,Home Office
ORD12308,2029-04-26,South,Electronics,Keyboard,4.0,21967.04,-3932.89,Consumer
ORD12309,2029-04-27,North,Electronics,Keyboard,9.0,5708.92,-2507.56,Home Office
ORD12310,2029-04-28,West,Electronics,Desk,4.0,11153.59,-2509.06,Consumer
ORD12311,2029-04-29,North,Office Supplies,Printer,8.0,29834.93,-1541.73,Consumer
ORD12312,2029-04-30,West,Electronics,Monitor,3.0,48837.7,-134.59,Home Office
ORD12313,2029-05-01,South,Furniture,Keyboard,3.0,22569.4,8854.72,Consumer
ORD12314,2029-05-02,East,Furniture,Laptop,9.0,34421.25,10567.99,Consumer
ORD12315,2029-05-03,North,Electronics,Keyboard,8.0,27063.35,1906.77,Consumer
ORD12316,2029-05-04,West,Furniture,Printer,1.0,25018.23,-2820.45,Consumer
ORD12317,2029-05-05,East,Electronics,Chair,2.0,3422.27,-1195.23,Consumer
ORD12318,2029-05-06,South,Furniture,Chair,3.0,7386.01,7515.5,Consumer
ORD12319,2029-05-07,West,Office Supplies,Keyboard,2.0,44176.27,6516.23,Consumer
ORD12320,2029-05-08,South,Furniture,Keyboard,3.0,20626.18,11442.52,Corporate
ORD12321,2029-05-09,South,Electronics,Monitor,8.0,30793.76,-4753.69,Consumer
ORD12322,2029-05-10,South,Electronics,Keyboard,6.0,26506.01,7762.9,Consumer
ORD12323,2029-05-11,North,Electronics,Printer,7.0,19068.34,3598.49,Home Office
ORD12324,2029-05-12,North,Electronics,Keyboard,6.0,19513.26,10345.78,Corporate
ORD12325,2029-05-13,West,Electronics,Desk,1.0,27862.16,4794.83,Home Office
ORD12326,2029-05-14,South,Office Supplies,Printer,3.0,7228.86,2593.35,Consumer
ORD12327,2029-05-15,North,Furniture,Monitor,1.0,19485.5,6319.46,Consumer
ORD12328,2029-05-16,South,Office Supplies,Desk,9.0,22459.38,9169.9,Consumer
ORD12329,2029-05-17,East,Electronics,Desk,9.0,49259.29,-197.52,Consumer
ORD12330,2029-05-18,North,Electronics,Chair,5.0,17702.45,-3172.04,Consumer
ORD12331,2029-05-19,South,Electronics,Printer,4.0,32300.03,2361.31,Consumer
ORD12332,2029-05-20,North,Office Supplies,Desk,9.0,7043.29,-1353.16,Corporate
ORD12333,2029-05-21,North,Office Supplies,Monitor,9.0,3460.97,2302.2,Home Office
ORD12334,2029-05-22,South,Furniture,Chair,3.0,43602.79,11847.82,Consumer
ORD12335,2029-05-23,North,Electronics,Desk,5.0,24573.82,4760.08,Consumer
ORD12336,2029-05-24,South,Electronics,Printer,3.0,16011.46,6791.2,Consumer
ORD12337,2029-05-25,West,Furniture,Chair,2.0,25327.98,6524.78,Corporate
ORD12338,2029-05-26,West,Electronics,Printer,1.0,6960.06,8951.91,Consumer
ORD12339,2029-05-27,West,Electronics,Printer,2.0,35416.58,11050.19,Corporate
ORD12340,2029-05-28,South,Electronics,Printer,8.0,3702.46,6199.91,Consumer
ORD12341,2029-05-29,South,Furniture,Chair,8.0,37900.25,3093.61,Home Office
ORD12342,2029-05-30,North,Electronics,Desk,3.0,27432.46,403.13,Consumer
ORD12343,2029-05-31,West,Electronics,Keyboard,7.0,14086.76,1124.66,Consumer
ORD12344,2029-06-01,North,Office Supplies,Laptop,7.0,43156.2,686.17,Consumer
ORD12345,2029-06-02,South,Electronics,Desk,2.0,49306.38,515.91,Consumer
ORD12346,2029-06-03,East,Electronics,Chair,9.0,12866.59,6808.63,Home Office
ORD12347,2029-06-04,North,Electronics,Laptop,3.0,40351.06,4991.05,Consumer
ORD12348,2029-06-05,South,Furniture,Laptop,2.0,37558.28,-1566.08,Consumer
ORD12349,2029-06-06,South,Office Supplies,Laptop,3.0,37410.07,11483.64,Corporate
ORD12350,2029-06-07,North,Office Supplies,Keyboard,2.0,47870.33,2271.33,Corporate
ORD12351,2029-06-08,South,Electronics,Monitor,8.0,24433.53,4623.47,Consumer
ORD12352,2029-06-09,West,Furniture,Chair,5.0,33773.57,6944.22,Consumer
ORD12353,2029-06-10,North,Electronics,Keyboard,3.0,41229.09,5432.52,Home Office
ORD12354,2029-06-11,South,Electronics,Keyboard,5.0,24080.91,287.88,Consumer
ORD12355,2029-06-12,North,Electronics,Monitor,8.0,24175.27,8561.01,Home Office
ORD12356,2029-06-13,South,Electronics,Laptop,7.0,16069.01,-3127.39,Consumer
ORD12357,2029-06-14,South,Electronics,Monitor,6.0,39085.12,4672.93,Consumer
ORD12358,2029-06-15,North,Furniture,Monitor,5.0,34372.55,-353.61,Consumer
ORD12359,2029-06-16,North,Electronics,Keyboard,1.0,22666.77,5467.96,Consumer
ORD12360,2029-06-17,South,Furniture,Chair,1.0,21082.97,-1294.11,Corporate
ORD12361,2029-06-18,North,Electronics,Printer,8.0,3814.96,8127.39,Consumer
ORD12362,2029-06-19,South,Electronics,Monitor,8.0,523.76,-1131.88,Consumer
ORD12363,2029-06-20,East,Electronics,Monitor,7.0,26538.92,10136.67,Home Office
ORD12364,2029-06-21,North,Furniture,Laptop,6.0,20991.14,9646.43,Consumer
ORD12365,2029-06-22,West,Furniture,Laptop,4.0,39842.63,1160.69,Corporate
ORD12366,2029-06-23,South,Electronics,Keyboard,1.0,27224.17,1558.94,Consumer
ORD12367,2029-06-24,East,Furniture,Laptop,9.0,46847.96,6925.56,Consumer
ORD12368,2029-06-25,West,Electronics,Desk,1.0,9967.81,-3463.65,Consumer
ORD12369,2029-06-26,West,Office Supplies,Monitor,4.0,49509.49,-3624.37,Consumer
ORD12370,2029-06-27,South,Office Supplies,Laptop,3.0,15036.38,-2682.49,Consumer
ORD12371,2029-06-28,North,Office Supplies,Chair,7.0,32192.71,4562.08,Home Office
ORD12372,2029-06-29,South,Furniture,Desk,5.0,25192.31,-2466.96,Consumer
ORD12373,2029-06-30,East,Furniture,Keyboard,5.0,18106.9,-280.51,Consumer
ORD12374,2029-07-01,West,Electronics,Printer,4.0,7137.6,5997.49,Corporate
ORD12375,2029-07-02,South,Electronics,Monitor,1.0,6914.74,-4734.4,Corporate
ORD12376,2029-07-03,North,Electronics,Monitor,5.0,35632.99,-1935.98,Consumer
ORD12377,2029-07-04,South,Office Supplies,Chair,4.0,19006.54,10808.82,Corporate
ORD12378,2029-07-05,North,Electronics,Printer,8.0,48072.64,6280.82,Consumer
ORD12379,2029-07-06,North,Electronics,Printer,2.0,16417.29,194.37,Consumer
ORD12380,2029-07-07,East,Furniture,Keyboard,8.0,49179.48,-4229.84,Consumer
ORD12381,2029-07-08,West,Electronics,Keyboard,1.0,10430.08,4962.83,Consumer
ORD12382,2029-07-09,South,Office Supplies,Desk,4.0,5320.16,-1211.27,Corporate
ORD12383,2029-07-10,North,Office Supplies,Monitor,3.0,15765.97,11322.98,Home Office
ORD12384,2029-07-11,North,Furniture,Laptop,5.0,44302.12,6678.34,Home Office
ORD12385,2029-07-12,North,Electronics,Keyboard,5.0,26188.23,11560.11,Consumer
ORD12386,2029-07-13,South,Electronics,Chair,5.0,6955.38,9431.28,Consumer
ORD12387,2029-07-14,North,Furniture,Chair,4.0,10284.45,3211.47,Corporate
ORD12388,2029-07-15,East,Electronics,Chair,5.0,15700.78,6382.57,Home Office
ORD12389,2029-07-16,West,Electronics,Keyboard,3.0,29590.3,8805.82,Home Office
ORD12390,2029-07-17,East,Office Supplies,Keyboard,4.0,16752.47,4829.03,Consumer
ORD12391,2029-07-18,South,Electronics,Chair,1.0,37403.29,-3954.71,Home Office
ORD12392,2029-07-19,North,Electronics,Keyboard,7.0,30891.42,2997.59,Consumer
ORD12393,2029-07-20,South,Electronics,Laptop,1.0,43716.42,-2780.25,Consumer
ORD12394,2029-07-21,North,Office Supplies,Laptop,2.0,25147.9,7152.4,Home Office
ORD12395,2029-07-22,North,Electronics,Desk,7.0,16692.59,6570.69,Consumer
ORD12396,2029-07-23,North,Furniture,Monitor,1.0,49814.32,11879.44,Corporate
ORD12397,2029-07-24,South,Electronics,Laptop,3.0,17910.54,5689.77,Consumer
ORD12398,2029-07-25,North,Furniture,Desk,6.0,21544.41,8602.35,Home Office
ORD12399,2029-07-26,South,Electronics,Printer,6.0,40494.54,-439.11,Home Office
ORD12400,2029-07-27,East,Electronics,Monitor,6.0,4614.08,780.41,Consumer
ORD12401,2029-07-28,North,Electronics,Laptop,2.0,19447.21,10589.41,Consumer
ORD12402,2029-07-29,South,Electronics,Printer,2.0,4468.36,7838.27,Home Office
ORD12403,2029-07-30,East,Electronics,Desk,6.0,7137.43,6139.58,Consumer
ORD12404,2029-07-31,South,Electronics,Laptop,5.0,431.11,-681.53,Corporate
ORD12405,2029-08-01,South,Furniture,Laptop,7.0,675.31,6875.82,Consumer
ORD12406,2029-08-02,North,Electronics,Keyboard,7.0,19138.34,10074.98,Home Office
ORD12407,2029-08-03,North,Electronics,Printer,5.0,40496.36,-1076.44,Corporate
ORD12408,2029-08-04,North,Electronics,Laptop,8.0,29432.82,7004.11,Consumer
ORD12409,2029-08-05,East,Electronics,Chair,6.0,31818.72,1692.8,Consumer
ORD12410,2029-08-06,West,Electronics,Keyboard,5.0,26058.61,-2980.95,Consumer
ORD12411,2029-08-07,South,Electronics,Keyboard,4.0,41025.7,7978.83,Consumer
ORD12412,2029-08-08,East,Furniture,Laptop,7.0,44042.86,-2158.67,Consumer
ORD12413,2029-08-09,West,Electronics,Keyboard,4.0,42517.09,-700.76,Consumer
ORD12414,2029-08-10,South,Electronics,Monitor,5.0,40644.18,8310.01,Consumer
ORD12415,2029-08-11,South,Office Supplies,Printer,5.0,9299.11,7616.26,Consumer
ORD12416,2029-08-12,South,Electronics,Monitor,1.0,29775.04,-678.89,Consumer
ORD12417,2029-08-13,North,Furniture,Desk,1.0,29191.73,10996.4,Consumer
ORD12418,2029-08-14,South,Electronics,Monitor,3.0,26491.61,-1340.15,Consumer
ORD12419,2029-08-15,West,Electronics,Chair,3.0,24144.48,11891.58,Corporate
ORD12420,2029-08-16,North,Electronics,Keyboard,2.0,4640.69,7544.3,Home Office
ORD12421,2029-08-17,North,Electronics,Keyboard,2.0,5287.73,1672.63,Consumer
ORD12422,2029-08-18,West,Office Supplies,Chair,6.0,45133.62,-2784.06,Consumer
ORD12423,2029-08-19,East,Electronics,Keyboard,1.0,31583.28,448.67,Home Office
ORD12424,2029-08-20,North,Electronics,Monitor,6.0,13263.4,-1706.45,Consumer
ORD12425,2029-08-21,North,Electronics,Desk,5.0,14109.16,5571.27,Home Office
ORD12426,2029-08-22,East,Electronics,Laptop,6.0,30587.7,1066.54,Consumer
ORD12427,2029-08-23,South,Electronics,Chair,5.0,20465.36,15.12,Consumer
ORD12428,2029-08-24,North,Electronics,Monitor,7.0,22177.94,7871.26,Consumer
ORD12429,2029-08-25,North,Office Supplies,Monitor,1.0,3220.37,-1079.81,Corporate
ORD12430,2029-08-26,North,Furniture,Monitor,3.0,7109.21,4977.12,Corporate
ORD12431,2029-08-27,North,Furniture,Laptop,6.0,19788.85,-1691.87,Home Office
ORD12432,2029-08-28,West,Electronics,Printer,1.0,24573.82,7151.58,Consumer
ORD12433,2029-08-29,South,Furniture,Keyboard,7.0,2591.66,5627.07,Home Office
ORD12434,2029-08-30,West,Furniture,Keyboard,4.0,16860.98,8568.61,Consumer
ORD12435,2029-08-31,North,Electronics,Desk,3.0,34814.58,-3835.55,Consumer
ORD12436,2029-09-01,West,Electronics,Printer,9.0,39644.13,-1428.21,Home Office
ORD12437,2029-09-02,East,Electronics,Keyboard,1.0,9672.99,-2374.17,Home Office
ORD12438,2029-09-03,North,Furniture,Desk,8.0,36628.06,-1760.46,Consumer
ORD12439,2029-09-04,South,Furniture,Desk,1.0,47779.5,-3248.76,Consumer
ORD12440,2029-09-05,South,Furniture,Monitor,5.0,45359.25,4555.39,Corporate
ORD12441,2029-09-06,East,Office Supplies,Chair,8.0,39510.93,5088.33,Corporate
ORD12442,2029-09-07,South,Electronics,Monitor,6.0,35673.87,9339.33,Consumer
ORD12443,2029-09-08,West,Office Supplies,Laptop,7.0,11909.89,2101.55,Home Office
ORD12444,2029-09-09,North,Electronics,Keyboard,8.0,31768.38,4050.54,Consumer
ORD12445,2029-09-10,South,Electronics,Desk,6.0,32235.04,11852.17,Home Office
ORD12446,2029-09-11,East,Electronics,Chair,6.0,20459.7,4041.37,Consumer
ORD12447,2029-09-12,South,Electronics,Keyboard,6.0,24752.17,4750.79,Consumer
ORD12448,2029-09-13,South,Electronics,Desk,5.0,34762.62,11930.6,Consumer
ORD12449,2029-09-14,South,Electronics,Desk,8.0,47614.66,11900.2,Corporate
ORD12450,2029-09-15,West,Electronics,Monitor,2.0,14906.25,2208.52,Consumer
ORD12451,2029-09-16,South,Electronics,Chair,7.0,12468.88,5794.1,Consumer
ORD12452,2029-09-17,South,Electronics,Chair,4.0,30169.98,3173.64,Consumer
ORD12453,2029-09-18,North,Electronics,Keyboard,1.0,6713.8,7252.16,Consumer
ORD12454,2029-09-19,East,Furniture,Desk,5.0,29210.13,10952.57,Consumer
ORD12455,2029-09-20,South,Electronics,Chair,3.0,4624.8,264.21,Consumer
ORD12456,2029-09-21,South,Electronics,Chair,4.0,24631.08,8920.88,Consumer
ORD12457,2029-09-22,West,Electronics,Keyboard,7.0,31096.64,6132.43,Home Office
ORD12458,2029-09-23,South,Office Supplies,Monitor,5.0,3691.46,-236.86,Consumer
ORD12459,2029-09-24,West,Office Supplies,Printer,4.0,10506.27,8554.09,Consumer
ORD12460,2029-09-25,South,Electronics,Laptop,1.0,16901.64,2261.26,Consumer
ORD12461,2029-09-26,West,Furniture,Printer,6.0,18556.22,-2953.25,Consumer
ORD12462,2029-09-27,North,Electronics,Chair,6.0,33870.01,11888.08,Consumer
ORD12463,2029-09-28,North,Electronics,Desk,7.0,26545.26,2235.99,Consumer
ORD12464,2029-09-29,North,Electronics,Laptop,1.0,19229.0,4206.39,Consumer
ORD12465,2029-09-30,North,Electronics,Laptop,4.0,22643.68,8735.35,Consumer
ORD12466,2029-10-01,South,Office Supplies,Desk,9.0,846.24,11334.89,Home Office
ORD12467,2029-10-02,South,Electronics,Laptop,6.0,38572.16,9839.09,Consumer
ORD12468,2029-10-03,South,Electronics,Desk,2.0,2242.03,3925.9,Consumer
ORD12469,2029-10-04,North,Furniture,Laptop,4.0,41500.01,4276.83,Consumer
ORD12470,2029-10-05,West,Electronics,Keyboard,6.0,27141.63,-224.92,Consumer
ORD12471,2029-10-06,North,Furniture,Keyboard,4.0,26485.4,2867.65,Consumer
ORD12472,2029-10-07,West,Electronics,Printer,7.0,35288.02,11096.26,Home Office
ORD12473,2029-10-08,West,Electronics,Laptop,3.0,43006.06,7358.0,Corporate
ORD12474,2029-10-09,East,Furniture,Monitor,6.0,47143.78,-4798.09,Consumer
ORD12475,2029-10-10,South,Office Supplies,Desk,4.0,27259.82,-3019.38,Home Office
ORD12476,2029-10-11,North,Electronics,Laptop,3.0,7702.78,10704.79,Consumer
ORD12477,2029-10-12,West,Electronics,Keyboard,3.0,43955.82,9428.23,Home Office
ORD12478,2029-10-13,East,Electronics,Keyboard,2.0,2225.47,3264.8,Corporate
ORD12479,2029-10-14,South,Electronics,Desk,3.0,40405.39,5488.63,Home Office
ORD12480,2029-10-15,North,Electronics,Monitor,1.0,34085.0,-76.02,Corporate
ORD12481,2029-10-16,West,Electronics,Laptop,3.0,45255.43,8478.12,Corporate
ORD12482,2029-10-17,West,Electronics,Laptop,9.0,44893.66,5256.4,Corporate
ORD12483,2029-10-18,North,Electronics,Monitor,4.0,2847.07,6812.04,Home Office
ORD12484,2029-10-19,North,Furniture,Monitor,3.0,30550.43,1373.47,Consumer
ORD12485,2029-10-20,South,Electronics,Monitor,8.0,6408.64,2317.45,Consumer
ORD12486,2029-10-21,North,Electronics,Keyboard,1.0,4107.74,-1469.4,Consumer
ORD12487,2029-10-22,West,Office Supplies,Desk,5.0,22524.2,11116.89,Home Office
ORD12488,2029-10-23,South,Electronics,Monitor,1.0,5060.36,11091.47,Consumer
ORD12489,2029-10-24,South,Electronics,Desk,7.0,36449.54,8901.77,Consumer
ORD12490,2029-10-25,South,Electronics,Printer,5.0,48453.25,10904.44,Corporate
ORD12491,2029-10-26,North,Office Supplies,Laptop,2.0,28565.23,6310.58,Home Office
ORD12492,2029-10-27,North,Furniture,Laptop,5.0,24573.82,-1010.92,Home Office
ORD12493,2029-10-28,West,Electronics,Chair,7.0,42191.68,7923.58,Consumer
ORD12494,2029-10-29,South,Office Supplies,Printer,1.0,42684.55,529.7,Consumer
ORD12495,2029-10-30,West,Electronics,Monitor,3.0,36692.74,2488.19,Consumer
ORD12496,2029-10-31,South,Office Supplies,Monitor,6.0,30833.58,-336.05,Consumer
ORD12497,2029-11-01,North,Electronics,Keyboard,6.0,43416.06,2201.57,Home Office
ORD12498,2029-11-02,South,Electronics,Printer,7.0,8331.93,6548.4,Consumer
ORD12499,2029-11-03,West,Electronics,Monitor,1.0,46593.69,-3119.62,Home Office
ORD12500,2029-11-04,North,Electronics,Chair,7.0,47370.72,-3211.48,Corporate
ORD12501,2029-11-05,South,Electronics,Desk,2.0,43625.22,6624.09,Consumer
ORD12502,2029-11-06,North,Electronics,Laptop,6.0,12682.97,8252.88,Home Office
ORD12503,2029-11-07,South,Electronics,Printer,8.0,42937.28,4374.93,Consumer
ORD12504,2029-11-08,North,Furniture,Laptop,5.0,24982.38,-1912.1,Consumer
ORD12505,2029-11-09,North,Electronics,Desk,3.0,29827.53,2322.87,Consumer
ORD12506,2029-11-10,South,Office Supplies,Printer,8.0,42061.91,7888.98,Consumer
ORD12507,2029-11-11,East,Electronics,Desk,8.0,1673.23,6657.46,Consumer
ORD12508,2029-11-12,North,Electronics,Monitor,4.0,18274.54,-3132.29,Consumer
ORD12509,2029-11-13,North,Electronics,Monitor,8.0,40821.53,11475.5,Corporate
ORD12510,2029-11-14,North,Electronics,Monitor,5.0,40734.95,-1202.81,Home Office
ORD12511,2029-11-15,East,Electronics,Desk,5.0,42464.66,-1253.38,Consumer
ORD12512,2029-11-16,East,Electronics,Desk,3.0,24573.82,2817.57,Consumer
ORD12513,2029-11-17,West,Furniture,Desk,7.0,35353.15,563.13,Home Office
ORD12514,2029-11-18,South,Office Supplies,Laptop,9.0,7495.87,11727.76,Home Office
ORD12515,2029-11-19,South,Office Supplies,Desk,9.0,24573.82,-3699.67,Consumer
ORD12516,2029-11-20,West,Furniture,Monitor,1.0,12407.28,209.47,Home Office
ORD12517,2029-11-21,South,Furniture,Chair,1.0,36943.32,1506.28,Home Office
ORD12518,2029-11-22,South,Office Supplies,Desk,5.0,22859.08,3388.8,Corporate
ORD12519,2029-11-23,East,Electronics,Chair,1.0,49315.92,-4721.09,Consumer
ORD12520,2029-11-24,South,Electronics,Monitor,4.0,29078.71,-3599.84,Consumer
ORD12521,2029-11-25,East,Electronics,Desk,1.0,31702.45,-617.24,Consumer
ORD12522,2029-11-26,South,Office Supplies,Laptop,2.0,18534.54,4418.04,Corporate
ORD12523,2029-11-27,West,Furniture,Laptop,2.0,36779.1,8052.12,Consumer
ORD12524,2029-11-28,North,Electronics,Chair,4.0,24845.3,6670.42,Consumer
ORD12525,2029-11-29,West,Office Supplies,Keyboard,8.0,1099.72,4639.42,Corporate
ORD12526,2029-11-30,South,Electronics,Laptop,2.0,30507.36,1752.96,Consumer
ORD12527,2029-12-01,West,Electronics,Laptop,9.0,41556.89,9801.81,Consumer
ORD12528,2029-12-02,North,Furniture,Laptop,9.0,11992.73,2816.13,Corporate
ORD12529,2029-12-03,South,Electronics,Monitor,2.0,11208.98,87.3,Corporate
ORD12530,2029-12-04,South,Office Supplies,Laptop,1.0,30522.53,5698.7,Corporate
ORD12531,2029-12-05,South,Electronics,Printer,9.0,40935.37,6765.95,Consumer
ORD12532,2029-12-06,North,Electronics,Desk,2.0,12631.09,1773.99,Corporate
ORD12533,2029-12-07,East,Electronics,Laptop,8.0,46626.68,-4521.56,Corporate
ORD12534,2029-12-08,North,Electronics,Keyboard,3.0,46383.89,-3399.76,Home Office
ORD12535,2029-12-09,South,Electronics,Keyboard,1.0,10186.73,9375.18,Home Office
ORD12536,2029-12-10,South,Electronics,Laptop,1.0,13336.46,-4038.69,Home Office
ORD12537,2029-12-11,South,Electronics,Laptop,2.0,35089.82,5064.33,Home Office
ORD12538,2029-12-12,South,Electronics,Printer,7.0,47596.31,-1876.94,Corporate
ORD12539,2029-12-13,East,Electronics,Laptop,6.0,35552.16,-1108.25,Home Office
ORD12540,2029-12-14,West,Electronics,Laptop,2.0,24573.82,-353.32,Consumer
ORD12541,2029-12-15,South,Electronics,Desk,4.0,8616.27,-4349.05,Consumer
ORD12542,2029-12-16,North,Office Supplies,Keyboard,2.0,23158.29,-1987.0,Home Office
ORD12543,2029-12-17,North,Electronics,Printer,1.0,30417.04,6058.5,Consumer
ORD12544,2029-12-18,East,Furniture,Keyboard,3.0,16681.41,3478.19,Consumer
ORD12545,2029-12-19,South,Furniture,Printer,4.0,25610.84,8554.59,Consumer
ORD12546,2029-12-20,East,Electronics,Keyboard,5.0,6684.66,-3958.88,Consumer
ORD12547,2029-12-21,South,Office Supplies,Laptop,5.0,22718.97,10111.27,Consumer
ORD12548,2029-12-22,East,Electronics,Keyboard,7.0,4720.64,11938.78,Consumer
ORD12549,2029-12-23,South,Furniture,Keyboard,8.0,2644.62,-4732.42,Home Office
ORD12550,2029-12-24,South,Electronics,Printer,9.0,42890.55,11449.88,Consumer
ORD12551,2029-12-25,West,Office Supplies,Chair,7.0,10413.06,-990.33,Consumer
ORD12552,2029-12-26,South,Office Supplies,Printer,5.0,28842.74,6773.23,Consumer
ORD12553,2029-12-27,South,Electronics,Printer,9.0,7619.34,-27.78,Corporate
ORD12554,2029-12-28,North,Electronics,Printer,8.0,13273.87,3870.82,Corporate
ORD12555,2029-12-29,South,Electronics,Monitor,9.0,18194.7,3677.11,Consumer
ORD12556,2029-12-30,North,Electronics,Monitor,8.0,7355.09,1138.79,Home Office
ORD12557,2029-12-31,North,Electronics,Monitor,6.0,2488.92,7198.3,Home Office
ORD12558,2030-01-01,South,Electronics,Printer,4.0,43882.56,5193.82,Corporate
ORD12559,2030-01-02,North,Electronics,Chair,9.0,789.28,3640.71,Consumer
ORD12560,2030-01-03,West,Office Supplies,Printer,9.0,3253.78,11708.27,Consumer
ORD12561,2030-01-04,South,Office Supplies,Laptop,9.0,40292.59,10980.16,Consumer
ORD12562,2030-01-05,North,Office Supplies,Chair,3.0,14244.02,11242.41,Consumer
ORD12563,2030-01-06,South,Electronics,Monitor,3.0,36196.45,9982.51,Consumer
ORD12564,2030-01-07,South,Electronics,Keyboard,6.0,7482.04,-662.36,Consumer
ORD12565,2030-01-08,South,Electronics,Keyboard,6.0,12016.63,949.59,Consumer
ORD12566,2030-01-09,North,Electronics,Desk,6.0,28724.27,-1072.07,Consumer
ORD12567,2030-01-10,West,Electronics,Chair,5.0,49434.06,11765.01,Consumer
ORD12568,2030-01-11,East,Electronics,Monitor,5.0,3857.53,-2404.75,Consumer
ORD12569,2030-01-12,East,Electronics,Chair,2.0,20147.62,1230.7,Consumer
ORD12570,2030-01-13,North,Electronics,Chair,7.0,2345.43,-1616.24,Consumer
ORD12571,2030-01-14,South,Furniture,Keyboard,4.0,10121.48,-1201.29,Corporate
ORD12572,2030-01-15,North,Office Supplies,Printer,3.0,45392.06,-799.51,Corporate
ORD12573,2030-01-16,North,Office Supplies,Laptop,8.0,5003.71,5874.4,Consumer
ORD12574,2030-01-17,North,Electronics,Desk,4.0,42871.42,-3707.16,Consumer
ORD12575,2030-01-18,South,Furniture,Monitor,4.0,9054.6,4733.01,Corporate
ORD12576,2030-01-19,North,Office Supplies,Chair,8.0,43116.89,8927.87,Home Office
ORD12577,2030-01-20,South,Electronics,Desk,1.0,26993.49,8030.9,Consumer
ORD12578,2030-01-21,West,Furniture,Chair,9.0,43934.69,-2430.08,Consumer
ORD12579,2030-01-22,North,Office Supplies,Keyboard,7.0,7754.84,10550.44,Home Office
ORD12580,2030-01-23,West,Electronics,Laptop,2.0,38149.42,8091.54,Consumer
ORD12581,2030-01-24,North,Electronics,Keyboard,6.0,34098.79,-4909.86,Consumer
ORD12582,2030-01-25,West,Furniture,Desk,8.0,27238.08,7535.35,Consumer
ORD12583,2030-01-26,West,Electronics,Monitor,5.0,40567.25,7536.17,Consumer
ORD12584,2030-01-27,West,Furniture,Chair,6.0,32484.15,3445.87,Consumer
ORD12585,2030-01-28,North,Electronics,Laptop,8.0,43876.94,-4218.3,Consumer
ORD12586,2030-01-29,South,Furniture,Keyboard,6.0,19176.89,4858.4,Consumer
ORD12587,2030-01-30,West,Electronics,Desk,9.0,29578.17,8017.69,Home Office
ORD12588,2030-01-31,South,Office Supplies,Keyboard,9.0,43555.92,-395.14,Consumer
ORD12589,2030-02-01,North,Electronics,Chair,9.0,10897.74,6340.16,Consumer
ORD12590,2030-02-02,West,Office Supplies,Chair,6.0,24389.92,1016.75,Home Office
ORD12591,2030-02-03,South,Electronics,Monitor,9.0,48044.94,4755.53,Home Office
ORD12592,2030-02-04,North,Office Supplies,Laptop,3.0,23785.37,1537.62,Consumer
ORD12593,2030-02-05,East,Office Supplies,Printer,5.0,12790.91,163.94,Corporate
ORD12594,2030-02-06,South,Furniture,Keyboard,2.0,17683.6,9550.55,Corporate
ORD12595,2030-02-07,South,Electronics,Chair,8.0,44277.19,7815.25,Consumer
ORD12596,2030-02-08,West,Electronics,Desk,4.0,47753.18,872.64,Consumer
ORD12597,2030-02-09,East,Electronics,Keyboard,6.0,47515.36,2388.74,Consumer
ORD12598,2030-02-10,East,Electronics,Monitor,6.0,35007.33,6758.96,Home Office
ORD12599,2030-02-11,North,Electronics,Monitor,5.0,25578.17,8788.34,Home Office
ORD12600,2030-02-12,East,Electronics,Chair,1.0,24573.82,6633.8,Consumer
ORD12601,2030-02-13,South,Electronics,Chair,7.0,6336.41,4195.84,Home Office
ORD12602,2030-02-14,South,Furniture,Chair,8.0,3176.38,11224.56,Consumer
ORD12603,2030-02-15,North,Office Supplies,Printer,1.0,1082.2,8160.44,Consumer
ORD12604,2030-02-16,South,Electronics,Chair,7.0,43930.21,-3034.94,Consumer
ORD12605,2030-02-17,South,Electronics,Keyboard,4.0,40492.5,4488.36,Corporate
ORD12606,2030-02-18,East,Electronics,Keyboard,6.0,28477.5,1962.46,Consumer
ORD12607,2030-02-19,South,Electronics,Laptop,9.0,49936.42,8513.91,Consumer
ORD12608,2030-02-20,North,Electronics,Desk,5.0,47661.99,-4240.73,Consumer
ORD12609,2030-02-21,North,Electronics,Chair,8.0,32824.43,1982.3,Consumer
ORD12610,2030-02-22,East,Electronics,Keyboard,5.0,24573.82,410.7,Corporate
ORD12611,2030-02-23,North,Furniture,Keyboard,2.0,7778.1,-2599.84,Consumer
ORD12612,2030-02-24,East,Electronics,Keyboard,4.0,25876.57,1439.67,Consumer
ORD12613,2030-02-25,North,Electronics,Printer,2.0,8055.63,6437.6,Consumer
ORD12614,2030-02-26,North,Furniture,Desk,7.0,20042.87,1148.52,Consumer
ORD12615,2030-02-27,West,Furniture,Monitor,7.0,47143.88,4860.11,Consumer
ORD12616,2030-02-28,South,Electronics,Keyboard,3.0,17230.55,5077.8,Consumer
ORD12617,2030-03-01,South,Electronics,Chair,7.0,7808.81,4980.89,Consumer
ORD12618,2030-03-02,East,Furniture,Keyboard,1.0,29203.35,4002.04,Consumer
ORD12619,2030-03-03,West,Furniture,Desk,1.0,30197.74,-3011.2,Consumer
ORD12620,2030-03-04,North,Furniture,Monitor,9.0,24573.82,-1286.25,Consumer
ORD12621,2030-03-05,West,Electronics,Printer,6.0,9990.01,8601.14,Consumer
ORD12622,2030-03-06,West,Furniture,Laptop,5.0,49479.58,3540.21,Corporate
ORD12623,2030-03-07,North,Electronics,Chair,6.0,12315.4,7003.3,Home Office
ORD12624,2030-03-08,North,Electronics,Laptop,6.0,41941.96,4688.45,Corporate
ORD12625,2030-03-09,West,Electronics,Printer,1.0,23622.13,-4342.27,Consumer
ORD12626,2030-03-10,West,Office Supplies,Desk,5.0,21862.46,8535.63,Consumer
ORD12627,2030-03-11,North,Electronics,Desk,9.0,14889.13,-3906.49,Consumer
ORD12628,2030-03-12,West,Office Supplies,Printer,4.0,38736.52,11033.96,Home Office
ORD12629,2030-03-13,West,Furniture,Keyboard,3.0,44056.91,-1338.59,Consumer
ORD12630,2030-03-14,West,Furniture,Printer,1.0,13204.15,3710.9,Consumer
ORD12631,2030-03-15,South,Electronics,Chair,2.0,4935.81,-3919.0,Corporate
ORD12632,2030-03-16,South,Furniture,Monitor,3.0,7018.59,10213.85,Corporate
ORD12633,2030-03-17,North,Office Supplies,Laptop,4.0,39681.62,11658.98,Home Office
ORD12634,2030-03-18,West,Furniture,Laptop,7.0,21904.18,-2513.03,Home Office
ORD12635,2030-03-19,South,Electronics,Desk,6.0,6769.35,28.37,Home Office
ORD12636,2030-03-20,North,Furniture,Keyboard,8.0,17146.35,-4730.13,Home Office
ORD12637,2030-03-21,North,Electronics,Desk,9.0,25808.93,8378.41,Home Office
ORD12638,2030-03-22,East,Furniture,Chair,6.0,42632.17,294.89,Home Office
ORD12639,2030-03-23,West,Office Supplies,Printer,7.0,32158.81,5010.24,Consumer
ORD12640,2030-03-24,South,Office Supplies,Laptop,4.0,8966.43,-4333.29,Consumer
ORD12641,2030-03-25,South,Furniture,Chair,2.0,8103.4,7162.82,Corporate
ORD12642,2030-03-26,North,Office Supplies,Desk,9.0,20734.24,3999.87,Corporate
ORD12643,2030-03-27,North,Office Supplies,Desk,9.0,3944.6,7324.66,Home Office
ORD12644,2030-03-28,South,Electronics,Laptop,4.0,37827.74,8422.59,Corporate
ORD12645,2030-03-29,North,Electronics,Desk,3.0,20192.4,-3482.87,Home Office
ORD12646,2030-03-30,South,Electronics,Keyboard,6.0,17282.58,4827.57,Consumer
ORD12647,2030-03-31,South,Electronics,Desk,3.0,25553.59,6049.05,Consumer
ORD12648,2030-04-01,South,Electronics,Monitor,1.0,35506.05,3784.22,Consumer
ORD12649,2030-04-02,East,Furniture,Printer,4.0,28553.48,-1899.04,Consumer
ORD12650,2030-04-03,North,Electronics,Desk,1.0,40159.66,8525.15,Consumer
ORD12651,2030-04-04,South,Furniture,Monitor,2.0,31542.26,11956.79,Consumer
ORD12652,2030-04-05,South,Electronics,Chair,3.0,39440.92,11477.59,Corporate
ORD12653,2030-04-06,North,Electronics,Desk,8.0,34899.76,8218.0,Consumer
ORD12654,2030-04-07,South,Office Supplies,Keyboard,4.0,9817.52,2107.83,Consumer
ORD12655,2030-04-08,South,Electronics,Chair,4.0,2807.25,734.11,Consumer
ORD12656,2030-04-09,North,Furniture,Desk,9.0,45189.16,-3834.72,Consumer
ORD12657,2030-04-10,North,Electronics,Laptop,7.0,47293.68,2076.87,Consumer
ORD12658,2030-04-11,North,Office Supplies,Monitor,2.0,36401.23,-2347.17,Home Office
ORD12659,2030-04-12,North,Electronics,Monitor,3.0,36265.45,-676.31,Consumer
ORD12660,2030-04-13,South,Office Supplies,Laptop,4.0,13653.32,10162.08,Consumer
ORD12661,2030-04-14,South,Electronics,Printer,4.0,27213.6,11464.94,Consumer
ORD12662,2030-04-15,North,Electronics,Keyboard,8.0,49613.54,11125.5,Consumer
ORD12663,2030-04-16,North,Office Supplies,Monitor,6.0,42835.95,-1712.95,Consumer
ORD12664,2030-04-17,North,Office Supplies,Chair,3.0,15358.84,10315.2,Consumer
ORD12665,2030-04-18,South,Office Supplies,Keyboard,9.0,15192.08,-2594.41,Corporate
ORD12666,2030-04-19,North,Electronics,Monitor,8.0,24282.15,3630.22,Consumer
ORD12667,2030-04-20,North,Electronics,Printer,9.0,20349.01,5942.28,Corporate
ORD12668,2030-04-21,West,Electronics,Chair,5.0,18683.42,2861.94,Consumer
ORD12669,2030-04-22,North,Office Supplies,Keyboard,3.0,24573.82,11181.24,Corporate
ORD12670,2030-04-23,East,Electronics,Chair,4.0,772.32,664.62,Consumer
ORD12671,2030-04-24,North,Electronics,Laptop,5.0,38214.31,3965.42,Home Office
ORD12672,2030-04-25,West,Electronics,Desk,9.0,37054.64,-3717.35,Corporate
ORD12673,2030-04-26,East,Electronics,Laptop,9.0,41550.22,9487.82,Home Office
ORD12674,2030-04-27,North,Electronics,Keyboard,3.0,42104.24,2027.18,Corporate
ORD12675,2030-04-28,West,Office Supplies,Desk,7.0,28406.7,6909.05,Consumer
ORD12676,2030-04-29,North,Electronics,Laptop,6.0,39047.68,6598.18,Home Office
ORD12677,2030-04-30,South,Electronics,Desk,4.0,24721.28,6496.47,Corporate
ORD12678,2030-05-01,North,Electronics,Monitor,5.0,47586.19,3617.95,Consumer
ORD12679,2030-05-02,West,Office Supplies,Chair,2.0,9696.79,-282.18,Consumer
ORD12680,2030-05-03,South,Electronics,Desk,7.0,45797.73,5626.61,Consumer
ORD12681,2030-05-04,West,Electronics,Monitor,4.0,13074.81,11350.46,Consumer
ORD12682,2030-05-05,West,Furniture,Printer,2.0,5315.62,9177.14,Consumer
ORD12683,2030-05-06,South,Electronics,Laptop,6.0,22067.4,-3150.94,Consumer
ORD12684,2030-05-07,East,Electronics,Printer,2.0,30822.88,-4605.81,Home Office
ORD12685,2030-05-08,North,Electronics,Keyboard,2.0,11703.3,3482.51,Corporate
ORD12686,2030-05-09,North,Furniture,Monitor,7.0,27878.65,8189.1,Home Office
ORD12687,2030-05-10,West,Electronics,Printer,1.0,40433.09,336.34,Consumer
ORD12688,2030-05-11,North,Electronics,Printer,7.0,13002.83,6921.05,Corporate
ORD12689,2030-05-12,South,Office Supplies,Monitor,5.0,24573.82,10842.66,Consumer
ORD12690,2030-05-13,South,Office Supplies,Chair,1.0,17097.77,2802.74,Consumer
ORD12691,2030-05-14,North,Furniture,Desk,6.0,24573.82,-849.29,Corporate
ORD12692,2030-05-15,South,Office Supplies,Keyboard,7.0,33412.57,10601.88,Consumer
ORD12693,2030-05-16,North,Office Supplies,Keyboard,1.0,17651.04,3028.49,Consumer
ORD12694,2030-05-17,North,Office Supplies,Laptop,9.0,49725.25,1933.27,Home Office
ORD12695,2030-05-18,North,Electronics,Desk,7.0,28276.0,1007.15,Home Office
ORD12696,2030-05-19,North,Furniture,Laptop,1.0,41258.19,2191.29,Consumer
ORD12697,2030-05-20,North,Electronics,Keyboard,3.0,36311.73,6452.18,Consumer
ORD12698,2030-05-21,North,Electronics,Desk,5.0,42669.7,2373.23,Consumer
ORD12699,2030-05-22,North,Electronics,Printer,4.0,8855.29,511.81,Consumer
ORD12700,2030-05-23,South,Electronics,Chair,2.0,11283.17,7641.84,Corporate
ORD12701,2030-05-24,West,Electronics,Printer,1.0,24473.08,-1549.49,Consumer
ORD12702,2030-05-25,North,Electronics,Chair,4.0,42645.97,-1567.13,Consumer
ORD12703,2030-05-26,North,Electronics,Monitor,7.0,10040.81,6839.4,Consumer
ORD12704,2030-05-27,South,Electronics,Laptop,4.0,48559.08,9734.01,Consumer
ORD12705,2030-05-28,South,Electronics,Laptop,9.0,6554.59,-899.42,Home Office
ORD12706,2030-05-29,South,Electronics,Monitor,8.0,8918.88,-1750.88,Consumer
ORD12707,2030-05-30,West,Furniture,Desk,8.0,8528.24,6395.2,Corporate
ORD12708,2030-05-31,North,Electronics,Monitor,5.0,29383.1,5553.64,Consumer
ORD12709,2030-06-01,West,Electronics,Keyboard,1.0,45893.55,2603.29,Home Office
ORD12710,2030-06-02,East,Electronics,Monitor,9.0,12904.55,-3370.37,Consumer
ORD12711,2030-06-03,South,Office Supplies,Chair,2.0,27741.24,-3439.65,Corporate
ORD12712,2030-06-04,East,Office Supplies,Keyboard,6.0,8953.47,8214.81,Consumer
ORD12713,2030-06-05,South,Electronics,Monitor,5.0,31630.62,2680.07,Home Office
ORD12714,2030-06-06,North,Furniture,Laptop,8.0,6337.67,9585.44,Corporate
ORD12715,2030-06-07,North,Office Supplies,Printer,3.0,24667.28,4770.47,Consumer
ORD12716,2030-06-08,West,Electronics,Chair,6.0,32828.05,5518.55,Home Office
ORD12717,2030-06-09,North,Furniture,Chair,6.0,24573.82,10881.31,Home Office
ORD12718,2030-06-10,East,Furniture,Desk,3.0,7172.02,-2201.53,Consumer
ORD12719,2030-06-11,North,Electronics,Printer,7.0,8236.39,4231.41,Corporate
ORD12720,2030-06-12,West,Furniture,Chair,4.0,33635.27,-4011.64,Corporate
ORD12721,2030-06-13,North,Office Supplies,Monitor,5.0,40483.68,1101.73,Consumer
ORD12722,2030-06-14,North,Office Supplies,Chair,9.0,45422.11,-2482.33,Consumer
ORD12723,2030-06-15,North,Electronics,Chair,6.0,40717.85,-1806.79,Corporate
ORD12724,2030-06-16,North,Electronics,Chair,4.0,48701.41,10891.51,Home Office
ORD12725,2030-06-17,East,Furniture,Desk,8.0,20530.94,5381.6,Corporate
ORD12726,2030-06-18,North,Electronics,Chair,9.0,16692.05,10166.69,Consumer
ORD12727,2030-06-19,North,Electronics,Chair,5.0,1603.57,2539.84,Consumer
ORD12728,2030-06-20,East,Electronics,Desk,2.0,22604.81,5159.94,Home Office
ORD12729,2030-06-21,East,Furniture,Keyboard,6.0,24573.82,-4454.39,Corporate
ORD12730,2030-06-22,North,Furniture,Printer,8.0,40807.35,2981.54,Home Office
ORD12731,2030-06-23,North,Electronics,Keyboard,5.0,13519.28,4588.96,Consumer
ORD12732,2030-06-24,West,Electronics,Laptop,1.0,25776.85,-4714.78,Home Office
ORD12733,2030-06-25,North,Electronics,Desk,8.0,33168.08,8421.32,Corporate
ORD12734,2030-06-26,South,Electronics,Desk,9.0,27669.82,22.19,Consumer
ORD12735,2030-06-27,South,Office Supplies,Chair,1.0,13846.23,2692.28,Consumer
ORD12736,2030-06-28,West,Electronics,Chair,8.0,39854.87,4105.71,Consumer
ORD12737,2030-06-29,East,Office Supplies,Laptop,2.0,8833.38,11867.35,Consumer
ORD12738,2030-06-30,North,Furniture,Chair,4.0,45268.0,-3313.87,Consumer
ORD12739,2030-07-01,East,Electronics,Monitor,2.0,47639.32,4439.75,Consumer
ORD12740,2030-07-02,East,Electronics,Chair,2.0,18405.55,4020.1,Corporate
ORD12741,2030-07-03,West,Electronics,Chair,3.0,18933.85,-3828.54,Consumer
ORD12742,2030-07-04,East,Electronics,Monitor,8.0,37215.26,5776.95,Consumer
ORD12743,2030-07-05,East,Electronics,Laptop,4.0,24573.82,-123.47,Home Office
ORD12744,2030-07-06,South,Electronics,Monitor,7.0,1624.79,-3235.94,Home Office
ORD12745,2030-07-07,North,Electronics,Desk,3.0,46009.86,-1963.09,Home Office
ORD12746,2030-07-08,North,Electronics,Monitor,3.0,21651.37,9001.25,Consumer
ORD12747,2030-07-09,South,Electronics,Printer,2.0,10334.06,-3229.88,Home Office
ORD12748,2030-07-10,South,Furniture,Desk,6.0,27872.07,2937.77,Home Office
ORD12749,2030-07-11,South,Electronics,Chair,6.0,11101.53,-1680.36,Corporate
ORD12750,2030-07-12,South,Furniture,Desk,1.0,10459.9,-2240.56,Consumer
ORD12751,2030-07-13,West,Electronics,Laptop,7.0,27377.42,-1502.9,Consumer
ORD12752,2030-07-14,North,Electronics,Laptop,4.0,19673.91,3377.31,Consumer
ORD12753,2030-07-15,North,Office Supplies,Monitor,3.0,28735.07,-957.6,Consumer
ORD12754,2030-07-16,North,Furniture,Desk,8.0,49841.91,-3355.54,Consumer
ORD12755,2030-07-17,South,Furniture,Chair,2.0,42979.1,8623.81,Home Office
ORD12756,2030-07-18,South,Office Supplies,Laptop,9.0,582.01,4176.96,Corporate
ORD12757,2030-07-19,East,Electronics,Keyboard,8.0,2717.67,-2333.49,Consumer
ORD12758,2030-07-20,North,Furniture,Chair,8.0,30581.96,3014.31,Consumer
ORD12759,2030-07-21,West,Electronics,Keyboard,3.0,31387.55,-3837.84,Consumer
ORD12760,2030-07-22,South,Office Supplies,Printer,4.0,43933.9,4867.31,Corporate
ORD12761,2030-07-23,West,Furniture,Keyboard,2.0,31527.05,785.18,Consumer
ORD12762,2030-07-24,South,Electronics,Laptop,2.0,11540.18,-3240.01,Consumer
ORD12763,2030-07-25,North,Furniture,Monitor,4.0,23532.11,-1878.05,Consumer
ORD12764,2030-07-26,North,Electronics,Printer,6.0,40487.47,876.95,Consumer
ORD12765,2030-07-27,North,Electronics,Desk,5.0,46156.68,8708.93,Consumer
ORD12766,2030-07-28,South,Office Supplies,Chair,1.0,11998.37,-2046.15,Consumer
ORD12767,2030-07-29,South,Electronics,Laptop,1.0,24573.82,-3135.71,Consumer
ORD12768,2030-07-30,South,Electronics,Printer,6.0,8114.59,3770.96,Corporate
ORD12769,2030-07-31,South,Electronics,Printer,3.0,24950.59,4497.85,Consumer
ORD12770,2030-08-01,North,Electronics,Laptop,3.0,4687.68,-3465.9,Consumer
ORD12771,2030-08-02,West,Electronics,Desk,7.0,47098.06,-163.76,Corporate
ORD12772,2030-08-03,West,Electronics,Desk,1.0,31975.21,-533.01,Consumer
ORD12773,2030-08-04,East,Office Supplies,Monitor,1.0,42739.99,-1834.23,Consumer
ORD12774,2030-08-05,South,Furniture,Keyboard,3.0,49915.1,365.85,Home Office
ORD12775,2030-08-06,South,Electronics,Desk,8.0,9296.77,-4369.16,Consumer
ORD12776,2030-08-07,North,Office Supplies,Monitor,1.0,34768.34,6076.35,Consumer
ORD12777,2030-08-08,North,Furniture,Keyboard,4.0,44371.92,11804.28,Consumer
ORD12778,2030-08-09,West,Furniture,Printer,9.0,28881.72,5778.8,Consumer
ORD12779,2030-08-10,South,Electronics,Laptop,4.0,32056.88,1138.3,Consumer
ORD12780,2030-08-11,East,Office Supplies,Desk,8.0,20502.02,6354.48,Corporate
ORD12781,2030-08-12,South,Electronics,Monitor,7.0,33803.09,4715.77,Home Office
ORD12782,2030-08-13,North,Electronics,Printer,3.0,19899.78,9394.88,Corporate
ORD12783,2030-08-14,South,Furniture,Desk,7.0,23935.66,5571.87,Consumer
ORD12784,2030-08-15,North,Electronics,Chair,7.0,5325.0,5779.3,Home Office
ORD12785,2030-08-16,North,Furniture,Printer,3.0,588.86,-1231.71,Corporate
ORD12786,2030-08-17,East,Office Supplies,Desk,2.0,2946.53,2065.66,Consumer
ORD12787,2030-08-18,South,Electronics,Printer,9.0,9787.58,855.07,Home Office
ORD12788,2030-08-19,West,Electronics,Laptop,1.0,22938.87,-4805.77,Consumer
ORD12789,2030-08-20,South,Electronics,Laptop,7.0,1245.5,325.77,Consumer
ORD12790,2030-08-21,North,Furniture,Laptop,4.0,7965.64,3263.06,Corporate
ORD12791,2030-08-22,South,Office Supplies,Keyboard,2.0,39115.94,5197.43,Home Office
ORD12792,2030-08-23,South,Electronics,Chair,2.0,38155.89,10887.67,Consumer
ORD12793,2030-08-24,West,Office Supplies,Laptop,8.0,39528.57,-935.07,Consumer
ORD12794,2030-08-25,South,Electronics,Chair,7.0,46092.74,-2408.71,Consumer
ORD12795,2030-08-26,West,Electronics,Laptop,7.0,6129.74,9780.58,Consumer
ORD12796,2030-08-27,North,Office Supplies,Keyboard,5.0,8324.37,11011.41,Home Office
ORD12797,2030-08-28,West,Electronics,Printer,8.0,16810.97,3295.22,Consumer
ORD12798,2030-08-29,East,Furniture,Desk,2.0,45774.03,-3041.32,Home Office
ORD12799,2030-08-30,South,Office Supplies,Desk,2.0,38818.79,3251.6,Home Office
ORD12800,2030-08-31,North,Office Supplies,Laptop,5.0,16341.24,-3139.46,Consumer
ORD12801,2030-09-01,North,Electronics,Desk,1.0,4564.26,10014.15,Consumer
ORD12802,2030-09-02,East,Electronics,Laptop,6.0,30895.73,7038.55,Consumer
ORD12803,2030-09-03,South,Furniture,Laptop,4.0,12989.59,-900.67,Consumer
ORD12804,2030-09-04,South,Office Supplies,Monitor,6.0,24573.82,10073.74,Consumer
ORD12805,2030-09-05,North,Electronics,Monitor,7.0,47101.81,5844.33,Consumer
ORD12806,2030-09-06,West,Office Supplies,Monitor,3.0,28716.34,11205.48,Corporate
ORD12807,2030-09-07,North,Furniture,Chair,8.0,46206.95,11668.16,Consumer
ORD12808,2030-09-08,South,Office Supplies,Monitor,7.0,19773.33,-4944.21,Consumer
ORD12809,2030-09-09,North,Electronics,Laptop,1.0,31740.9,-2956.36,Consumer
ORD12810,2030-09-10,North,Office Supplies,Keyboard,6.0,44715.72,4297.68,Consumer
ORD12811,2030-09-11,South,Office Supplies,Keyboard,7.0,29481.77,11249.5,Consumer
ORD12812,2030-09-12,North,Electronics,Printer,4.0,30821.95,11901.97,Consumer
ORD12813,2030-09-13,South,Electronics,Monitor,2.0,35872.14,4645.93,Consumer
ORD12814,2030-09-14,South,Electronics,Keyboard,9.0,44128.97,-2045.37,Consumer
ORD12815,2030-09-15,South,Office Supplies,Monitor,7.0,4591.37,-2228.15,Consumer
ORD12816,2030-09-16,West,Electronics,Printer,1.0,16975.6,7985.58,Consumer
ORD12817,2030-09-17,East,Office Supplies,Keyboard,8.0,20004.7,5062.94,Home Office
ORD12818,2030-09-18,South,Office Supplies,Laptop,3.0,45503.54,4329.16,Consumer
ORD12819,2030-09-19,South,Furniture,Chair,4.0,47809.19,2918.0,Corporate
ORD12820,2030-09-20,East,Furniture,Monitor,5.0,6194.95,7327.29,Home Office
ORD12821,2030-09-21,North,Electronics,Keyboard,1.0,6131.56,9586.92,Corporate
ORD12822,2030-09-22,South,Electronics,Keyboard,6.0,46756.12,150.29,Home Office
ORD12823,2030-09-23,West,Furniture,Printer,6.0,14929.44,-1244.4,Home Office
ORD12824,2030-09-24,North,Electronics,Laptop,2.0,12242.36,6393.39,Home Office
ORD12825,2030-09-25,North,Electronics,Desk,6.0,1974.02,10550.45,Consumer
ORD12826,2030-09-26,South,Furniture,Keyboard,8.0,13924.68,918.68,Corporate
ORD12827,2030-09-27,South,Furniture,Chair,6.0,34737.62,-368.38,Consumer
ORD12828,2030-09-28,North,Electronics,Printer,4.0,21416.6,-1156.05,Consumer
ORD12829,2030-09-29,North,Electronics,Keyboard,4.0,25940.14,-673.65,Consumer
ORD12830,2030-09-30,West,Furniture,Keyboard,9.0,45881.32,-2706.13,Consumer
ORD12831,2030-10-01,East,Furniture,Printer,6.0,5911.55,5145.23,Consumer
ORD12832,2030-10-02,South,Electronics,Printer,8.0,3747.79,-225.96,Consumer
ORD12833,2030-10-03,East,Electronics,Monitor,8.0,42626.15,5454.05,Home Office
ORD12834,2030-10-04,West,Electronics,Keyboard,7.0,38787.82,-3588.45,Consumer
ORD12835,2030-10-05,North,Electronics,Desk,3.0,13333.96,-3037.23,Consumer
ORD12836,2030-10-06,South,Electronics,Chair,1.0,16346.86,4114.41,Consumer
ORD12837,2030-10-07,East,Office Supplies,Laptop,5.0,15651.84,3696.03,Home Office
ORD12838,2030-10-08,North,Furniture,Laptop,2.0,32460.88,-384.33,Corporate
ORD12839,2030-10-09,North,Electronics,Desk,2.0,3248.33,9061.22,Consumer
ORD12840,2030-10-10,North,Furniture,Printer,7.0,24572.2,-1820.2,Corporate
ORD12841,2030-10-11,East,Electronics,Printer,3.0,6866.87,1131.24,Consumer
ORD12842,2030-10-12,South,Electronics,Printer,8.0,41022.98,4443.7,Home Office
ORD12843,2030-10-13,East,Electronics,Keyboard,9.0,19157.02,9742.59,Consumer
ORD12844,2030-10-14,North,Furniture,Printer,8.0,26473.1,2115.37,Consumer
ORD12845,2030-10-15,South,Electronics,Printer,6.0,1660.02,1776.22,Consumer
ORD12846,2030-10-16,West,Furniture,Keyboard,5.0,3101.56,4852.14,Corporate
ORD12847,2030-10-17,North,Electronics,Keyboard,3.0,33817.73,383.82,Consumer
ORD12848,2030-10-18,North,Office Supplies,Desk,3.0,38385.17,7055.95,Consumer
ORD12849,2030-10-19,South,Electronics,Monitor,7.0,35559.77,-772.17,Consumer
ORD12850,2030-10-20,South,Electronics,Keyboard,5.0,36903.53,8994.33,Consumer
ORD12851,2030-10-21,North,Office Supplies,Chair,6.0,5410.07,-369.99,Home Office
ORD12852,2030-10-22,West,Electronics,Printer,6.0,34733.85,11875.92,Consumer
ORD12853,2030-10-23,North,Electronics,Monitor,9.0,9251.03,379.86,Consumer
ORD12854,2030-10-24,East,Office Supplies,Laptop,1.0,5081.17,9940.04,Home Office
ORD12855,2030-10-25,North,Electronics,Desk,8.0,37906.61,1755.05,Corporate
ORD12856,2030-10-26,West,Furniture,Monitor,5.0,44492.42,-817.07,Consumer
ORD12857,2030-10-27,East,Office Supplies,Keyboard,6.0,35892.15,-1155.22,Consumer
ORD12858,2030-10-28,South,Furniture,Printer,6.0,40317.56,9453.25,Consumer
ORD12859,2030-10-29,South,Furniture,Printer,1.0,49556.19,248.8,Home Office
ORD12860,2030-10-30,East,Office Supplies,Printer,3.0,6910.84,755.57,Corporate
ORD12861,2030-10-31,North,Electronics,Monitor,6.0,24573.82,-1651.12,Consumer
ORD12862,2030-11-01,South,Office Supplies,Printer,9.0,30139.65,11342.52,Home Office
ORD12863,2030-11-02,North,Electronics,Keyboard,6.0,40700.01,-839.35,Consumer
ORD12864,2030-11-03,South,Electronics,Monitor,6.0,32578.43,-793.46,Consumer
ORD12865,2030-11-04,East,Electronics,Printer,1.0,28587.88,11046.26,Consumer
ORD12866,2030-11-05,East,Office Supplies,Laptop,9.0,35240.23,10315.28,Consumer
ORD12867,2030-11-06,South,Electronics,Laptop,4.0,16148.88,-768.51,Corporate
ORD12868,2030-11-07,North,Electronics,Chair,2.0,46228.72,9700.33,Consumer
ORD12869,2030-11-08,North,Furniture,Printer,1.0,5941.57,-753.01,Consumer
ORD12870,2030-11-09,North,Furniture,Printer,3.0,16037.95,-3564.11,Home Office
ORD12871,2030-11-10,West,Electronics,Monitor,3.0,1751.89,8946.14,Consumer
ORD12872,2030-11-11,West,Electronics,Monitor,5.0,13711.89,8116.49,Consumer
ORD12873,2030-11-12,South,Electronics,Printer,1.0,24573.82,9.34,Corporate
ORD12874,2030-11-13,South,Furniture,Chair,7.0,2671.62,-3467.64,Consumer
ORD12875,2030-11-14,South,Furniture,Printer,1.0,24690.35,-1490.54,Home Office
ORD12876,2030-11-15,South,Electronics,Keyboard,4.0,23538.07,8107.96,Consumer
ORD12877,2030-11-16,South,Electronics,Monitor,6.0,4071.72,11400.71,Consumer
ORD12878,2030-11-17,West,Electronics,Printer,1.0,13240.16,-596.96,Consumer
ORD12879,2030-11-18,North,Electronics,Monitor,7.0,47675.44,8910.4,Corporate
ORD12880,2030-11-19,South,Electronics,Printer,7.0,5714.68,-1125.14,Corporate
ORD12881,2030-11-20,South,Electronics,Desk,3.0,15389.93,6553.21,Consumer
ORD12882,2030-11-21,North,Electronics,Monitor,4.0,1985.95,-3578.57,Consumer
ORD12883,2030-11-22,South,Electronics,Chair,6.0,7614.58,4950.03,Home Office
ORD12884,2030-11-23,North,Electronics,Desk,7.0,35029.98,-423.77,Consumer
ORD12885,2030-11-24,North,Electronics,Keyboard,4.0,18462.48,10739.38,Consumer
ORD12886,2030-11-25,West,Electronics,Printer,9.0,22713.41,-74.23,Consumer
ORD12887,2030-11-26,East,Electronics,Keyboard,9.0,8017.52,1773.49,Consumer
ORD12888,2030-11-27,East,Electronics,Monitor,9.0,34170.58,9291.54,Consumer
ORD12889,2030-11-28,South,Office Supplies,Desk,6.0,37625.78,2450.67,Consumer
ORD12890,2030-11-29,East,Electronics,Keyboard,2.0,9219.38,-946.99,Corporate
ORD12891,2030-11-30,North,Furniture,Chair,2.0,2440.67,4308.25,Consumer
ORD12892,2030-12-01,South,Electronics,Monitor,4.0,4230.87,9279.85,Consumer
ORD12893,2030-12-02,North,Office Supplies,Desk,9.0,32920.88,2364.02,Corporate
ORD12894,2030-12-03,North,Electronics,Keyboard,3.0,6948.43,-2740.9,Home Office
ORD12895,2030-12-04,West,Office Supplies,Desk,6.0,24797.16,1512.48,Consumer
ORD12896,2030-12-05,West,Electronics,Desk,2.0,24573.82,11226.08,Consumer
ORD12897,2030-12-06,South,Electronics,Keyboard,1.0,8673.37,-3775.63,Consumer
ORD12898,2030-12-07,South,Electronics,Laptop,5.0,417.15,1943.57,Consumer
ORD12899,2030-12-08,East,Electronics,Printer,8.0,16177.05,6016.49,Consumer
ORD12900,2030-12-09,South,Furniture,Monitor,2.0,4671.9,-3665.2,Home Office
ORD12901,2030-12-10,North,Furniture,Monitor,9.0,19819.27,864.19,Consumer
ORD12902,2030-12-11,South,Electronics,Monitor,8.0,29969.66,10989.83,Home Office
ORD12903,2030-12-12,North,Electronics,Desk,3.0,18503.09,-4479.19,Corporate
ORD12904,2030-12-13,South,Office Supplies,Keyboard,1.0,35313.07,7779.61,Consumer
ORD12905,2030-12-14,North,Furniture,Printer,4.0,37124.3,9303.37,Consumer
ORD12906,2030-12-15,South,Furniture,Chair,8.0,34891.0,-289.97,Home Office
ORD12907,2030-12-16,South,Electronics,Monitor,3.0,46848.34,-1349.86,Consumer
ORD12908,2030-12-17,South,Electronics,Keyboard,2.0,12017.25,10551.96,Corporate
ORD12909,2030-12-18,West,Electronics,Printer,7.0,9634.93,7988.03,Consumer
ORD12910,2030-12-19,West,Office Supplies,Printer,4.0,30563.63,-3072.53,Home Office
ORD12911,2030-12-20,North,Electronics,Laptop,6.0,29824.88,-1392.65,Consumer
ORD12912,2030-12-21,North,Furniture,Keyboard,5.0,25602.9,5563.04,Home Office
ORD12913,2030-12-22,North,Furniture,Monitor,2.0,416.79,2130.09,Consumer
ORD12914,2030-12-23,North,Electronics,Desk,2.0,27850.86,3570.96,Consumer
ORD12915,2030-12-24,West,Electronics,Printer,9.0,24573.82,11176.22,Consumer
ORD12916,2030-12-25,North,Electronics,Printer,2.0,16861.97,2144.0,Consumer
ORD12917,2030-12-26,South,Office Supplies,Chair,8.0,48386.44,9988.59,Corporate
ORD12918,2030-12-27,East,Electronics,Laptop,8.0,17966.48,6232.66,Consumer
ORD12919,2030-12-28,North,Furniture,Printer,1.0,7164.75,-2932.47,Home Office
ORD12920,2030-12-29,South,Electronics,Printer,1.0,20040.49,7656.62,Corporate
ORD12921,2030-12-30,West,Furniture,Desk,4.0,24831.64,3843.55,Consumer
ORD12922,2030-12-31,West,Furniture,Desk,2.0,31547.33,-1173.35,Corporate
ORD12923,2031-01-01,South,Furniture,Chair,1.0,25342.93,-77.66,Consumer
ORD12924,2031-01-02,South,Furniture,Keyboard,9.0,26928.59,4474.65,Consumer
ORD12925,2031-01-03,South,Furniture,Chair,3.0,1398.54,5228.94,Consumer
ORD12926,2031-01-04,South,Electronics,Chair,1.0,12830.28,11459.0,Home Office
ORD12927,2031-01-05,East,Electronics,Desk,2.0,15672.69,9530.24,Home Office
ORD12928,2031-01-06,West,Electronics,Keyboard,5.0,49357.01,-1500.73,Home Office
ORD12929,2031-01-07,West,Electronics,Desk,5.0,14919.27,8157.87,Corporate
ORD12930,2031-01-08,East,Electronics,Laptop,7.0,44849.63,-4859.04,Corporate
ORD12931,2031-01-09,North,Electronics,Monitor,6.0,15375.86,-2793.26,Home Office
ORD12932,2031-01-10,South,Electronics,Monitor,1.0,4986.29,-1605.09,Consumer
ORD12933,2031-01-11,East,Office Supplies,Laptop,6.0,12531.35,5152.39,Consumer
ORD12934,2031-01-12,South,Electronics,Monitor,7.0,13786.85,-1690.35,Corporate
ORD12935,2031-01-13,North,Electronics,Keyboard,4.0,48916.78,1209.64,Home Office
ORD12936,2031-01-14,West,Electronics,Desk,8.0,33779.72,-872.74,Consumer
ORD12937,2031-01-15,South,Electronics,Monitor,8.0,46597.71,736.08,Corporate
ORD12938,2031-01-16,South,Electronics,Keyboard,7.0,41782.75,11021.67,Consumer
ORD12939,2031-01-17,South,Office Supplies,Desk,2.0,29014.2,11955.4,Corporate
ORD12940,2031-01-18,North,Office Supplies,Keyboard,6.0,33834.32,6657.28,Consumer
ORD12941,2031-01-19,West,Electronics,Laptop,6.0,31316.89,4729.23,Consumer
ORD12942,2031-01-20,East,Electronics,Chair,7.0,33379.9,7043.61,Corporate
ORD12943,2031-01-21,North,Furniture,Laptop,6.0,13385.73,8118.09,Consumer
ORD12944,2031-01-22,West,Electronics,Monitor,2.0,20524.63,7563.22,Corporate
ORD12945,2031-01-23,South,Electronics,Desk,8.0,29712.27,-3607.83,Corporate
ORD12946,2031-01-24,North,Furniture,Keyboard,4.0,1989.24,274.99,Consumer
ORD12947,2031-01-25,North,Office Supplies,Monitor,9.0,24245.18,838.33,Consumer
ORD12948,2031-01-26,South,Electronics,Monitor,8.0,43014.4,1277.33,Consumer
ORD12949,2031-01-27,West,Electronics,Chair,3.0,24719.91,853.33,Corporate
ORD12950,2031-01-28,North,Office Supplies,Monitor,3.0,27705.7,8380.57,Consumer
ORD12951,2031-01-29,East,Electronics,Chair,8.0,10254.88,7709.28,Corporate
ORD12952,2031-01-30,West,Office Supplies,Desk,2.0,39758.3,-4921.79,Corporate
ORD12953,2031-01-31,East,Electronics,Desk,9.0,18072.14,38.49,Corporate
ORD12954,2031-02-01,East,Furniture,Keyboard,4.0,47838.06,5602.28,Consumer
ORD12955,2031-02-02,North,Office Supplies,Chair,6.0,49687.0,-2955.48,Consumer
ORD12956,2031-02-03,West,Electronics,Laptop,3.0,45816.83,-3789.63,Consumer
ORD12957,2031-02-04,South,Furniture,Desk,3.0,4426.86,9082.77,Consumer
ORD12958,2031-02-05,North,Office Supplies,Keyboard,3.0,16792.52,2695.63,Consumer
ORD12959,2031-02-06,North,Electronics,Laptop,2.0,47267.85,9546.69,Consumer
ORD12960,2031-02-07,North,Office Supplies,Desk,8.0,40265.76,9000.4,Consumer
ORD12961,2031-02-08,South,Electronics,Desk,9.0,45576.94,10187.3,Consumer
ORD12962,2031-02-09,West,Office Supplies,Keyboard,8.0,28713.15,-4179.33,Consumer
ORD12963,2031-02-10,West,Electronics,Keyboard,3.0,24123.8,-1835.79,Corporate
ORD12964,2031-02-11,East,Furniture,Printer,7.0,5503.52,34.43,Consumer
ORD12965,2031-02-12,South,Office Supplies,Monitor,5.0,42005.68,-2684.08,Consumer
ORD12966,2031-02-13,South,Furniture,Monitor,4.0,37308.05,3252.99,Home Office
ORD12967,2031-02-14,West,Furniture,Laptop,6.0,3132.05,8582.61,Consumer
ORD12968,2031-02-15,East,Electronics,Monitor,5.0,10628.85,11170.09,Home Office
ORD12969,2031-02-16,North,Furniture,Laptop,9.0,27952.42,10122.76,Consumer
ORD12970,2031-02-17,South,Furniture,Desk,4.0,34283.24,2774.72,Corporate
ORD12971,2031-02-18,North,Office Supplies,Printer,5.0,7055.98,5820.35,Corporate
ORD12972,2031-02-19,North,Office Supplies,Printer,4.0,12392.28,-1078.17,Corporate
ORD12973,2031-02-20,West,Electronics,Desk,8.0,9816.89,1851.15,Consumer
ORD12974,2031-02-21,North,Electronics,Keyboard,8.0,11155.86,9810.1,Consumer
ORD12975,2031-02-22,South,Furniture,Chair,3.0,46051.51,-4503.64,Home Office
ORD12976,2031-02-23,South,Electronics,Chair,1.0,35847.81,4056.91,Consumer
ORD12977,2031-02-24,East,Electronics,Monitor,6.0,36907.93,9837.57,Consumer
ORD12978,2031-02-25,North,Furniture,Keyboard,2.0,39740.97,-2925.83,Corporate
ORD12979,2031-02-26,East,Electronics,Laptop,2.0,17957.34,11703.29,Corporate
ORD12980,2031-02-27,North,Electronics,Printer,3.0,38405.79,-4789.35,Consumer
ORD12981,2031-02-28,South,Electronics,Monitor,8.0,48924.99,10064.04,Home Office
ORD12982,2031-03-01,South,Furniture,Desk,3.0,34980.03,1012.43,Consumer
ORD12983,2031-03-02,South,Electronics,Keyboard,7.0,20954.3,-2744.26,Consumer
ORD12984,2031-03-03,North,Electronics,Printer,9.0,35874.72,-2324.91,Corporate
ORD12985,2031-03-04,South,Electronics,Laptop,8.0,45059.58,6920.04,Home Office
ORD12986,2031-03-05,North,Electronics,Laptop,1.0,6612.32,9802.23,Consumer
ORD12987,2031-03-06,East,Electronics,Chair,7.0,13411.67,5898.13,Corporate
ORD12988,2031-03-07,North,Electronics,Monitor,7.0,45980.95,10788.32,Consumer
ORD12989,2031-03-08,East,Office Supplies,Desk,8.0,47322.4,9322.14,Home Office
ORD12990,2031-03-09,North,Electronics,Printer,5.0,24310.13,-4846.46,Corporate
ORD12991,2031-03-10,East,Electronics,Laptop,9.0,18852.64,6380.3,Consumer
ORD12992,2031-03-11,South,Electronics,Printer,9.0,14282.53,178.79,Consumer
ORD12993,2031-03-12,East,Furniture,Desk,8.0,25037.83,2726.5,Consumer
ORD12994,2031-03-13,South,Office Supplies,Printer,6.0,46739.65,-3401.48,Consumer
ORD12995,2031-03-14,South,Electronics,Monitor,6.0,7660.52,-204.31,Consumer
ORD12996,2031-03-15,East,Electronics,Chair,1.0,21107.57,5755.66,Home Office
ORD12997,2031-03-16,North,Office Supplies,Printer,6.0,45598.07,-1287.5,Consumer
ORD12998,2031-03-17,North,Office Supplies,Keyboard,4.0,17586.14,6008.12,Home Office
ORD12999,2031-03-18,North,Electronics,Chair,4.0,38450.45,10691.55,Consumer
ORD13000,2031-03-19,West,Electronics,Desk,2.0,19585.14,-4916.01,Consumer
ORD13001,2031-03-20,North,Electronics,Chair,5.0,40285.35,8358.1,Consumer
ORD13002,2031-03-21,North,Electronics,Printer,5.0,49053.92,5902.42,Home Office
ORD13003,2031-03-22,South,Electronics,Printer,5.0,19513.54,-4207.24,Home Office
ORD13004,2031-03-23,North,Electronics,Keyboard,5.0,42285.91,8432.84,Consumer
ORD13005,2031-03-24,West,Electronics,Laptop,4.0,49423.16,-1183.14,Consumer
ORD13006,2031-03-25,South,Electronics,Keyboard,1.0,49194.74,-481.05,Consumer
ORD13007,2031-03-26,South,Electronics,Printer,8.0,21801.8,-3410.23,Corporate
ORD13008,2031-03-27,West,Electronics,Chair,3.0,24390.9,4084.46,Consumer
ORD13009,2031-03-28,South,Furniture,Keyboard,2.0,15309.4,3469.8,Consumer
ORD13010,2031-03-29,South,Furniture,Keyboard,9.0,15838.13,901.97,Home Office
ORD13011,2031-03-30,East,Electronics,Laptop,7.0,24725.04,-2131.19,Home Office
ORD13012,2031-03-31,North,Furniture,Printer,9.0,10185.83,9245.21,Consumer
ORD13013,2031-04-01,North,Furniture,Printer,2.0,35613.94,9898.43,Consumer
ORD13014,2031-04-02,West,Electronics,Desk,9.0,26908.17,4189.85,Consumer
ORD13015,2031-04-03,South,Electronics,Laptop,9.0,44923.78,-848.17,Consumer
ORD13016,2031-04-04,North,Electronics,Desk,9.0,40567.01,-3366.13,Corporate
ORD13017,2031-04-05,South,Electronics,Desk,4.0,16259.06,9765.25,Corporate
ORD13018,2031-04-06,South,Furniture,Desk,5.0,25389.07,-3367.1,Consumer
ORD13019,2031-04-07,West,Electronics,Monitor,6.0,37575.64,-4775.94,Home Office
ORD13020,2031-04-08,West,Electronics,Desk,3.0,9821.37,2979.76,Corporate
ORD13021,2031-04-09,West,Electronics,Keyboard,9.0,1773.57,7431.61,Consumer
ORD13022,2031-04-10,North,Office Supplies,Chair,3.0,42644.77,2778.13,Consumer
ORD13023,2031-04-11,West,Electronics,Keyboard,2.0,7050.0,-4126.02,Home Office
ORD13024,2031-04-12,North,Electronics,Keyboard,8.0,44492.69,6730.49,Consumer
ORD13025,2031-04-13,West,Electronics,Printer,6.0,45697.68,5919.65,Consumer
ORD13026,2031-04-14,North,Furniture,Monitor,8.0,23142.88,6586.01,Corporate
ORD13027,2031-04-15,South,Electronics,Desk,7.0,40377.73,-1409.56,Consumer
ORD13028,2031-04-16,West,Office Supplies,Printer,3.0,18286.92,8526.87,Consumer
ORD13029,2031-04-17,South,Electronics,Laptop,8.0,42941.57,3145.86,Consumer
ORD13030,2031-04-18,South,Office Supplies,Laptop,1.0,41269.16,4118.0,Consumer
ORD13031,2031-04-19,South,Furniture,Printer,1.0,4110.22,4279.11,Home Office
ORD13032,2031-04-20,West,Furniture,Chair,8.0,29213.57,-124.29,Home Office
ORD13033,2031-04-21,East,Office Supplies,Printer,9.0,32071.95,-747.72,Consumer
ORD13034,2031-04-22,West,Electronics,Printer,6.0,242.69,-4918.98,Consumer
ORD13035,2031-04-23,South,Furniture,Monitor,5.0,48999.93,1742.38,Consumer
ORD13036,2031-04-24,South,Office Supplies,Laptop,2.0,20447.07,3246.75,Consumer
ORD13037,2031-04-25,South,Electronics,Laptop,9.0,25963.69,7627.66,Corporate
ORD13038,2031-04-26,South,Office Supplies,Desk,6.0,9901.24,-3867.34,Corporate
ORD13039,2031-04-27,North,Office Supplies,Keyboard,5.0,30623.75,10707.82,Home Office
ORD13040,2031-04-28,North,Electronics,Printer,9.0,40568.87,-512.71,Consumer
ORD13041,2031-04-29,South,Furniture,Printer,9.0,29377.44,1234.25,Consumer
ORD13042,2031-04-30,West,Electronics,Chair,8.0,39444.15,-4177.84,Corporate
ORD13043,2031-05-01,North,Electronics,Laptop,8.0,36609.18,6103.32,Consumer
ORD13044,2031-05-02,North,Electronics,Chair,3.0,12035.36,7051.69,Consumer
ORD13045,2031-05-03,West,Electronics,Monitor,3.0,21903.48,10789.45,Consumer
ORD13046,2031-05-04,East,Office Supplies,Desk,2.0,7601.62,726.09,Consumer
ORD13047,2031-05-05,West,Electronics,Chair,1.0,2288.41,-624.73,Corporate
ORD13048,2031-05-06,South,Electronics,Laptop,4.0,3340.83,7343.47,Consumer
ORD13049,2031-05-07,South,Furniture,Monitor,2.0,47136.5,7015.62,Corporate
ORD13050,2031-05-08,East,Furniture,Printer,2.0,49229.97,10931.11,Consumer
ORD13051,2031-05-09,North,Furniture,Monitor,5.0,4929.88,-1509.58,Consumer
ORD13052,2031-05-10,North,Office Supplies,Keyboard,4.0,16892.63,6989.97,Corporate
ORD13053,2031-05-11,West,Electronics,Chair,1.0,5898.15,-3863.23,Consumer
ORD13054,2031-05-12,South,Electronics,Laptop,9.0,41744.6,3166.26,Consumer
ORD13055,2031-05-13,North,Electronics,Chair,4.0,24915.6,-2970.36,Consumer
ORD13056,2031-05-14,East,Furniture,Printer,5.0,31138.84,6103.48,Consumer
ORD13057,2031-05-15,South,Electronics,Printer,7.0,27087.56,5224.93,Home Office
ORD13058,2031-05-16,South,Electronics,Laptop,2.0,35570.63,-4169.84,Home Office
ORD13059,2031-05-17,East,Electronics,Keyboard,8.0,16092.79,433.5,Consumer
ORD13060,2031-05-18,West,Electronics,Desk,2.0,7047.17,1715.57,Home Office
ORD13061,2031-05-19,North,Electronics,Monitor,5.0,1077.48,-782.98,Consumer
ORD13062,2031-05-20,South,Furniture,Monitor,2.0,22395.51,-4342.61,Consumer
ORD13063,2031-05-21,South,Electronics,Printer,2.0,45410.15,419.97,Corporate
ORD13064,2031-05-22,West,Electronics,Chair,4.0,15402.27,8474.62,Consumer
ORD13065,2031-05-23,South,Electronics,Chair,4.0,9958.65,1121.85,Home Office
ORD13066,2031-05-24,North,Electronics,Keyboard,8.0,46316.93,497.29,Consumer
ORD13067,2031-05-25,North,Furniture,Desk,6.0,5451.34,11009.8,Corporate
ORD13068,2031-05-26,South,Electronics,Chair,8.0,2779.69,-4292.28,Consumer
ORD13069,2031-05-27,North,Furniture,Monitor,7.0,43994.78,8043.9,Home Office
ORD13070,2031-05-28,South,Electronics,Chair,4.0,35105.29,3212.59,Consumer
ORD13071,2031-05-29,North,Electronics,Desk,2.0,21219.02,11055.86,Home Office
ORD13072,2031-05-30,East,Electronics,Monitor,9.0,37666.73,1689.0,Consumer
ORD13073,2031-05-31,South,Furniture,Chair,2.0,37123.71,7036.72,Corporate
ORD13074,2031-06-01,North,Furniture,Monitor,1.0,2195.02,-3811.1,Consumer
ORD13075,2031-06-02,North,Electronics,Printer,8.0,33877.09,10789.13,Home Office
ORD13076,2031-06-03,East,Electronics,Printer,9.0,32115.44,857.23,Consumer
ORD13077,2031-06-04,East,Electronics,Keyboard,1.0,48196.2,3908.08,Consumer
ORD13078,2031-06-05,North,Office Supplies,Printer,7.0,48337.81,-2645.81,Consumer
ORD13079,2031-06-06,North,Office Supplies,Chair,2.0,19014.41,11074.48,Consumer
ORD13080,2031-06-07,West,Office Supplies,Desk,6.0,29574.13,6440.5,Consumer
ORD13081,2031-06-08,North,Furniture,Monitor,5.0,7239.6,-4082.89,Consumer
ORD13082,2031-06-09,North,Furniture,Laptop,1.0,3509.53,-2361.48,Consumer
ORD13083,2031-06-10,North,Electronics,Printer,2.0,21752.44,1797.18,Corporate
ORD13084,2031-06-11,North,Furniture,Printer,2.0,34556.12,-1314.89,Consumer
ORD13085,2031-06-12,South,Furniture,Laptop,6.0,28474.5,178.63,Corporate
ORD13086,2031-06-13,North,Furniture,Laptop,1.0,21596.91,11957.35,Consumer
ORD13087,2031-06-14,West,Electronics,Chair,4.0,40942.0,6197.03,Corporate
ORD13088,2031-06-15,South,Furniture,Monitor,5.0,39762.49,10677.7,Consumer
ORD13089,2031-06-16,North,Electronics,Printer,2.0,36650.71,2408.57,Consumer
ORD13090,2031-06-17,South,Electronics,Desk,2.0,4036.21,7074.8,Consumer
ORD13091,2031-06-18,North,Electronics,Chair,7.0,39864.19,2814.73,Corporate
ORD13092,2031-06-19,North,Electronics,Chair,7.0,45987.18,579.82,Consumer
ORD13093,2031-06-20,North,Electronics,Desk,6.0,3160.22,3825.94,Consumer
ORD13094,2031-06-21,North,Electronics,Desk,1.0,20203.24,2264.29,Corporate
ORD13095,2031-06-22,South,Electronics,Keyboard,3.0,49420.1,11669.19,Consumer
ORD13096,2031-06-23,West,Electronics,Desk,9.0,30042.1,3434.83,Corporate
ORD13097,2031-06-24,South,Electronics,Laptop,1.0,25776.15,8788.92,Consumer
ORD13098,2031-06-25,East,Furniture,Printer,2.0,9036.82,6335.93,Home Office
ORD13099,2031-06-26,North,Electronics,Keyboard,8.0,28361.22,3153.66,Corporate
ORD13100,2031-06-27,South,Electronics,Laptop,7.0,22064.35,3060.55,Corporate
ORD13101,2031-06-28,North,Electronics,Keyboard,9.0,6546.66,812.13,Consumer
ORD13102,2031-06-29,North,Electronics,Printer,4.0,23323.77,-3181.31,Consumer
ORD13103,2031-06-30,South,Electronics,Keyboard,4.0,8387.09,7944.98,Consumer
ORD13104,2031-07-01,South,Furniture,Laptop,7.0,36587.05,10607.61,Consumer
ORD13105,2031-07-02,South,Electronics,Monitor,1.0,48687.69,-1294.77,Consumer
ORD13106,2031-07-03,South,Office Supplies,Printer,9.0,23584.94,10736.45,Consumer
ORD13107,2031-07-04,South,Furniture,Chair,2.0,31691.94,-1050.83,Consumer
ORD13108,2031-07-05,North,Electronics,Printer,1.0,21662.58,4011.34,Consumer
ORD13109,2031-07-06,South,Electronics,Printer,7.0,7095.0,841.57,Consumer
ORD13110,2031-07-07,North,Office Supplies,Printer,6.0,48533.65,-3053.35,Home Office
ORD13111,2031-07-08,North,Furniture,Monitor,3.0,6653.02,-4101.75,Consumer
ORD13112,2031-07-09,South,Electronics,Laptop,1.0,5759.02,1210.89,Consumer
ORD13113,2031-07-10,South,Electronics,Chair,5.0,23066.81,-4195.15,Consumer
ORD13114,2031-07-11,North,Electronics,Laptop,4.0,33012.59,-3228.49,Consumer
ORD13115,2031-07-12,South,Furniture,Keyboard,5.0,17875.18,-2580.94,Consumer
ORD13116,2031-07-13,South,Furniture,Keyboard,1.0,9787.35,-4967.43,Corporate
ORD13117,2031-07-14,South,Office Supplies,Keyboard,1.0,40984.38,-2394.71,Consumer
ORD13118,2031-07-15,East,Electronics,Laptop,5.0,18282.55,4813.74,Consumer
ORD13119,2031-07-16,North,Electronics,Desk,6.0,9877.18,8931.89,Consumer
ORD13120,2031-07-17,South,Office Supplies,Monitor,5.0,18381.23,-1711.69,Consumer
ORD13121,2031-07-18,West,Electronics,Desk,2.0,10884.8,-3625.17,Home Office
ORD13122,2031-07-19,South,Electronics,Keyboard,9.0,26068.5,7401.74,Consumer
ORD13123,2031-07-20,West,Office Supplies,Monitor,5.0,33480.81,-4861.23,Corporate
ORD13124,2031-07-21,East,Electronics,Laptop,5.0,40017.96,7480.76,Corporate
ORD13125,2031-07-22,South,Furniture,Keyboard,9.0,11532.59,-2771.01,Consumer
ORD13126,2031-07-23,East,Electronics,Laptop,3.0,8514.31,-1119.15,Consumer
ORD13127,2031-07-24,East,Electronics,Monitor,5.0,1176.25,-2958.81,Consumer
ORD13128,2031-07-25,North,Electronics,Laptop,5.0,11558.77,-795.25,Consumer
ORD13129,2031-07-26,North,Electronics,Laptop,2.0,1390.49,8568.99,Home Office
ORD13130,2031-07-27,West,Furniture,Chair,4.0,17404.62,-2746.75,Consumer
ORD13131,2031-07-28,South,Furniture,Desk,2.0,7455.52,11900.82,Consumer
ORD13132,2031-07-29,West,Electronics,Desk,5.0,29078.8,560.66,Consumer
ORD13133,2031-07-30,South,Electronics,Desk,2.0,19309.59,10673.46,Consumer
ORD13134,2031-07-31,West,Furniture,Printer,9.0,4860.55,-1769.44,Home Office
ORD13135,2031-08-01,South,Furniture,Chair,6.0,20113.35,-1805.74,Consumer
ORD13136,2031-08-02,North,Electronics,Keyboard,8.0,10625.54,4610.71,Home Office
ORD13137,2031-08-03,South,Furniture,Keyboard,9.0,34072.83,-4139.8,Consumer
ORD13138,2031-08-04,West,Office Supplies,Keyboard,8.0,18348.92,8617.05,Home Office
ORD13139,2031-08-05,West,Electronics,Desk,5.0,7522.09,2473.46,Home Office
ORD13140,2031-08-06,South,Furniture,Desk,5.0,17610.17,6886.34,Home Office
ORD13141,2031-08-07,East,Electronics,Chair,6.0,11374.04,-2031.25,Consumer
ORD13142,2031-08-08,North,Office Supplies,Laptop,1.0,39829.79,5920.07,Corporate
ORD13143,2031-08-09,North,Electronics,Desk,8.0,24573.82,5099.2,Home Office
ORD13144,2031-08-10,South,Office Supplies,Keyboard,2.0,24573.82,7846.24,Home Office
ORD13145,2031-08-11,West,Furniture,Laptop,6.0,34563.0,55.82,Consumer
ORD13146,2031-08-12,South,Electronics,Desk,9.0,13345.1,10863.81,Corporate
ORD13147,2031-08-13,North,Electronics,Monitor,3.0,3507.15,11342.12,Consumer
ORD13148,2031-08-14,South,Office Supplies,Printer,2.0,24573.82,9758.1,Consumer
ORD13149,2031-08-15,North,Electronics,Desk,5.0,44074.28,4724.57,Home Office
ORD13150,2031-08-16,South,Furniture,Monitor,9.0,17809.6,2144.9,Consumer
ORD13151,2031-08-17,East,Electronics,Chair,6.0,49728.29,-4014.13,Corporate
ORD13152,2031-08-18,West,Furniture,Monitor,8.0,22230.38,11102.87,Consumer
ORD13153,2031-08-19,North,Electronics,Chair,8.0,9542.37,11180.28,Consumer
ORD13154,2031-08-20,South,Electronics,Desk,7.0,38901.75,-4682.3,Consumer
ORD13155,2031-08-21,West,Electronics,Chair,5.0,46339.31,1067.09,Consumer
ORD13156,2031-08-22,East,Furniture,Monitor,2.0,40817.93,9960.62,Home Office
ORD13157,2031-08-23,South,Office Supplies,Printer,5.0,37310.92,-3625.52,Consumer
ORD13158,2031-08-24,West,Furniture,Laptop,7.0,16868.04,-1658.37,Consumer
ORD13159,2031-08-25,North,Furniture,Laptop,7.0,3411.62,11637.51,Home Office
ORD13160,2031-08-26,East,Furniture,Printer,2.0,10224.71,9403.91,Corporate
ORD13161,2031-08-27,South,Electronics,Keyboard,7.0,22451.15,10505.08,Home Office
ORD13162,2031-08-28,East,Electronics,Laptop,6.0,47818.75,-2583.37,Consumer
ORD13163,2031-08-29,East,Electronics,Desk,7.0,36198.14,-1407.63,Corporate
ORD13164,2031-08-30,North,Electronics,Keyboard,8.0,41448.5,5292.08,Corporate
ORD13165,2031-08-31,East,Electronics,Desk,4.0,14009.24,3529.55,Consumer
ORD13166,2031-09-01,East,Office Supplies,Monitor,1.0,34254.39,74.56,Consumer
ORD13167,2031-09-02,West,Furniture,Monitor,8.0,43149.42,10025.39,Consumer
ORD13168,2031-09-03,South,Office Supplies,Keyboard,8.0,24074.69,10323.61,Home Office
ORD13169,2031-09-04,West,Electronics,Keyboard,3.0,21608.61,-41.37,Consumer
ORD13170,2031-09-05,West,Electronics,Keyboard,3.0,36026.34,-2352.2,Consumer
ORD13171,2031-09-06,North,Furniture,Keyboard,5.0,28083.6,-2465.43,Consumer
ORD13172,2031-09-07,West,Electronics,Chair,3.0,49659.92,3235.23,Consumer
ORD13173,2031-09-08,North,Electronics,Keyboard,5.0,21370.12,-2740.39,Home Office
ORD13174,2031-09-09,North,Office Supplies,Keyboard,8.0,8961.98,3046.78,Consumer
ORD13175,2031-09-10,North,Electronics,Monitor,1.0,23702.37,2852.88,Consumer
ORD13176,2031-09-11,South,Electronics,Desk,2.0,11913.21,10029.87,Consumer
ORD13177,2031-09-12,South,Office Supplies,Monitor,2.0,28150.44,35.58,Consumer
ORD13178,2031-09-13,South,Electronics,Laptop,4.0,6464.69,4531.09,Consumer
ORD13179,2031-09-14,West,Office Supplies,Chair,9.0,47508.82,7639.5,Consumer
ORD13180,2031-09-15,West,Office Supplies,Chair,2.0,43019.18,5130.55,Consumer
ORD13181,2031-09-16,South,Office Supplies,Desk,9.0,7947.16,11219.15,Corporate
ORD13182,2031-09-17,West,Furniture,Keyboard,7.0,8785.17,5238.72,Home Office
ORD13183,2031-09-18,South,Office Supplies,Monitor,8.0,25719.45,10331.66,Corporate
ORD13184,2031-09-19,East,Office Supplies,Laptop,1.0,38689.49,-834.04,Corporate
ORD13185,2031-09-20,North,Furniture,Monitor,5.0,11110.15,4532.8,Consumer
ORD13186,2031-09-21,East,Furniture,Keyboard,9.0,3236.39,4236.2,Home Office
ORD13187,2031-09-22,East,Electronics,Keyboard,4.0,27367.61,11820.69,Consumer
ORD13188,2031-09-23,South,Electronics,Printer,2.0,34641.54,-1523.39,Corporate
ORD13189,2031-09-24,East,Electronics,Monitor,6.0,12369.4,-2603.11,Corporate
ORD13190,2031-09-25,South,Electronics,Desk,2.0,37040.44,5398.43,Consumer
ORD13191,2031-09-26,North,Office Supplies,Monitor,3.0,47542.06,-1197.23,Consumer
ORD13192,2031-09-27,West,Electronics,Chair,8.0,7026.31,5865.64,Consumer
ORD13193,2031-09-28,North,Office Supplies,Laptop,3.0,25649.25,11532.31,Consumer
ORD13194,2031-09-29,North,Electronics,Desk,2.0,3030.73,11090.6,Consumer
ORD13195,2031-09-30,North,Furniture,Printer,6.0,10491.72,-1071.25,Consumer
ORD13196,2031-10-01,East,Electronics,Laptop,3.0,4673.0,-2094.76,Consumer
ORD13197,2031-10-02,North,Electronics,Laptop,1.0,20319.53,4532.57,Home Office
ORD13198,2031-10-03,West,Furniture,Chair,3.0,41077.42,4975.21,Corporate
ORD13199,2031-10-04,South,Electronics,Chair,6.0,28941.1,6258.25,Home Office
ORD13200,2031-10-05,South,Electronics,Chair,3.0,11284.72,7605.35,Consumer
ORD13201,2031-10-06,South,Electronics,Desk,9.0,2197.51,5216.27,Consumer
ORD13202,2031-10-07,South,Electronics,Monitor,7.0,27759.23,-3100.2,Consumer
ORD13203,2031-10-08,East,Furniture,Laptop,5.0,6813.28,8432.69,Consumer
ORD13204,2031-10-09,North,Electronics,Monitor,2.0,17268.15,-3648.21,Home Office
ORD13205,2031-10-10,West,Electronics,Monitor,9.0,24573.82,-4660.12,Home Office
ORD13206,2031-10-11,East,Electronics,Chair,5.0,45205.88,8084.19,Consumer
ORD13207,2031-10-12,South,Electronics,Monitor,7.0,4274.8,4322.08,Corporate
ORD13208,2031-10-13,North,Office Supplies,Laptop,9.0,33496.66,6876.05,Home Office
ORD13209,2031-10-14,North,Electronics,Laptop,4.0,901.25,1506.7,Corporate
ORD13210,2031-10-15,North,Office Supplies,Keyboard,9.0,31569.45,-4811.43,Corporate
ORD13211,2031-10-16,North,Furniture,Printer,1.0,27666.32,627.26,Consumer
ORD13212,2031-10-17,South,Furniture,Desk,6.0,40630.96,5338.3,Consumer
ORD13213,2031-10-18,North,Electronics,Monitor,2.0,26676.79,-1163.05,Consumer
ORD13214,2031-10-19,South,Furniture,Desk,8.0,17760.31,6692.67,Corporate
ORD13215,2031-10-20,West,Electronics,Desk,5.0,12288.99,8504.82,Consumer
ORD13216,2031-10-21,West,Electronics,Desk,3.0,4445.44,2722.54,Home Office
ORD13217,2031-10-22,South,Furniture,Keyboard,2.0,26823.71,9887.26,Home Office
ORD13218,2031-10-23,South,Electronics,Desk,8.0,44438.43,9531.88,Consumer
ORD13219,2031-10-24,East,Electronics,Keyboard,7.0,25834.28,9926.99,Corporate
ORD13220,2031-10-25,East,Furniture,Laptop,9.0,37007.32,6237.63,Consumer
ORD13221,2031-10-26,North,Electronics,Monitor,8.0,15062.06,181.41,Consumer
ORD13222,2031-10-27,North,Furniture,Keyboard,4.0,22516.92,3181.27,Home Office
ORD13223,2031-10-28,East,Furniture,Printer,2.0,16365.24,7078.68,Home Office
ORD13224,2031-10-29,North,Furniture,Desk,2.0,5641.45,-1420.42,Consumer
ORD13225,2031-10-30,West,Office Supplies,Printer,2.0,20966.03,7560.34,Consumer
ORD13226,2031-10-31,North,Electronics,Laptop,6.0,38261.5,4317.51,Corporate
ORD13227,2031-11-01,West,Electronics,Laptop,7.0,19869.75,-3367.7,Consumer
ORD13228,2031-11-02,South,Furniture,Chair,6.0,32578.93,4473.87,Consumer
ORD13229,2031-11-03,South,Electronics,Desk,2.0,37979.05,-3864.81,Consumer
ORD13230,2031-11-04,South,Electronics,Chair,4.0,16272.26,-4756.78,Consumer
ORD13231,2031-11-05,South,Furniture,Printer,3.0,39916.23,10123.67,Consumer
ORD13232,2031-11-06,North,Furniture,Monitor,4.0,17078.5,3328.57,Home Office
ORD13233,2031-11-07,East,Electronics,Chair,5.0,12954.13,4235.92,Home Office
ORD13234,2031-11-08,North,Office Supplies,Laptop,5.0,11277.82,-241.06,Corporate
ORD13235,2031-11-09,West,Office Supplies,Desk,9.0,10155.23,4226.66,Consumer
ORD13236,2031-11-10,North,Furniture,Printer,2.0,36908.78,-2129.23,Corporate
ORD13237,2031-11-11,North,Electronics,Keyboard,8.0,44397.96,7675.98,Corporate
ORD13238,2031-11-12,West,Electronics,Laptop,3.0,11686.29,8996.94,Consumer
ORD13239,2031-11-13,South,Electronics,Keyboard,9.0,4444.97,9549.89,Home Office
ORD13240,2031-11-14,South,Electronics,Monitor,4.0,15825.6,-3186.9,Corporate
ORD13241,2031-11-15,South,Furniture,Desk,3.0,32960.79,4481.82,Corporate
ORD13242,2031-11-16,East,Electronics,Monitor,6.0,18552.3,8748.77,Home Office
ORD13243,2031-11-17,North,Office Supplies,Monitor,9.0,27548.99,-2820.32,Home Office
ORD13244,2031-11-18,West,Electronics,Desk,7.0,24573.82,-3308.12,Consumer
ORD13245,2031-11-19,North,Electronics,Desk,4.0,20542.23,8888.01,Home Office
ORD13246,2031-11-20,East,Furniture,Keyboard,3.0,49984.8,8544.51,Consumer
ORD13247,2031-11-21,South,Electronics,Monitor,4.0,15037.87,2627.78,Consumer
ORD13248,2031-11-22,West,Electronics,Printer,3.0,48916.77,-3134.91,Corporate
ORD13249,2031-11-23,West,Furniture,Keyboard,3.0,10310.88,3774.09,Consumer
ORD13250,2031-11-24,North,Office Supplies,Desk,9.0,5724.4,1711.65,Consumer
ORD13251,2031-11-25,North,Furniture,Laptop,4.0,37591.37,3815.31,Consumer
ORD13252,2031-11-26,South,Furniture,Keyboard,9.0,35175.02,2478.22,Corporate
ORD13253,2031-11-27,South,Office Supplies,Chair,5.0,40596.23,4664.75,Consumer
ORD13254,2031-11-28,East,Office Supplies,Printer,7.0,17310.8,7361.21,Consumer
ORD13255,2031-11-29,West,Furniture,Keyboard,5.0,46554.22,8172.62,Consumer
ORD13256,2031-11-30,West,Office Supplies,Desk,5.0,6150.18,6032.7,Consumer
ORD13257,2031-12-01,South,Electronics,Desk,2.0,1707.8,-1618.01,Corporate
ORD13258,2031-12-02,South,Office Supplies,Printer,5.0,15168.08,1751.09,Corporate
ORD13259,2031-12-03,North,Office Supplies,Chair,6.0,39906.76,-3789.19,Home Office
ORD13260,2031-12-04,West,Furniture,Keyboard,7.0,33714.52,2678.45,Consumer
ORD13261,2031-12-05,South,Electronics,Keyboard,2.0,21923.2,11495.77,Consumer
ORD13262,2031-12-06,North,Electronics,Monitor,9.0,12961.43,5909.42,Consumer
ORD13263,2031-12-07,North,Electronics,Laptop,6.0,3151.78,-2371.59,Consumer
ORD13264,2031-12-08,North,Electronics,Desk,2.0,17007.78,-434.18,Consumer
ORD13265,2031-12-09,North,Office Supplies,Keyboard,2.0,23108.98,-3902.25,Consumer
ORD13266,2031-12-10,West,Office Supplies,Keyboard,3.0,34413.79,-1898.96,Consumer
ORD13267,2031-12-11,South,Electronics,Keyboard,1.0,32369.4,3293.31,Consumer
ORD13268,2031-12-12,North,Electronics,Chair,9.0,47377.78,862.56,Corporate
ORD13269,2031-12-13,East,Electronics,Laptop,4.0,5199.72,-1532.64,Consumer
ORD13270,2031-12-14,South,Electronics,Keyboard,5.0,16949.74,-2507.83,Corporate
ORD13271,2031-12-15,South,Office Supplies,Printer,7.0,24182.59,6153.21,Corporate
ORD13272,2031-12-16,East,Electronics,Desk,1.0,33600.65,4487.74,Consumer
ORD13273,2031-12-17,North,Electronics,Monitor,3.0,24873.49,9324.89,Corporate
ORD13274,2031-12-18,South,Furniture,Printer,3.0,45655.36,-1884.7,Consumer
ORD13275,2031-12-19,North,Electronics,Desk,2.0,30511.88,9415.75,Corporate
ORD13276,2031-12-20,North,Electronics,Chair,8.0,2175.34,4824.49,Consumer
ORD13277,2031-12-21,West,Electronics,Laptop,5.0,5860.07,-474.21,Consumer
ORD13278,2031-12-22,East,Furniture,Laptop,1.0,37724.08,-349.6,Consumer
ORD13279,2031-12-23,South,Electronics,Desk,2.0,35846.23,1636.47,Home Office
ORD13280,2031-12-24,East,Electronics,Printer,1.0,7844.15,2822.16,Home Office
ORD13281,2031-12-25,East,Office Supplies,Monitor,6.0,3133.65,-3597.41,Corporate
ORD13282,2031-12-26,North,Electronics,Chair,9.0,29020.15,9313.99,Consumer
ORD13283,2031-12-27,West,Office Supplies,Desk,7.0,31859.79,-2933.8,Corporate
ORD13284,2031-12-28,North,Furniture,Chair,5.0,6937.92,3218.82,Home Office
ORD13285,2031-12-29,South,Electronics,Laptop,3.0,23786.24,1510.46,Consumer
ORD13286,2031-12-30,South,Office Supplies,Keyboard,8.0,15430.41,3708.88,Consumer
ORD13287,2031-12-31,East,Electronics,Keyboard,4.0,46579.02,10087.2,Corporate
ORD13288,2032-01-01,West,Furniture,Monitor,9.0,11116.15,11814.5,Home Office
ORD13289,2032-01-02,South,Electronics,Chair,5.0,36716.38,-4655.39,Consumer
ORD13290,2032-01-03,North,Office Supplies,Desk,6.0,26003.07,1685.07,Home Office
ORD13291,2032-01-04,West,Furniture,Monitor,5.0,773.75,8899.38,Corporate
ORD13292,2032-01-05,West,Electronics,Printer,7.0,25946.53,552.25,Home Office
ORD13293,2032-01-06,North,Office Supplies,Keyboard,7.0,24573.82,6033.61,Consumer
ORD13294,2032-01-07,East,Furniture,Desk,1.0,33021.3,11868.41,Consumer
ORD13295,2032-01-08,West,Furniture,Chair,2.0,28363.07,5995.11,Corporate
ORD13296,2032-01-09,South,Office Supplies,Monitor,7.0,719.28,-3109.75,Corporate
ORD13297,2032-01-10,North,Furniture,Desk,8.0,10393.7,9329.84,Consumer
ORD13298,2032-01-11,South,Electronics,Monitor,4.0,38856.01,11433.18,Consumer
ORD13299,2032-01-12,North,Office Supplies,Monitor,6.0,24573.82,7112.64,Corporate
ORD13300,2032-01-13,East,Furniture,Monitor,3.0,25064.31,2124.16,Home Office
ORD13301,2032-01-14,North,Electronics,Chair,7.0,15737.53,11122.8,Home Office
ORD13302,2032-01-15,North,Electronics,Desk,3.0,46092.04,11465.72,Home Office
ORD13303,2032-01-16,North,Electronics,Laptop,7.0,26921.54,10896.98,Home Office
ORD13304,2032-01-17,South,Office Supplies,Laptop,8.0,34869.44,2000.92,Corporate
ORD13305,2032-01-18,West,Furniture,Chair,3.0,4357.11,8425.03,Consumer
ORD13306,2032-01-19,South,Furniture,Chair,2.0,2208.73,6121.05,Consumer
ORD13307,2032-01-20,West,Electronics,Keyboard,6.0,13109.56,-1944.99,Home Office
ORD13308,2032-01-21,West,Electronics,Monitor,4.0,15594.89,4103.75,Corporate
ORD13309,2032-01-22,North,Electronics,Desk,8.0,34446.49,7710.75,Corporate
ORD13310,2032-01-23,North,Electronics,Desk,2.0,28542.7,10230.51,Home Office
ORD13311,2032-01-24,East,Electronics,Printer,4.0,24573.82,9664.17,Consumer
ORD13312,2032-01-25,West,Office Supplies,Printer,2.0,32775.05,-2370.81,Corporate
ORD13313,2032-01-26,North,Furniture,Laptop,2.0,8345.57,3296.57,Consumer
ORD13314,2032-01-27,South,Office Supplies,Printer,2.0,3361.79,3130.57,Consumer
ORD13315,2032-01-28,East,Electronics,Printer,1.0,42754.35,10278.53,Consumer
ORD13316,2032-01-29,North,Electronics,Laptop,4.0,28284.52,-4967.07,Corporate
ORD13317,2032-01-30,South,Electronics,Keyboard,2.0,32524.94,7558.13,Consumer
ORD13318,2032-01-31,East,Electronics,Laptop,9.0,15500.66,5516.91,Corporate
ORD13319,2032-02-01,East,Electronics,Printer,9.0,18723.36,10666.72,Corporate
ORD13320,2032-02-02,East,Office Supplies,Desk,7.0,4301.9,2767.59,Consumer
ORD13321,2032-02-03,East,Furniture,Printer,6.0,42878.01,6180.43,Consumer
ORD13322,2032-02-04,South,Electronics,Monitor,3.0,29703.48,11536.7,Home Office
ORD13323,2032-02-05,South,Office Supplies,Monitor,7.0,4364.66,7646.36,Home Office
ORD13324,2032-02-06,South,Electronics,Monitor,1.0,40265.57,-3854.47,Home Office
ORD13325,2032-02-07,South,Electronics,Keyboard,9.0,22316.95,-2151.93,Consumer
ORD13326,2032-02-08,West,Furniture,Chair,4.0,38302.05,8964.67,Corporate
ORD13327,2032-02-09,North,Electronics,Monitor,6.0,828.47,691.52,Corporate
ORD13328,2032-02-10,South,Electronics,Desk,6.0,1631.24,7000.61,Consumer
ORD13329,2032-02-11,East,Electronics,Keyboard,3.0,8704.99,6897.0,Corporate
ORD13330,2032-02-12,East,Office Supplies,Chair,4.0,10703.64,11892.91,Consumer
ORD13331,2032-02-13,South,Electronics,Chair,3.0,38244.99,2987.84,Home Office
ORD13332,2032-02-14,South,Office Supplies,Monitor,6.0,35393.37,7543.15,Consumer
ORD13333,2032-02-15,East,Office Supplies,Printer,1.0,24573.82,-4171.2,Home Office
ORD13334,2032-02-16,West,Electronics,Laptop,8.0,44265.97,2864.05,Consumer
ORD13335,2032-02-17,North,Furniture,Printer,8.0,12508.01,-1826.41,Consumer
ORD13336,2032-02-18,North,Electronics,Printer,9.0,45239.36,9289.72,Corporate
ORD13337,2032-02-19,South,Electronics,Chair,6.0,45491.66,9278.44,Home Office
ORD13338,2032-02-20,South,Office Supplies,Chair,1.0,21826.14,-981.8,Consumer
ORD13339,2032-02-21,South,Electronics,Keyboard,3.0,4900.43,410.85,Consumer
ORD13340,2032-02-22,South,Electronics,Keyboard,1.0,36382.68,6942.12,Consumer
ORD13341,2032-02-23,North,Office Supplies,Chair,5.0,16979.05,7550.52,Consumer
ORD13342,2032-02-24,East,Electronics,Desk,3.0,39787.49,6179.74,Consumer
ORD13343,2032-02-25,South,Furniture,Desk,2.0,8351.78,11943.81,Home Office
ORD13344,2032-02-26,East,Electronics,Laptop,3.0,27067.85,9767.61,Consumer
ORD13345,2032-02-27,East,Office Supplies,Chair,9.0,25502.07,2090.0,Consumer
ORD13346,2032-02-28,South,Office Supplies,Monitor,8.0,5195.66,558.6,Consumer
ORD13347,2032-02-29,East,Furniture,Keyboard,3.0,18293.97,5146.45,Consumer
ORD13348,2032-03-01,North,Electronics,Chair,2.0,4420.81,8899.82,Corporate
ORD13349,2032-03-02,West,Electronics,Desk,5.0,23344.07,3080.84,Consumer
ORD13350,2032-03-03,West,Furniture,Chair,1.0,42176.65,7540.77,Consumer
ORD13351,2032-03-04,North,Electronics,Desk,4.0,13656.2,-4674.28,Consumer
ORD13352,2032-03-05,South,Electronics,Chair,8.0,38290.13,10739.28,Corporate
ORD13353,2032-03-06,North,Electronics,Monitor,1.0,9334.69,8155.19,Consumer
ORD13354,2032-03-07,East,Electronics,Laptop,5.0,33752.0,1701.23,Consumer
ORD13355,2032-03-08,West,Electronics,Monitor,4.0,45793.76,1528.21,Consumer
ORD13356,2032-03-09,North,Electronics,Desk,6.0,16331.62,-3250.92,Consumer
ORD13357,2032-03-10,West,Electronics,Keyboard,7.0,45040.5,8874.61,Consumer
ORD13358,2032-03-11,East,Electronics,Keyboard,9.0,25369.96,8066.7,Consumer
ORD13359,2032-03-12,West,Furniture,Printer,1.0,15976.9,5714.25,Consumer
ORD13360,2032-03-13,South,Electronics,Monitor,4.0,44846.11,-3275.24,Consumer
ORD13361,2032-03-14,South,Furniture,Chair,6.0,24573.82,-540.2,Consumer
ORD13362,2032-03-15,North,Electronics,Laptop,7.0,1595.34,2801.55,Home Office
ORD13363,2032-03-16,North,Furniture,Chair,7.0,30071.51,-478.48,Consumer
ORD13364,2032-03-17,West,Electronics,Chair,8.0,39878.19,2377.56,Corporate
ORD13365,2032-03-18,North,Electronics,Monitor,8.0,37627.01,-1158.72,Home Office
ORD13366,2032-03-19,South,Office Supplies,Laptop,8.0,4157.58,943.21,Consumer
ORD13367,2032-03-20,North,Electronics,Printer,8.0,47522.51,6089.05,Consumer
ORD13368,2032-03-21,North,Electronics,Chair,8.0,35212.56,10170.14,Home Office
ORD13369,2032-03-22,West,Office Supplies,Laptop,6.0,47465.78,1545.52,Home Office
ORD13370,2032-03-23,North,Electronics,Printer,9.0,16589.07,6762.44,Consumer
ORD13371,2032-03-24,South,Electronics,Chair,3.0,34758.17,-2708.52,Consumer
ORD13372,2032-03-25,East,Office Supplies,Laptop,6.0,43024.95,4193.91,Consumer
ORD13373,2032-03-26,North,Electronics,Monitor,5.0,19147.12,10668.97,Home Office
ORD13374,2032-03-27,North,Electronics,Keyboard,8.0,48250.02,-4525.09,Consumer
ORD13375,2032-03-28,North,Electronics,Keyboard,4.0,13396.64,-451.52,Home Office
ORD13376,2032-03-29,North,Office Supplies,Chair,4.0,15917.56,-2747.61,Consumer
ORD13377,2032-03-30,South,Office Supplies,Chair,5.0,46032.36,4063.07,Consumer
ORD13378,2032-03-31,South,Electronics,Laptop,6.0,48489.06,6553.92,Consumer
ORD13379,2032-04-01,North,Electronics,Keyboard,4.0,14402.75,-4017.75,Corporate
ORD13380,2032-04-02,West,Furniture,Chair,2.0,6992.22,-3805.16,Corporate
ORD13381,2032-04-03,East,Electronics,Printer,2.0,38000.96,9783.7,Consumer
ORD13382,2032-04-04,West,Electronics,Chair,3.0,46497.33,2755.96,Corporate
ORD13383,2032-04-05,West,Office Supplies,Keyboard,2.0,30115.54,2870.18,Consumer
ORD13384,2032-04-06,South,Electronics,Desk,1.0,31799.04,11057.87,Consumer
ORD13385,2032-04-07,North,Electronics,Keyboard,8.0,38194.58,443.56,Consumer
ORD13386,2032-04-08,North,Electronics,Printer,5.0,7823.62,10249.4,Home Office
ORD13387,2032-04-09,South,Electronics,Laptop,1.0,48678.75,11562.33,Consumer
ORD13388,2032-04-10,South,Electronics,Printer,9.0,18343.6,-891.2,Consumer
ORD13389,2032-04-11,North,Furniture,Desk,8.0,31486.37,3738.66,Corporate
ORD13390,2032-04-12,North,Electronics,Desk,4.0,23537.08,4084.05,Home Office
ORD13391,2032-04-13,South,Electronics,Chair,8.0,23515.41,9724.86,Corporate
ORD13392,2032-04-14,North,Furniture,Chair,7.0,35196.67,166.44,Corporate
ORD13393,2032-04-15,South,Electronics,Keyboard,7.0,49734.18,8566.72,Corporate
ORD13394,2032-04-16,West,Electronics,Monitor,1.0,33021.18,11507.13,Home Office
ORD13395,2032-04-17,East,Electronics,Printer,6.0,39744.14,9285.72,Corporate
ORD13396,2032-04-18,East,Electronics,Keyboard,4.0,1575.28,10455.38,Consumer
ORD13397,2032-04-19,South,Furniture,Monitor,2.0,40559.28,7042.03,Corporate
ORD13398,2032-04-20,South,Electronics,Keyboard,7.0,15138.8,10367.25,Home Office
ORD13399,2032-04-21,North,Electronics,Desk,9.0,6509.75,-2197.54,Home Office
ORD13400,2032-04-22,North,Electronics,Chair,5.0,5844.04,7110.14,Consumer
ORD13401,2032-04-23,North,Furniture,Chair,8.0,34057.77,7441.92,Corporate
ORD13402,2032-04-24,West,Furniture,Keyboard,5.0,49881.32,2466.08,Home Office
ORD13403,2032-04-25,North,Electronics,Chair,7.0,33376.52,-3644.45,Corporate
ORD13404,2032-04-26,East,Electronics,Laptop,7.0,13264.94,5581.54,Consumer
ORD13405,2032-04-27,West,Office Supplies,Keyboard,9.0,10324.64,-4118.03,Consumer
ORD13406,2032-04-28,North,Furniture,Desk,3.0,26392.66,1500.84,Consumer
ORD13407,2032-04-29,North,Electronics,Keyboard,1.0,3438.96,1692.39,Corporate
ORD13408,2032-04-30,North,Electronics,Keyboard,2.0,20086.68,11981.68,Consumer
ORD13409,2032-05-01,North,Electronics,Chair,6.0,33378.5,96.63,Consumer
ORD13410,2032-05-02,North,Electronics,Desk,9.0,48389.58,8947.72,Consumer
ORD13411,2032-05-03,North,Furniture,Keyboard,3.0,21397.54,-4096.08,Consumer
ORD13412,2032-05-04,West,Furniture,Chair,2.0,10171.15,4006.02,Consumer
ORD13413,2032-05-05,East,Electronics,Printer,1.0,40904.65,4123.76,Home Office
ORD13414,2032-05-06,North,Furniture,Desk,2.0,37261.14,5688.75,Consumer
ORD13415,2032-05-07,South,Electronics,Monitor,3.0,43013.25,8770.09,Corporate
ORD13416,2032-05-08,North,Furniture,Laptop,7.0,10892.99,7952.7,Consumer
ORD13417,2032-05-09,North,Electronics,Monitor,2.0,20360.64,7937.14,Corporate
ORD13418,2032-05-10,West,Electronics,Desk,5.0,49081.41,2349.0,Consumer
ORD13419,2032-05-11,South,Office Supplies,Keyboard,2.0,8070.51,7367.02,Corporate
ORD13420,2032-05-12,West,Furniture,Chair,7.0,33638.25,3352.37,Consumer
ORD13421,2032-05-13,South,Furniture,Desk,8.0,12011.79,-3861.83,Corporate
ORD13422,2032-05-14,North,Electronics,Laptop,8.0,25107.92,10133.09,Consumer
ORD13423,2032-05-15,East,Electronics,Desk,8.0,40065.38,10132.78,Consumer
ORD13424,2032-05-16,South,Electronics,Chair,9.0,24531.59,488.94,Home Office
ORD13425,2032-05-17,West,Electronics,Monitor,1.0,40312.99,10536.34,Home Office
ORD13426,2032-05-18,North,Electronics,Printer,1.0,21431.48,7885.73,Home Office
ORD13427,2032-05-19,South,Electronics,Monitor,2.0,49967.78,1813.62,Home Office
ORD13428,2032-05-20,North,Electronics,Chair,6.0,21904.25,635.6,Consumer
ORD13429,2032-05-21,East,Electronics,Chair,1.0,7639.1,11577.43,Consumer
ORD13430,2032-05-22,South,Office Supplies,Laptop,5.0,20213.1,7114.66,Consumer
ORD13431,2032-05-23,West,Electronics,Desk,5.0,37181.14,1439.77,Consumer
ORD13432,2032-05-24,North,Furniture,Desk,4.0,42427.3,5913.73,Home Office
ORD13433,2032-05-25,North,Electronics,Monitor,5.0,23113.14,4715.95,Consumer
ORD13434,2032-05-26,East,Electronics,Printer,1.0,29804.95,3917.18,Consumer
ORD13435,2032-05-27,West,Office Supplies,Printer,6.0,42275.53,5959.93,Corporate
ORD13436,2032-05-28,West,Electronics,Laptop,7.0,24573.82,4139.65,Home Office
ORD13437,2032-05-29,West,Electronics,Chair,8.0,32954.65,6131.44,Home Office
ORD13438,2032-05-30,West,Furniture,Laptop,2.0,40788.35,10428.67,Home Office
ORD13439,2032-05-31,South,Electronics,Desk,7.0,28880.36,11885.5,Consumer
ORD13440,2032-06-01,West,Furniture,Keyboard,6.0,431.48,7057.88,Corporate
ORD13441,2032-06-02,North,Electronics,Keyboard,9.0,2255.09,10772.95,Consumer
ORD13442,2032-06-03,East,Electronics,Keyboard,8.0,48994.46,9592.97,Home Office
ORD13443,2032-06-04,South,Electronics,Chair,4.0,7420.6,15.64,Corporate
ORD13444,2032-06-05,West,Electronics,Laptop,9.0,20344.92,10859.44,Consumer
ORD13445,2032-06-06,South,Office Supplies,Monitor,1.0,46703.8,-3796.25,Consumer
ORD13446,2032-06-07,South,Office Supplies,Desk,6.0,9912.97,608.67,Home Office
ORD13447,2032-06-08,East,Office Supplies,Keyboard,8.0,42220.81,5879.06,Corporate
ORD13448,2032-06-09,North,Electronics,Printer,4.0,40949.72,3957.56,Corporate
ORD13449,2032-06-10,North,Furniture,Laptop,2.0,49319.22,4221.01,Home Office
ORD13450,2032-06-11,South,Electronics,Desk,2.0,14227.76,8513.1,Corporate
ORD13451,2032-06-12,South,Electronics,Desk,1.0,15903.2,-1690.04,Corporate
ORD13452,2032-06-13,South,Electronics,Printer,5.0,45163.32,11695.28,Consumer
ORD13453,2032-06-14,North,Furniture,Printer,6.0,11857.14,2436.79,Consumer
ORD13454,2032-06-15,South,Furniture,Printer,4.0,27485.47,11147.34,Consumer
ORD13455,2032-06-16,North,Electronics,Keyboard,4.0,35425.78,1512.97,Consumer
ORD13456,2032-06-17,North,Office Supplies,Keyboard,5.0,13739.84,5230.37,Consumer
ORD13457,2032-06-18,West,Office Supplies,Laptop,5.0,46932.96,2655.3,Consumer
ORD13458,2032-06-19,South,Furniture,Printer,9.0,33351.74,6490.9,Home Office
ORD13459,2032-06-20,South,Electronics,Monitor,8.0,2547.54,-1878.38,Corporate
ORD13460,2032-06-21,East,Electronics,Desk,9.0,6959.73,1810.69,Consumer
ORD13461,2032-06-22,East,Electronics,Printer,3.0,9700.92,-3837.52,Consumer
ORD13462,2032-06-23,West,Office Supplies,Desk,3.0,12398.88,5167.72,Consumer
ORD13463,2032-06-24,South,Furniture,Chair,1.0,36587.73,11365.59,Home Office
ORD13464,2032-06-25,North,Electronics,Chair,6.0,4628.98,-4219.59,Corporate
ORD13465,2032-06-26,North,Office Supplies,Printer,4.0,17659.61,6213.71,Consumer
ORD13466,2032-06-27,North,Electronics,Desk,8.0,45586.89,8176.67,Consumer
ORD13467,2032-06-28,North,Electronics,Chair,2.0,27922.05,-1377.16,Corporate
ORD13468,2032-06-29,North,Furniture,Printer,2.0,13421.73,-357.74,Consumer
ORD13469,2032-06-30,East,Office Supplies,Desk,7.0,47861.4,-1573.12,Consumer
ORD13470,2032-07-01,South,Electronics,Printer,5.0,12366.93,56.01,Consumer
ORD13471,2032-07-02,East,Electronics,Keyboard,1.0,45273.96,-3128.6,Consumer
ORD13472,2032-07-03,North,Electronics,Desk,7.0,36343.33,1295.91,Consumer
ORD13473,2032-07-04,West,Office Supplies,Chair,7.0,37077.95,1271.8,Home Office
ORD13474,2032-07-05,North,Electronics,Printer,6.0,38293.98,8723.55,Consumer
ORD13475,2032-07-06,North,Electronics,Chair,4.0,25427.15,8616.29,Consumer
ORD13476,2032-07-07,North,Furniture,Printer,8.0,40766.02,8544.3,Corporate
ORD13477,2032-07-08,North,Electronics,Laptop,2.0,41842.42,4639.61,Consumer
ORD13478,2032-07-09,North,Electronics,Chair,2.0,18152.24,539.97,Consumer
ORD13479,2032-07-10,South,Electronics,Chair,2.0,20137.16,1986.4,Consumer
ORD13480,2032-07-11,North,Electronics,Monitor,3.0,44460.08,401.64,Consumer
ORD13481,2032-07-12,South,Office Supplies,Keyboard,6.0,26331.52,4892.77,Corporate
ORD13482,2032-07-13,East,Electronics,Chair,1.0,43373.79,10945.65,Home Office
ORD13483,2032-07-14,West,Electronics,Desk,2.0,31413.12,-163.55,Consumer
ORD13484,2032-07-15,West,Electronics,Printer,2.0,29759.67,2800.48,Corporate
ORD13485,2032-07-16,North,Electronics,Laptop,1.0,1742.85,6136.99,Consumer
ORD13486,2032-07-17,South,Electronics,Desk,3.0,14039.14,9359.81,Consumer
ORD13487,2032-07-18,North,Furniture,Desk,7.0,25202.47,-693.32,Consumer
ORD13488,2032-07-19,North,Electronics,Desk,1.0,29448.4,-235.07,Home Office
ORD13489,2032-07-20,North,Furniture,Desk,7.0,31595.64,10047.81,Consumer
ORD13490,2032-07-21,South,Electronics,Laptop,5.0,35867.9,-3635.61,Consumer
ORD13491,2032-07-22,South,Furniture,Monitor,9.0,32880.42,5292.61,Corporate
ORD13492,2032-07-23,East,Furniture,Keyboard,2.0,42459.12,9627.74,Consumer
ORD13493,2032-07-24,South,Office Supplies,Chair,1.0,14914.42,10669.63,Consumer
ORD13494,2032-07-25,South,Electronics,Desk,9.0,32150.19,-4784.32,Home Office
ORD13495,2032-07-26,North,Furniture,Chair,8.0,2747.74,1284.32,Consumer
ORD13496,2032-07-27,North,Electronics,Chair,6.0,24113.47,-626.5,Consumer
ORD13497,2032-07-28,North,Electronics,Desk,5.0,13548.04,4656.55,Consumer
ORD13498,2032-07-29,North,Furniture,Monitor,8.0,19168.18,5758.66,Consumer
ORD13499,2032-07-30,North,Electronics,Chair,8.0,17862.21,11996.17,Home Office
ORD13500,2032-07-31,North,Office Supplies,Printer,5.0,3209.45,3716.96,Corporate
ORD13501,2032-08-01,North,Electronics,Chair,7.0,23438.96,4374.94,Consumer
ORD13502,2032-08-02,East,Office Supplies,Keyboard,1.0,49732.54,2043.33,Home Office
ORD13503,2032-08-03,East,Electronics,Desk,4.0,15087.02,-2489.49,Home Office
ORD13504,2032-08-04,North,Furniture,Laptop,2.0,36860.07,156.52,Consumer
ORD13505,2032-08-05,North,Furniture,Chair,3.0,27479.86,-801.26,Consumer
ORD13506,2032-08-06,East,Electronics,Monitor,1.0,16396.22,8620.73,Corporate
ORD13507,2032-08-07,South,Furniture,Printer,2.0,4662.43,4278.88,Corporate
ORD13508,2032-08-08,East,Electronics,Printer,1.0,10949.72,35.29,Consumer
ORD13509,2032-08-09,East,Electronics,Laptop,8.0,39136.31,3314.58,Consumer
ORD13510,2032-08-10,North,Office Supplies,Keyboard,4.0,14095.2,-1279.3,Home Office
ORD13511,2032-08-11,South,Electronics,Laptop,3.0,7386.26,-1852.84,Corporate
ORD13512,2032-08-12,North,Furniture,Keyboard,1.0,16698.66,9619.02,Corporate
ORD13513,2032-08-13,North,Office Supplies,Chair,2.0,29285.34,11061.78,Corporate
ORD13514,2032-08-14,West,Electronics,Desk,3.0,35232.47,-3639.75,Home Office
ORD13515,2032-08-15,East,Electronics,Monitor,3.0,19490.77,8003.01,Corporate
ORD13516,2032-08-16,West,Office Supplies,Printer,6.0,24573.82,2706.3,Consumer
ORD13517,2032-08-17,North,Office Supplies,Laptop,8.0,22854.85,1612.52,Consumer
ORD13518,2032-08-18,North,Office Supplies,Monitor,6.0,648.37,6719.99,Consumer
ORD13519,2032-08-19,North,Electronics,Keyboard,2.0,19900.9,-473.69,Consumer
ORD13520,2032-08-20,West,Electronics,Desk,2.0,29448.53,-4650.12,Consumer
ORD13521,2032-08-21,North,Office Supplies,Printer,7.0,28583.25,-1361.95,Consumer
ORD13522,2032-08-22,North,Electronics,Printer,1.0,37538.42,-1856.27,Consumer
ORD13523,2032-08-23,North,Office Supplies,Keyboard,1.0,33584.72,-4421.16,Corporate
ORD13524,2032-08-24,South,Electronics,Desk,7.0,13984.98,462.36,Consumer
ORD13525,2032-08-25,West,Electronics,Printer,9.0,12931.05,3066.82,Corporate
ORD13526,2032-08-26,South,Electronics,Desk,5.0,23314.26,7509.09,Corporate
ORD13527,2032-08-27,North,Furniture,Printer,1.0,36701.89,536.24,Consumer
ORD13528,2032-08-28,North,Office Supplies,Chair,5.0,4872.6,-1692.82,Corporate
ORD13529,2032-08-29,East,Furniture,Keyboard,1.0,47426.66,-1079.46,Consumer
ORD13530,2032-08-30,South,Electronics,Desk,9.0,27249.03,10150.01,Corporate
ORD13531,2032-08-31,South,Furniture,Monitor,4.0,15459.14,-1519.75,Consumer
ORD13532,2032-09-01,North,Electronics,Chair,9.0,34730.88,9947.09,Consumer
ORD13533,2032-09-02,North,Electronics,Monitor,2.0,2427.35,2600.68,Consumer
ORD13534,2032-09-03,North,Electronics,Keyboard,7.0,24322.97,10884.81,Home Office
ORD13535,2032-09-04,South,Furniture,Printer,2.0,24401.29,1937.57,Consumer
ORD13536,2032-09-05,South,Office Supplies,Monitor,4.0,8266.37,-1979.39,Corporate
ORD13537,2032-09-06,South,Furniture,Chair,6.0,41901.91,4333.51,Corporate
ORD13538,2032-09-07,West,Office Supplies,Desk,2.0,39881.24,4991.01,Corporate
ORD13539,2032-09-08,South,Office Supplies,Laptop,2.0,7806.07,5803.32,Home Office
ORD13540,2032-09-09,North,Electronics,Monitor,2.0,18318.6,1995.44,Consumer
ORD13541,2032-09-10,West,Furniture,Laptop,3.0,5201.39,-4173.78,Consumer
ORD13542,2032-09-11,South,Office Supplies,Keyboard,5.0,42460.72,5654.24,Home Office
ORD13543,2032-09-12,North,Electronics,Monitor,9.0,16301.34,10861.51,Home Office
ORD13544,2032-09-13,East,Office Supplies,Monitor,6.0,22077.95,11278.5,Consumer
ORD13545,2032-09-14,West,Electronics,Desk,9.0,16328.82,5147.05,Home Office
ORD13546,2032-09-15,West,Furniture,Printer,5.0,15639.3,-4661.92,Home Office
ORD13547,2032-09-16,North,Furniture,Chair,6.0,37415.65,-3197.35,Corporate
ORD13548,2032-09-17,North,Furniture,Chair,8.0,37428.8,9177.84,Consumer
ORD13549,2032-09-18,West,Office Supplies,Chair,3.0,25985.85,9105.66,Consumer
ORD13550,2032-09-19,South,Electronics,Keyboard,2.0,32949.32,11082.27,Consumer
ORD13551,2032-09-20,East,Office Supplies,Printer,3.0,25680.83,4584.17,Consumer
ORD13552,2032-09-21,North,Office Supplies,Laptop,9.0,1623.74,9684.88,Consumer
ORD13553,2032-09-22,South,Electronics,Chair,6.0,3487.12,9023.08,Corporate
ORD13554,2032-09-23,North,Electronics,Laptop,4.0,19310.28,5020.15,Consumer
ORD13555,2032-09-24,North,Office Supplies,Printer,3.0,37537.37,8321.84,Consumer
ORD13556,2032-09-25,South,Electronics,Keyboard,2.0,45678.67,-2862.92,Consumer
ORD13557,2032-09-26,South,Electronics,Printer,4.0,1679.47,5866.45,Consumer
ORD13558,2032-09-27,East,Office Supplies,Desk,9.0,18527.9,11208.67,Consumer
ORD13559,2032-09-28,East,Electronics,Chair,4.0,11344.37,-2246.72,Home Office
ORD13560,2032-09-29,North,Electronics,Keyboard,5.0,40797.22,7648.73,Consumer
ORD13561,2032-09-30,South,Furniture,Desk,8.0,42329.21,453.36,Consumer
ORD13562,2032-10-01,South,Office Supplies,Chair,2.0,10479.16,8890.77,Corporate
ORD13563,2032-10-02,South,Office Supplies,Printer,3.0,35599.2,6852.59,Consumer
ORD13564,2032-10-03,East,Electronics,Printer,6.0,36641.45,10744.96,Corporate
ORD13565,2032-10-04,South,Electronics,Monitor,7.0,9017.47,7102.9,Consumer
ORD13566,2032-10-05,North,Electronics,Monitor,4.0,21798.06,1975.28,Consumer
ORD13567,2032-10-06,North,Electronics,Printer,1.0,31092.82,-4814.83,Consumer
ORD13568,2032-10-07,West,Furniture,Printer,7.0,1498.12,8479.59,Consumer
ORD13569,2032-10-08,East,Electronics,Laptop,9.0,20348.67,1943.9,Consumer
ORD13570,2032-10-09,West,Electronics,Laptop,1.0,7916.92,6400.78,Corporate
ORD13571,2032-10-10,South,Electronics,Desk,1.0,27186.45,-3213.87,Consumer
ORD13572,2032-10-11,East,Electronics,Monitor,1.0,42177.3,10146.47,Corporate
ORD13573,2032-10-12,North,Electronics,Monitor,7.0,26332.75,2406.18,Corporate
ORD13574,2032-10-13,South,Electronics,Printer,9.0,1991.98,10634.76,Consumer
ORD13575,2032-10-14,North,Office Supplies,Printer,3.0,1676.93,7019.3,Consumer
ORD13576,2032-10-15,South,Office Supplies,Desk,8.0,30354.06,-2935.14,Consumer
ORD13577,2032-10-16,East,Electronics,Keyboard,9.0,16533.48,4846.34,Home Office
ORD13578,2032-10-17,South,Electronics,Keyboard,3.0,28718.79,10468.89,Corporate
ORD13579,2032-10-18,South,Furniture,Keyboard,3.0,8349.13,8599.5,Home Office
ORD13580,2032-10-19,North,Furniture,Monitor,1.0,38887.75,2105.67,Consumer
ORD13581,2032-10-20,North,Electronics,Laptop,2.0,43063.84,11236.09,Consumer
ORD13582,2032-10-21,South,Office Supplies,Keyboard,7.0,44483.43,-434.2,Home Office
ORD13583,2032-10-22,West,Electronics,Chair,3.0,15342.91,1376.83,Consumer
ORD13584,2032-10-23,East,Electronics,Desk,7.0,24573.82,7745.14,Consumer
ORD13585,2032-10-24,East,Office Supplies,Keyboard,5.0,14096.31,-1040.62,Consumer
ORD13586,2032-10-25,North,Furniture,Chair,8.0,38185.29,3761.37,Consumer
ORD13587,2032-10-26,North,Office Supplies,Keyboard,5.0,6202.15,7389.42,Consumer
ORD13588,2032-10-27,South,Electronics,Laptop,3.0,38185.69,5947.45,Consumer
ORD13589,2032-10-28,North,Electronics,Laptop,9.0,24573.82,-2358.71,Consumer
ORD13590,2032-10-29,North,Electronics,Keyboard,7.0,42806.36,5704.23,Consumer
ORD13591,2032-10-30,South,Electronics,Chair,5.0,36998.76,4736.08,Corporate
ORD13592,2032-10-31,North,Furniture,Desk,7.0,18950.68,4483.36,Home Office
ORD13593,2032-11-01,North,Furniture,Chair,9.0,45196.25,9042.8,Consumer
ORD13594,2032-11-02,North,Electronics,Desk,5.0,14310.19,-1873.77,Corporate
ORD13595,2032-11-03,South,Electronics,Keyboard,7.0,48356.03,7776.62,Consumer
ORD13596,2032-11-04,West,Electronics,Desk,5.0,38406.73,7935.74,Home Office
ORD13597,2032-11-05,North,Electronics,Printer,1.0,49535.61,7284.97,Corporate
ORD13598,2032-11-06,South,Electronics,Monitor,4.0,2884.45,3601.46,Consumer
ORD13599,2032-11-07,East,Office Supplies,Monitor,1.0,13847.0,1724.16,Home Office
ORD13600,2032-11-08,South,Office Supplies,Laptop,8.0,37114.96,1709.51,Consumer
ORD13601,2032-11-09,West,Furniture,Printer,3.0,46128.04,7474.75,Corporate
ORD13602,2032-11-10,East,Electronics,Monitor,2.0,1632.79,3464.24,Consumer
ORD13603,2032-11-11,North,Furniture,Keyboard,4.0,200.46,753.37,Corporate
ORD13604,2032-11-12,North,Office Supplies,Desk,3.0,12960.88,5632.98,Consumer
ORD13605,2032-11-13,North,Electronics,Desk,5.0,42668.38,9229.19,Corporate
ORD13606,2032-11-14,South,Furniture,Chair,8.0,38404.22,-3954.35,Consumer
ORD13607,2032-11-15,South,Electronics,Chair,8.0,17145.82,11526.33,Consumer
ORD13608,2032-11-16,South,Electronics,Desk,7.0,300.16,-3356.92,Consumer
ORD13609,2032-11-17,West,Electronics,Keyboard,8.0,27824.35,3699.55,Corporate
ORD13610,2032-11-18,West,Office Supplies,Desk,5.0,12050.18,4523.56,Consumer
ORD13611,2032-11-19,South,Electronics,Chair,6.0,37331.32,-2650.42,Consumer
ORD13612,2032-11-20,East,Electronics,Monitor,8.0,22428.21,10565.09,Corporate
ORD13613,2032-11-21,East,Electronics,Laptop,1.0,33994.38,3014.94,Home Office
ORD13614,2032-11-22,West,Furniture,Chair,6.0,42644.98,-2566.95,Consumer
ORD13615,2032-11-23,West,Office Supplies,Keyboard,6.0,26880.84,7097.41,Corporate
ORD13616,2032-11-24,North,Furniture,Monitor,5.0,16930.59,6277.87,Consumer
ORD13617,2032-11-25,East,Office Supplies,Monitor,4.0,38523.27,11368.71,Consumer
ORD13618,2032-11-26,South,Electronics,Monitor,1.0,13406.32,2505.78,Corporate
ORD13619,2032-11-27,East,Electronics,Printer,8.0,44597.64,-447.47,Consumer
ORD13620,2032-11-28,North,Furniture,Printer,6.0,3757.1,-3980.1,Home Office
ORD13621,2032-11-29,South,Electronics,Monitor,3.0,41806.34,7463.07,Consumer
ORD13622,2032-11-30,West,Office Supplies,Keyboard,3.0,4759.48,5493.72,Home Office
ORD13623,2032-12-01,West,Furniture,Desk,6.0,2995.62,11534.38,Home Office
ORD13624,2032-12-02,North,Furniture,Keyboard,7.0,18290.2,7106.8,Consumer
ORD13625,2032-12-03,South,Electronics,Printer,8.0,47836.16,10863.75,Home Office
ORD13626,2032-12-04,West,Furniture,Chair,5.0,49177.61,11856.84,Corporate
ORD13627,2032-12-05,North,Electronics,Printer,6.0,10263.11,2283.33,Corporate
ORD13628,2032-12-06,West,Electronics,Desk,1.0,7602.15,-2444.98,Consumer
ORD13629,2032-12-07,North,Electronics,Laptop,6.0,17777.08,-1670.54,Corporate
ORD13630,2032-12-08,North,Office Supplies,Printer,9.0,16986.92,412.38,Corporate
ORD13631,2032-12-09,North,Electronics,Keyboard,4.0,38027.73,3651.23,Consumer
ORD13632,2032-12-10,West,Electronics,Keyboard,1.0,22311.15,-2918.86,Consumer
ORD13633,2032-12-11,East,Electronics,Monitor,9.0,24573.82,129.2,Consumer
ORD13634,2032-12-12,North,Electronics,Monitor,4.0,37485.91,232.5,Corporate
ORD13635,2032-12-13,South,Furniture,Monitor,2.0,28999.86,-4930.54,Consumer
ORD13636,2032-12-14,West,Furniture,Laptop,1.0,41708.9,1020.87,Home Office
ORD13637,2032-12-15,South,Electronics,Desk,3.0,9943.26,-3025.41,Home Office
ORD13638,2032-12-16,West,Electronics,Chair,7.0,8258.16,2305.09,Corporate
ORD13639,2032-12-17,East,Furniture,Keyboard,2.0,37582.38,-1658.88,Consumer
ORD13640,2032-12-18,East,Electronics,Keyboard,9.0,12390.89,8975.94,Consumer
ORD13641,2032-12-19,East,Electronics,Desk,2.0,339.16,-3631.07,Consumer
ORD13642,2032-12-20,South,Electronics,Laptop,5.0,45615.62,9716.23,Consumer
ORD13643,2032-12-21,East,Furniture,Monitor,8.0,24573.82,4868.95,Consumer
ORD13644,2032-12-22,North,Electronics,Desk,8.0,22357.9,2796.89,Consumer
ORD13645,2032-12-23,North,Furniture,Chair,3.0,36341.68,4345.62,Consumer
ORD13646,2032-12-24,South,Furniture,Monitor,2.0,16799.92,1393.86,Consumer
ORD13647,2032-12-25,North,Electronics,Chair,9.0,47692.57,-2830.6,Consumer
ORD13648,2032-12-26,South,Electronics,Printer,3.0,3617.29,8019.96,Consumer
ORD13649,2032-12-27,West,Electronics,Chair,8.0,32119.22,10774.5,Consumer
ORD13650,2032-12-28,West,Electronics,Monitor,2.0,38909.02,11151.15,Home Office
ORD13651,2032-12-29,South,Office Supplies,Printer,3.0,23562.47,6402.1,Consumer
ORD13652,2032-12-30,North,Electronics,Monitor,1.0,37797.42,1975.91,Corporate
ORD13653,2032-12-31,West,Furniture,Keyboard,6.0,46360.14,3132.12,Home Office
ORD13654,2033-01-01,North,Furniture,Monitor,7.0,37250.9,6168.42,Consumer
ORD13655,2033-01-02,North,Electronics,Printer,4.0,15606.47,8992.23,Home Office
ORD13656,2033-01-03,South,Office Supplies,Chair,1.0,24573.82,1367.64,Consumer
ORD13657,2033-01-04,North,Electronics,Keyboard,3.0,45597.86,10585.28,Consumer
ORD13658,2033-01-05,South,Office Supplies,Laptop,9.0,22565.07,512.63,Consumer
ORD13659,2033-01-06,East,Office Supplies,Laptop,5.0,34148.59,4024.62,Consumer
ORD13660,2033-01-07,East,Electronics,Laptop,6.0,23382.63,11343.15,Home Office
ORD13661,2033-01-08,East,Furniture,Laptop,4.0,6242.94,10949.38,Corporate
ORD13662,2033-01-09,North,Furniture,Desk,1.0,3118.16,6827.67,Consumer
ORD13663,2033-01-10,West,Office Supplies,Laptop,5.0,47623.24,517.52,Consumer
ORD13664,2033-01-11,South,Furniture,Printer,5.0,30704.58,-1276.4,Home Office
ORD13665,2033-01-12,East,Electronics,Laptop,5.0,5369.98,-3637.56,Consumer
ORD13666,2033-01-13,South,Office Supplies,Monitor,6.0,24573.82,7047.12,Consumer
ORD13667,2033-01-14,South,Furniture,Laptop,2.0,26230.12,3558.66,Consumer
ORD13668,2033-01-15,East,Electronics,Chair,1.0,38642.22,4728.89,Corporate
ORD13669,2033-01-16,East,Electronics,Printer,2.0,6512.46,3030.67,Home Office
ORD13670,2033-01-17,South,Furniture,Printer,6.0,45364.14,3210.09,Corporate
ORD13671,2033-01-18,East,Electronics,Keyboard,5.0,29608.66,4711.65,Consumer
ORD13672,2033-01-19,South,Electronics,Desk,5.0,36965.38,10542.45,Corporate
ORD13673,2033-01-20,South,Electronics,Monitor,6.0,1762.71,-4500.77,Consumer
ORD13674,2033-01-21,East,Electronics,Printer,7.0,15902.18,8627.83,Corporate
ORD13675,2033-01-22,North,Office Supplies,Chair,9.0,13518.78,1638.78,Consumer
ORD13676,2033-01-23,North,Office Supplies,Laptop,7.0,47489.83,7663.71,Home Office
ORD13677,2033-01-24,South,Furniture,Printer,2.0,9429.86,11124.95,Corporate
ORD13678,2033-01-25,South,Electronics,Chair,6.0,35411.18,206.88,Consumer
ORD13679,2033-01-26,North,Office Supplies,Laptop,9.0,2329.13,-3477.57,Home Office
ORD13680,2033-01-27,South,Office Supplies,Desk,7.0,10044.67,-1050.93,Consumer
ORD13681,2033-01-28,North,Electronics,Printer,2.0,17062.15,-1224.42,Consumer
ORD13682,2033-01-29,North,Electronics,Printer,3.0,39766.39,7611.44,Consumer
ORD13683,2033-01-30,South,Office Supplies,Chair,8.0,39540.83,-3948.41,Home Office
ORD13684,2033-01-31,West,Electronics,Keyboard,9.0,47639.57,-4134.13,Corporate
ORD13685,2033-02-01,North,Furniture,Monitor,4.0,45855.02,6791.35,Consumer
ORD13686,2033-02-02,East,Office Supplies,Desk,9.0,4259.43,4464.23,Corporate
ORD13687,2033-02-03,South,Office Supplies,Monitor,2.0,41527.41,2102.05,Corporate
ORD13688,2033-02-04,West,Electronics,Printer,5.0,22668.44,4781.26,Consumer
ORD13689,2033-02-05,South,Electronics,Monitor,2.0,43321.13,7499.21,Corporate
ORD13690,2033-02-06,West,Furniture,Laptop,1.0,4646.46,-3240.99,Consumer
ORD13691,2033-02-07,North,Office Supplies,Desk,5.0,41173.9,4405.87,Home Office
ORD13692,2033-02-08,North,Furniture,Monitor,2.0,8150.2,9015.09,Home Office
ORD13693,2033-02-09,North,Electronics,Laptop,7.0,16825.31,1161.3,Consumer
ORD13694,2033-02-10,North,Office Supplies,Chair,8.0,1636.65,7971.31,Consumer
ORD13695,2033-02-11,East,Office Supplies,Monitor,2.0,6361.66,9372.15,Consumer
ORD13696,2033-02-12,South,Electronics,Desk,7.0,22397.15,8955.8,Home Office
ORD13697,2033-02-13,West,Electronics,Laptop,4.0,40953.25,6056.06,Consumer
ORD13698,2033-02-14,North,Office Supplies,Monitor,1.0,38728.75,7194.86,Consumer
ORD13699,2033-02-15,North,Furniture,Chair,3.0,11917.83,8390.48,Corporate
ORD13700,2033-02-16,South,Electronics,Monitor,1.0,7754.18,7473.06,Corporate
ORD13701,2033-02-17,West,Furniture,Laptop,5.0,19585.32,2678.56,Home Office
ORD13702,2033-02-18,North,Electronics,Monitor,8.0,44186.76,-2294.94,Home Office
ORD13703,2033-02-19,North,Electronics,Desk,1.0,4752.97,265.42,Consumer
ORD13704,2033-02-20,North,Furniture,Printer,9.0,27237.12,-1476.81,Consumer
ORD13705,2033-02-21,North,Furniture,Laptop,3.0,4622.61,1144.55,Home Office
ORD13706,2033-02-22,North,Electronics,Laptop,5.0,23616.56,3318.63,Home Office
ORD13707,2033-02-23,South,Electronics,Laptop,9.0,6514.22,11303.79,Home Office
ORD13708,2033-02-24,North,Electronics,Laptop,5.0,4200.78,11310.87,Consumer
ORD13709,2033-02-25,South,Electronics,Monitor,9.0,9704.3,8083.0,Consumer
ORD13710,2033-02-26,North,Electronics,Desk,8.0,12911.75,11662.38,Home Office
ORD13711,2033-02-27,East,Electronics,Chair,7.0,13958.02,11966.27,Consumer
ORD13712,2033-02-28,East,Office Supplies,Desk,1.0,32334.34,10049.36,Consumer
ORD13713,2033-03-01,East,Office Supplies,Laptop,4.0,2938.1,-3648.44,Consumer
ORD13714,2033-03-02,South,Electronics,Keyboard,9.0,4224.29,2242.75,Corporate
ORD13715,2033-03-03,South,Office Supplies,Monitor,8.0,9597.57,4080.04,Corporate
ORD13716,2033-03-04,North,Electronics,Keyboard,4.0,43628.74,-2890.6,Corporate
ORD13717,2033-03-05,East,Electronics,Monitor,1.0,31504.53,8746.72,Corporate
ORD13718,2033-03-06,South,Electronics,Laptop,4.0,36572.41,-2472.38,Consumer
ORD13719,2033-03-07,North,Electronics,Monitor,3.0,18644.04,1516.59,Corporate
ORD13720,2033-03-08,North,Electronics,Laptop,6.0,10818.37,-3828.49,Consumer
ORD13721,2033-03-09,South,Furniture,Desk,5.0,2090.48,3918.08,Consumer
ORD13722,2033-03-10,West,Furniture,Printer,5.0,24529.07,5149.7,Home Office
ORD13723,2033-03-11,North,Electronics,Monitor,2.0,28799.19,7498.01,Home Office
ORD13724,2033-03-12,West,Office Supplies,Laptop,3.0,44870.74,770.85,Home Office
ORD13725,2033-03-13,East,Furniture,Keyboard,6.0,44128.23,5039.04,Consumer
ORD13726,2033-03-14,West,Electronics,Laptop,2.0,21349.32,7480.5,Consumer
ORD13727,2033-03-15,East,Electronics,Keyboard,4.0,21294.18,7954.6,Consumer
ORD13728,2033-03-16,North,Furniture,Monitor,2.0,8223.92,127.91,Consumer
ORD13729,2033-03-17,West,Electronics,Chair,9.0,13020.96,-3849.03,Consumer
ORD13730,2033-03-18,North,Office Supplies,Keyboard,3.0,46298.05,-4360.47,Consumer
ORD13731,2033-03-19,East,Electronics,Laptop,6.0,7223.59,8057.02,Consumer
ORD13732,2033-03-20,North,Furniture,Monitor,1.0,48441.24,1552.46,Home Office
ORD13733,2033-03-21,South,Office Supplies,Laptop,3.0,25335.98,-2722.97,Corporate
ORD13734,2033-03-22,East,Office Supplies,Chair,8.0,22939.02,-1863.69,Corporate
ORD13735,2033-03-23,West,Office Supplies,Printer,5.0,8896.99,8024.56,Consumer
ORD13736,2033-03-24,East,Electronics,Chair,8.0,33144.75,5181.33,Corporate
ORD13737,2033-03-25,North,Electronics,Desk,2.0,23100.31,3523.85,Consumer
ORD13738,2033-03-26,North,Office Supplies,Monitor,7.0,18659.02,5591.13,Home Office
ORD13739,2033-03-27,East,Electronics,Chair,9.0,24573.82,-2662.51,Consumer
ORD13740,2033-03-28,North,Furniture,Printer,7.0,3511.04,423.72,Corporate
ORD13741,2033-03-29,South,Electronics,Laptop,3.0,26062.54,1359.08,Corporate
ORD13742,2033-03-30,South,Electronics,Monitor,7.0,15782.83,346.46,Home Office
ORD13743,2033-03-31,North,Electronics,Keyboard,8.0,35451.69,9695.08,Consumer
ORD13744,2033-04-01,South,Electronics,Chair,1.0,36231.41,4884.16,Home Office
ORD13745,2033-04-02,East,Electronics,Printer,3.0,16738.93,7398.46,Consumer
ORD13746,2033-04-03,North,Electronics,Chair,5.0,33522.21,-976.0,Corporate
ORD13747,2033-04-04,North,Electronics,Desk,6.0,13082.03,-510.74,Home Office
ORD13748,2033-04-05,West,Electronics,Monitor,3.0,36413.25,-1169.29,Home Office
ORD13749,2033-04-06,North,Electronics,Laptop,4.0,1000.64,6695.65,Consumer
ORD13750,2033-04-07,North,Electronics,Printer,5.0,7750.12,933.7,Home Office
ORD13751,2033-04-08,North,Electronics,Chair,3.0,12401.43,1886.43,Consumer
ORD13752,2033-04-09,West,Electronics,Monitor,4.0,38692.19,7055.07,Consumer
ORD13753,2033-04-10,South,Furniture,Chair,5.0,3505.54,11520.58,Home Office
ORD13754,2033-04-11,East,Electronics,Monitor,2.0,9565.25,-2248.12,Home Office
ORD13755,2033-04-12,East,Electronics,Desk,9.0,18059.48,-3934.5,Consumer
ORD13756,2033-04-13,North,Furniture,Chair,8.0,656.91,-1687.62,Corporate
ORD13757,2033-04-14,South,Office Supplies,Desk,6.0,38153.62,7494.33,Home Office
ORD13758,2033-04-15,East,Electronics,Keyboard,3.0,28093.24,-1691.34,Consumer
ORD13759,2033-04-16,South,Electronics,Keyboard,2.0,45053.83,4933.99,Corporate
ORD13760,2033-04-17,North,Electronics,Printer,5.0,1745.35,5035.38,Home Office
ORD13761,2033-04-18,West,Electronics,Desk,8.0,13715.26,5.19,Corporate
ORD13762,2033-04-19,South,Electronics,Monitor,1.0,36616.33,-3831.65,Consumer
ORD13763,2033-04-20,North,Furniture,Printer,6.0,33822.44,1786.41,Corporate
ORD13764,2033-04-21,South,Electronics,Chair,7.0,12304.26,-1824.65,Consumer
ORD13765,2033-04-22,East,Electronics,Chair,9.0,29865.25,-1863.96,Home Office
ORD13766,2033-04-23,West,Electronics,Monitor,3.0,39729.13,3884.01,Corporate
ORD13767,2033-04-24,North,Office Supplies,Laptop,2.0,1862.36,6443.06,Consumer
ORD13768,2033-04-25,North,Office Supplies,Laptop,5.0,35937.89,-3717.94,Consumer
ORD13769,2033-04-26,West,Electronics,Chair,1.0,12754.43,4831.46,Consumer
ORD13770,2033-04-27,North,Furniture,Monitor,6.0,47402.99,-814.57,Corporate
ORD13771,2033-04-28,South,Electronics,Laptop,9.0,27003.37,6446.07,Consumer
ORD13772,2033-04-29,South,Electronics,Desk,9.0,1862.63,8773.67,Consumer
ORD13773,2033-04-30,West,Electronics,Chair,7.0,20290.84,8719.23,Corporate
ORD13774,2033-05-01,South,Electronics,Keyboard,7.0,48322.33,1287.64,Corporate
ORD13775,2033-05-02,North,Office Supplies,Desk,8.0,36572.58,4643.58,Consumer
ORD13776,2033-05-03,East,Electronics,Monitor,2.0,15163.85,8492.82,Corporate
ORD13777,2033-05-04,East,Electronics,Keyboard,6.0,28848.31,-3966.23,Corporate
ORD13778,2033-05-05,South,Furniture,Desk,5.0,30035.25,5295.61,Consumer
ORD13779,2033-05-06,West,Electronics,Laptop,5.0,1362.74,9220.87,Corporate
ORD13780,2033-05-07,West,Electronics,Laptop,3.0,9105.9,1330.07,Corporate
ORD13781,2033-05-08,West,Electronics,Keyboard,3.0,27678.49,2741.94,Consumer
ORD13782,2033-05-09,South,Electronics,Printer,6.0,20257.08,6878.38,Consumer
ORD13783,2033-05-10,South,Office Supplies,Chair,7.0,9663.88,-3845.96,Consumer
ORD13784,2033-05-11,West,Electronics,Keyboard,1.0,38678.9,1555.81,Home Office
ORD13785,2033-05-12,South,Electronics,Monitor,3.0,24551.95,27.08,Consumer
ORD13786,2033-05-13,East,Office Supplies,Chair,1.0,15636.66,-4711.1,Home Office
ORD13787,2033-05-14,North,Electronics,Desk,3.0,8251.53,-1668.46,Home Office
ORD13788,2033-05-15,South,Electronics,Monitor,5.0,30635.94,1730.02,Consumer
ORD13789,2033-05-16,East,Electronics,Monitor,9.0,33379.81,-1643.71,Consumer
ORD13790,2033-05-17,East,Office Supplies,Laptop,3.0,33545.94,5240.77,Consumer
ORD13791,2033-05-18,North,Electronics,Desk,9.0,11170.31,2627.09,Consumer
ORD13792,2033-05-19,East,Furniture,Laptop,1.0,29847.85,-4328.82,Consumer
ORD13793,2033-05-20,South,Electronics,Laptop,6.0,45289.24,-324.32,Consumer
ORD13794,2033-05-21,North,Office Supplies,Printer,9.0,17788.74,-4668.89,Consumer
ORD13795,2033-05-22,East,Electronics,Laptop,5.0,10696.19,1088.3,Consumer
ORD13796,2033-05-23,North,Office Supplies,Chair,2.0,38653.05,-595.13,Consumer
ORD13797,2033-05-24,South,Furniture,Monitor,5.0,9008.77,6699.18,Corporate
ORD13798,2033-05-25,East,Furniture,Laptop,1.0,12836.69,225.92,Consumer
ORD13799,2033-05-26,South,Electronics,Keyboard,9.0,5212.09,1377.7,Consumer
ORD13800,2033-05-27,West,Electronics,Chair,9.0,13540.14,7330.68,Consumer
ORD13801,2033-05-28,East,Furniture,Desk,6.0,20634.69,3175.6,Consumer
ORD13802,2033-05-29,West,Electronics,Monitor,9.0,3395.06,4459.72,Home Office
ORD13803,2033-05-30,North,Electronics,Keyboard,3.0,43611.1,9302.89,Consumer
ORD13804,2033-05-31,East,Electronics,Keyboard,4.0,25781.0,-1482.9,Consumer
ORD13805,2033-06-01,North,Electronics,Desk,6.0,29487.56,11816.15,Corporate
ORD13806,2033-06-02,West,Electronics,Keyboard,4.0,18690.03,10301.79,Consumer
ORD13807,2033-06-03,North,Electronics,Chair,1.0,33557.79,-128.6,Home Office
ORD13808,2033-06-04,North,Furniture,Desk,7.0,21702.73,10179.95,Consumer
ORD13809,2033-06-05,North,Electronics,Keyboard,5.0,38113.43,7817.25,Corporate
ORD13810,2033-06-06,North,Electronics,Desk,8.0,41105.83,10822.86,Home Office
ORD13811,2033-06-07,North,Furniture,Desk,9.0,33658.09,6749.3,Corporate
ORD13812,2033-06-08,North,Electronics,Laptop,5.0,24668.51,6466.12,Home Office
ORD13813,2033-06-09,South,Electronics,Laptop,8.0,39157.01,-4941.11,Consumer
ORD13814,2033-06-10,East,Office Supplies,Laptop,1.0,24815.41,3068.4,Consumer
ORD13815,2033-06-11,East,Electronics,Keyboard,1.0,5753.19,-1595.43,Consumer
ORD13816,2033-06-12,North,Electronics,Monitor,7.0,5993.74,509.38,Corporate
ORD13817,2033-06-13,North,Furniture,Chair,6.0,47439.44,11639.87,Consumer
ORD13818,2033-06-14,North,Electronics,Keyboard,5.0,10835.44,-3546.47,Consumer
ORD13819,2033-06-15,North,Electronics,Laptop,5.0,40833.06,7282.27,Consumer
ORD13820,2033-06-16,South,Electronics,Desk,5.0,12485.93,-2059.94,Consumer
ORD13821,2033-06-17,South,Office Supplies,Keyboard,1.0,21652.85,-4874.18,Home Office
ORD13822,2033-06-18,North,Electronics,Desk,8.0,32816.42,3524.12,Home Office
ORD13823,2033-06-19,South,Electronics,Desk,2.0,8111.59,-2259.34,Corporate
ORD13824,2033-06-20,East,Electronics,Desk,7.0,36914.88,11412.93,Home Office
ORD13825,2033-06-21,East,Electronics,Printer,6.0,34557.67,-1537.16,Consumer
ORD13826,2033-06-22,South,Electronics,Monitor,2.0,27245.53,-1735.4,Home Office
ORD13827,2033-06-23,South,Furniture,Chair,3.0,28381.31,-4453.16,Consumer
ORD13828,2033-06-24,North,Office Supplies,Chair,4.0,5467.44,606.93,Home Office
ORD13829,2033-06-25,South,Electronics,Laptop,7.0,21910.27,-4590.1,Corporate
ORD13830,2033-06-26,North,Electronics,Printer,8.0,4511.26,3481.07,Home Office
ORD13831,2033-06-27,West,Electronics,Keyboard,5.0,15531.59,3595.38,Corporate
ORD13832,2033-06-28,South,Office Supplies,Keyboard,8.0,45035.54,-4094.86,Consumer
ORD13833,2033-06-29,North,Electronics,Chair,9.0,28811.76,-918.94,Consumer
ORD13834,2033-06-30,East,Office Supplies,Monitor,7.0,37186.63,9145.81,Consumer
ORD13835,2033-07-01,South,Office Supplies,Desk,1.0,28779.52,2863.26,Consumer
ORD13836,2033-07-02,North,Office Supplies,Laptop,6.0,9872.99,2388.37,Consumer
ORD13837,2033-07-03,South,Electronics,Monitor,5.0,29821.45,6879.21,Consumer
ORD13838,2033-07-04,East,Electronics,Chair,5.0,37818.33,7152.99,Consumer
ORD13839,2033-07-05,East,Furniture,Printer,2.0,7092.57,7953.36,Consumer
ORD13840,2033-07-06,South,Electronics,Laptop,5.0,40881.95,9118.2,Consumer
ORD13841,2033-07-07,South,Electronics,Chair,8.0,27858.53,-1051.74,Consumer
ORD13842,2033-07-08,North,Office Supplies,Keyboard,2.0,412.91,-3871.53,Home Office
ORD13843,2033-07-09,South,Electronics,Laptop,1.0,26084.97,1464.5,Corporate
ORD13844,2033-07-10,East,Electronics,Chair,4.0,19904.44,9536.66,Consumer
ORD13845,2033-07-11,North,Furniture,Keyboard,4.0,14963.04,-3673.51,Consumer
ORD13846,2033-07-12,West,Electronics,Keyboard,9.0,38608.61,4791.21,Consumer
ORD13847,2033-07-13,North,Office Supplies,Desk,3.0,44995.09,6918.41,Consumer
ORD13848,2033-07-14,North,Electronics,Printer,4.0,38180.12,3183.92,Corporate
ORD13849,2033-07-15,North,Furniture,Desk,3.0,42369.27,-662.02,Consumer
ORD13850,2033-07-16,North,Electronics,Chair,2.0,45457.29,547.26,Consumer
ORD13851,2033-07-17,North,Electronics,Monitor,4.0,45648.94,-3781.91,Corporate
ORD13852,2033-07-18,North,Office Supplies,Desk,8.0,5908.98,-26.08,Consumer
ORD13853,2033-07-19,West,Electronics,Monitor,1.0,22928.0,-4245.57,Consumer
ORD13854,2033-07-20,North,Furniture,Keyboard,8.0,214.27,7347.52,Consumer
ORD13855,2033-07-21,North,Electronics,Chair,8.0,25421.84,10265.92,Consumer
ORD13856,2033-07-22,West,Electronics,Printer,3.0,46227.35,5769.72,Corporate
ORD13857,2033-07-23,East,Office Supplies,Monitor,6.0,10115.29,6163.95,Consumer
ORD13858,2033-07-24,South,Electronics,Chair,4.0,24573.82,3026.42,Corporate
ORD13859,2033-07-25,North,Electronics,Monitor,1.0,32290.08,-2347.38,Consumer
ORD13860,2033-07-26,South,Electronics,Desk,1.0,8185.63,-4868.67,Home Office
ORD13861,2033-07-27,South,Electronics,Chair,5.0,12078.67,847.59,Corporate
ORD13862,2033-07-28,South,Furniture,Desk,8.0,23208.68,7775.31,Corporate
ORD13863,2033-07-29,West,Electronics,Laptop,1.0,9572.83,11327.34,Consumer
ORD13864,2033-07-30,South,Electronics,Chair,2.0,29332.7,2328.44,Home Office
ORD13865,2033-07-31,South,Electronics,Monitor,7.0,24330.18,1211.65,Consumer
ORD13866,2033-08-01,East,Electronics,Laptop,8.0,26056.07,2581.29,Consumer
ORD13867,2033-08-02,East,Electronics,Desk,3.0,6896.48,2272.17,Consumer
ORD13868,2033-08-03,East,Furniture,Desk,8.0,25959.14,5639.96,Consumer
ORD13869,2033-08-04,South,Electronics,Monitor,1.0,2664.01,7480.51,Home Office
ORD13870,2033-08-05,West,Electronics,Laptop,9.0,44100.46,8344.29,Home Office
ORD13871,2033-08-06,North,Furniture,Keyboard,2.0,17293.83,6043.28,Corporate
ORD13872,2033-08-07,North,Furniture,Printer,2.0,42845.6,2441.31,Consumer
ORD13873,2033-08-08,South,Electronics,Monitor,4.0,35142.49,11151.76,Consumer
ORD13874,2033-08-09,North,Office Supplies,Desk,3.0,38355.39,7087.33,Home Office
ORD13875,2033-08-10,North,Electronics,Chair,4.0,15864.32,2253.19,Consumer
ORD13876,2033-08-11,East,Office Supplies,Laptop,6.0,11541.65,2591.89,Consumer
ORD13877,2033-08-12,East,Furniture,Keyboard,7.0,20455.68,8905.67,Home Office
ORD13878,2033-08-13,South,Electronics,Printer,5.0,1406.45,2489.2,Corporate
ORD13879,2033-08-14,South,Electronics,Chair,2.0,45954.03,3776.65,Corporate
ORD13880,2033-08-15,North,Furniture,Laptop,3.0,19473.31,-43.61,Corporate
ORD13881,2033-08-16,South,Electronics,Keyboard,3.0,49430.12,9261.55,Consumer
ORD13882,2033-08-17,South,Furniture,Monitor,5.0,38120.18,3878.85,Home Office
ORD13883,2033-08-18,West,Electronics,Keyboard,5.0,4209.65,4393.11,Corporate
ORD13884,2033-08-19,South,Office Supplies,Monitor,4.0,33077.38,9971.48,Home Office
ORD13885,2033-08-20,West,Furniture,Laptop,8.0,13687.79,10648.79,Consumer
ORD13886,2033-08-21,South,Electronics,Keyboard,6.0,12337.19,9011.29,Consumer
ORD13887,2033-08-22,South,Electronics,Printer,6.0,12976.82,-3888.7,Consumer
ORD13888,2033-08-23,South,Electronics,Keyboard,1.0,45820.54,2539.65,Consumer
ORD13889,2033-08-24,North,Electronics,Laptop,6.0,24573.82,836.63,Consumer
ORD13890,2033-08-25,West,Office Supplies,Chair,3.0,33539.65,-1370.25,Corporate
ORD13891,2033-08-26,South,Electronics,Chair,6.0,14191.2,10452.22,Consumer
ORD13892,2033-08-27,East,Electronics,Keyboard,6.0,26243.13,10131.17,Home Office
ORD13893,2033-08-28,South,Electronics,Keyboard,2.0,17634.99,2910.06,Consumer
ORD13894,2033-08-29,South,Furniture,Monitor,1.0,16192.72,-2712.47,Home Office
ORD13895,2033-08-30,East,Office Supplies,Laptop,3.0,12499.05,-4772.78,Consumer
ORD13896,2033-08-31,South,Electronics,Monitor,5.0,20568.54,2453.94,Consumer
ORD13897,2033-09-01,North,Office Supplies,Printer,4.0,33069.5,-4320.76,Consumer
ORD13898,2033-09-02,North,Electronics,Chair,7.0,11257.78,5362.45,Consumer
ORD13899,2033-09-03,North,Office Supplies,Desk,4.0,48279.11,5342.95,Corporate
ORD13900,2033-09-04,North,Electronics,Desk,8.0,6405.66,10281.97,Home Office
ORD13901,2033-09-05,North,Furniture,Laptop,7.0,24114.32,-1769.16,Consumer
ORD13902,2033-09-06,South,Furniture,Laptop,9.0,4434.41,1313.7,Consumer
ORD13903,2033-09-07,North,Office Supplies,Desk,1.0,1328.73,9612.27,Consumer
ORD13904,2033-09-08,North,Electronics,Laptop,5.0,46149.33,3063.04,Consumer
ORD13905,2033-09-09,North,Office Supplies,Chair,4.0,40557.16,-3984.7,Consumer
ORD13906,2033-09-10,East,Electronics,Printer,6.0,34768.94,-3116.67,Corporate
ORD13907,2033-09-11,North,Furniture,Printer,1.0,43286.5,8828.73,Corporate
ORD13908,2033-09-12,East,Furniture,Monitor,6.0,40181.85,7642.86,Corporate
ORD13909,2033-09-13,North,Furniture,Chair,1.0,32432.44,9889.99,Consumer
ORD13910,2033-09-14,North,Electronics,Laptop,1.0,42397.65,-2979.36,Consumer
ORD13911,2033-09-15,South,Electronics,Laptop,8.0,19661.87,7927.08,Corporate
ORD13912,2033-09-16,North,Electronics,Monitor,2.0,27727.04,6136.77,Consumer
ORD13913,2033-09-17,South,Office Supplies,Monitor,6.0,38860.27,-1051.01,Home Office
ORD13914,2033-09-18,South,Office Supplies,Laptop,6.0,4422.94,11556.37,Consumer
ORD13915,2033-09-19,South,Electronics,Laptop,6.0,42960.54,4696.03,Home Office
ORD13916,2033-09-20,West,Furniture,Chair,8.0,8010.16,10416.93,Consumer
ORD13917,2033-09-21,South,Electronics,Monitor,4.0,43254.15,9604.58,Consumer
ORD13918,2033-09-22,West,Electronics,Chair,3.0,15704.38,663.13,Consumer
ORD13919,2033-09-23,West,Electronics,Keyboard,6.0,16473.79,4111.27,Corporate
ORD13920,2033-09-24,South,Electronics,Laptop,4.0,3882.64,2333.26,Consumer
ORD13921,2033-09-25,South,Office Supplies,Desk,2.0,44317.8,7054.32,Corporate
ORD13922,2033-09-26,South,Furniture,Desk,6.0,8890.62,4996.71,Consumer
ORD13923,2033-09-27,West,Office Supplies,Keyboard,5.0,31576.49,8342.51,Consumer
ORD13924,2033-09-28,South,Electronics,Laptop,9.0,32269.59,-4800.21,Consumer
ORD13925,2033-09-29,West,Furniture,Monitor,6.0,14201.34,6692.49,Corporate
ORD13926,2033-09-30,North,Electronics,Desk,3.0,49285.92,424.11,Consumer
ORD13927,2033-10-01,South,Electronics,Monitor,5.0,3395.48,-1188.22,Consumer
ORD13928,2033-10-02,South,Office Supplies,Desk,8.0,30472.03,8621.1,Corporate
ORD13929,2033-10-03,West,Office Supplies,Monitor,9.0,24081.29,-3483.24,Corporate
ORD13930,2033-10-04,North,Office Supplies,Desk,8.0,12425.11,-1116.18,Corporate
ORD13931,2033-10-05,North,Electronics,Monitor,3.0,8344.88,-1536.52,Consumer
ORD13932,2033-10-06,South,Electronics,Keyboard,9.0,36906.8,2137.03,Consumer
ORD13933,2033-10-07,West,Furniture,Chair,3.0,45832.48,479.73,Consumer
ORD13934,2033-10-08,South,Office Supplies,Monitor,8.0,5555.8,7247.96,Consumer
ORD13935,2033-10-09,South,Office Supplies,Chair,5.0,9860.21,6889.29,Home Office
ORD13936,2033-10-10,South,Electronics,Chair,7.0,49316.23,533.01,Home Office
ORD13937,2033-10-11,South,Furniture,Laptop,4.0,948.13,2428.67,Corporate
ORD13938,2033-10-12,East,Electronics,Keyboard,9.0,25510.95,-1465.56,Corporate
ORD13939,2033-10-13,North,Electronics,Chair,5.0,25902.42,6404.19,Corporate
ORD13940,2033-10-14,West,Electronics,Printer,3.0,13305.44,1735.79,Consumer
ORD13941,2033-10-15,North,Electronics,Chair,2.0,33218.84,-2741.96,Home Office
ORD13942,2033-10-16,North,Electronics,Monitor,3.0,47258.06,-2836.49,Home Office
ORD13943,2033-10-17,North,Office Supplies,Chair,1.0,22620.65,479.45,Consumer
ORD13944,2033-10-18,South,Office Supplies,Monitor,4.0,37521.09,7704.53,Home Office
ORD13945,2033-10-19,North,Furniture,Monitor,8.0,32374.3,-4566.43,Consumer
ORD13946,2033-10-20,South,Electronics,Printer,5.0,23752.5,-617.83,Consumer
ORD13947,2033-10-21,South,Office Supplies,Chair,2.0,2680.65,-2237.74,Corporate
ORD13948,2033-10-22,South,Office Supplies,Chair,3.0,37139.14,11260.12,Corporate
ORD13949,2033-10-23,South,Furniture,Desk,1.0,18289.92,6989.79,Consumer
ORD13950,2033-10-24,North,Electronics,Desk,2.0,11379.84,-1035.04,Consumer
ORD13951,2033-10-25,South,Office Supplies,Laptop,1.0,47423.78,-1473.17,Consumer
ORD13952,2033-10-26,North,Electronics,Monitor,2.0,38720.44,9586.52,Consumer
ORD13953,2033-10-27,South,Electronics,Printer,3.0,48120.98,-1766.15,Home Office
ORD13954,2033-10-28,North,Electronics,Desk,1.0,12959.6,11950.01,Consumer
ORD13955,2033-10-29,West,Electronics,Chair,9.0,41822.51,-200.85,Consumer
ORD13956,2033-10-30,North,Furniture,Laptop,5.0,30464.53,-3566.34,Corporate
ORD13957,2033-10-31,North,Electronics,Printer,8.0,49078.88,6746.01,Consumer
ORD13958,2033-11-01,West,Electronics,Keyboard,5.0,47326.58,5363.93,Consumer
ORD13959,2033-11-02,East,Electronics,Chair,8.0,48653.81,11996.98,Consumer
ORD13960,2033-11-03,North,Electronics,Chair,7.0,47598.03,8635.46,Home Office
ORD13961,2033-11-04,North,Electronics,Keyboard,4.0,581.51,2290.22,Consumer
ORD13962,2033-11-05,East,Electronics,Monitor,7.0,37106.05,6502.39,Consumer
ORD13963,2033-11-06,East,Electronics,Monitor,6.0,13742.34,8903.44,Consumer
ORD13964,2033-11-07,North,Furniture,Desk,3.0,35310.35,3733.35,Corporate
ORD13965,2033-11-08,East,Electronics,Desk,9.0,49034.44,-361.19,Home Office
ORD13966,2033-11-09,North,Electronics,Chair,9.0,24573.82,-1428.2,Home Office
ORD13967,2033-11-10,West,Electronics,Chair,5.0,28435.99,19.78,Consumer
ORD13968,2033-11-11,West,Furniture,Desk,8.0,36800.67,9417.17,Consumer
ORD13969,2033-11-12,West,Office Supplies,Keyboard,7.0,12817.27,1467.35,Consumer
ORD13970,2033-11-13,South,Electronics,Desk,9.0,11411.07,-126.71,Consumer
ORD13971,2033-11-14,East,Electronics,Chair,7.0,3205.21,8700.08,Corporate
ORD13972,2033-11-15,North,Office Supplies,Printer,4.0,4877.21,-4457.35,Consumer
ORD13973,2033-11-16,East,Electronics,Chair,4.0,32906.15,5097.29,Consumer
ORD13974,2033-11-17,North,Electronics,Printer,8.0,25359.49,9851.74,Corporate
ORD13975,2033-11-18,South,Electronics,Printer,6.0,24573.82,1971.42,Home Office
ORD13976,2033-11-19,West,Electronics,Chair,9.0,48489.16,-421.59,Consumer
ORD13977,2033-11-20,East,Electronics,Laptop,7.0,32871.08,3359.05,Consumer
ORD13978,2033-11-21,North,Office Supplies,Desk,7.0,25870.33,7197.11,Consumer
ORD13979,2033-11-22,North,Furniture,Monitor,4.0,13781.67,3782.29,Consumer
ORD13980,2033-11-23,South,Electronics,Chair,3.0,32973.32,-4870.14,Consumer
ORD13981,2033-11-24,South,Electronics,Printer,8.0,18335.56,-3668.48,Consumer
ORD13982,2033-11-25,North,Electronics,Chair,7.0,35184.21,7262.58,Consumer
ORD13983,2033-11-26,North,Furniture,Desk,4.0,34192.08,1799.17,Consumer
ORD13984,2033-11-27,West,Office Supplies,Keyboard,4.0,4818.64,8341.19,Home Office
ORD13985,2033-11-28,East,Electronics,Printer,1.0,45481.18,6041.33,Consumer
ORD13986,2033-11-29,North,Electronics,Monitor,7.0,24451.32,4885.77,Corporate
ORD13987,2033-11-30,South,Furniture,Monitor,1.0,19768.66,10323.38,Consumer
ORD13988,2033-12-01,North,Electronics,Monitor,4.0,47782.01,-4637.52,Corporate
ORD13989,2033-12-02,North,Office Supplies,Keyboard,3.0,22022.82,-2364.42,Consumer
ORD13990,2033-12-03,East,Furniture,Laptop,3.0,36116.8,5614.39,Corporate
ORD13991,2033-12-04,North,Electronics,Printer,1.0,32825.8,-3880.92,Consumer
ORD13992,2033-12-05,North,Office Supplies,Keyboard,4.0,8423.98,5964.5,Corporate
ORD13993,2033-12-06,North,Electronics,Printer,1.0,49558.91,11730.06,Consumer
ORD13994,2033-12-07,West,Furniture,Keyboard,8.0,23287.5,9939.74,Consumer
ORD13995,2033-12-08,East,Electronics,Keyboard,1.0,19860.17,5045.59,Consumer
ORD13996,2033-12-09,North,Electronics,Laptop,6.0,45996.75,10197.6,Corporate
ORD13997,2033-12-10,West,Electronics,Printer,7.0,26556.07,-3023.44,Consumer
ORD13998,2033-12-11,North,Electronics,Keyboard,2.0,35312.83,2729.8,Corporate
ORD13999,2033-12-12,South,Electronics,Laptop,4.0,42343.05,2287.49,Corporate
ORD14000,2033-12-13,North,Electronics,Chair,3.0,11927.62,719.61,Corporate
ORD14001,2033-12-14,North,Electronics,Desk,9.0,8639.44,-4996.58,Consumer
ORD14002,2033-12-15,West,Office Supplies,Keyboard,7.0,3611.64,10147.49,Corporate
ORD14003,2033-12-16,East,Electronics,Monitor,2.0,44877.24,8221.01,Consumer
ORD14004,2033-12-17,East,Electronics,Laptop,6.0,10178.28,6098.58,Corporate
ORD14005,2033-12-18,West,Furniture,Laptop,9.0,15526.15,-2807.56,Home Office
ORD14006,2033-12-19,North,Electronics,Keyboard,3.0,14433.18,1429.49,Consumer
ORD14007,2033-12-20,South,Office Supplies,Laptop,6.0,15368.48,10713.56,Consumer
ORD14008,2033-12-21,North,Electronics,Chair,3.0,33469.44,5487.8,Home Office
ORD14009,2033-12-22,North,Furniture,Laptop,3.0,47714.86,5257.98,Home Office
ORD14010,2033-12-23,South,Electronics,Desk,4.0,16606.78,10523.15,Consumer
ORD14011,2033-12-24,West,Office Supplies,Desk,9.0,20500.83,4517.17,Consumer
ORD14012,2033-12-25,North,Office Supplies,Monitor,8.0,38603.12,5159.6,Consumer
ORD14013,2033-12-26,East,Electronics,Chair,1.0,21730.43,877.17,Consumer
ORD14014,2033-12-27,South,Office Supplies,Desk,1.0,46316.93,1314.5,Consumer
ORD14015,2033-12-28,South,Furniture,Keyboard,7.0,25260.26,6655.32,Corporate
ORD14016,2033-12-29,East,Office Supplies,Printer,3.0,17517.2,447.4,Consumer
ORD14017,2033-12-30,West,Electronics,Printer,7.0,48584.31,4504.83,Consumer
ORD14018,2033-12-31,North,Furniture,Printer,9.0,21403.94,-253.66,Corporate
ORD14019,2034-01-01,West,Electronics,Keyboard,3.0,11712.51,-2175.87,Consumer
ORD14020,2034-01-02,North,Electronics,Laptop,3.0,9049.5,2724.84,Consumer
ORD14021,2034-01-03,North,Electronics,Keyboard,2.0,49760.03,-1303.42,Consumer
ORD14022,2034-01-04,South,Electronics,Laptop,1.0,37698.79,10274.4,Corporate
ORD14023,2034-01-05,North,Electronics,Printer,9.0,20551.26,161.42,Consumer
ORD14024,2034-01-06,North,Electronics,Monitor,6.0,41352.89,5155.84,Consumer
ORD14025,2034-01-07,West,Electronics,Monitor,6.0,27430.95,-521.49,Consumer
ORD14026,2034-01-08,South,Electronics,Laptop,8.0,16006.0,-613.67,Consumer
ORD14027,2034-01-09,North,Electronics,Printer,5.0,37220.61,960.81,Corporate
ORD14028,2034-01-10,North,Office Supplies,Keyboard,9.0,37345.56,10569.87,Consumer
ORD14029,2034-01-11,South,Furniture,Monitor,5.0,25108.43,1655.46,Consumer
ORD14030,2034-01-12,East,Furniture,Laptop,2.0,2448.89,8961.53,Home Office
ORD14031,2034-01-13,South,Electronics,Keyboard,6.0,4035.72,-1645.93,Consumer
ORD14032,2034-01-14,South,Office Supplies,Printer,9.0,24573.82,-4181.12,Consumer
ORD14033,2034-01-15,North,Electronics,Chair,3.0,41209.12,8288.52,Home Office
ORD14034,2034-01-16,West,Electronics,Printer,4.0,33978.83,4211.87,Corporate
ORD14035,2034-01-17,North,Electronics,Printer,8.0,41985.62,3563.34,Home Office
ORD14036,2034-01-18,North,Electronics,Keyboard,6.0,36030.48,-372.5,Consumer
ORD14037,2034-01-19,North,Electronics,Keyboard,7.0,44867.34,-3770.61,Corporate
ORD14038,2034-01-20,North,Electronics,Desk,7.0,7689.83,3208.62,Home Office
ORD14039,2034-01-21,North,Electronics,Desk,4.0,19509.53,9742.85,Consumer
ORD14040,2034-01-22,West,Office Supplies,Keyboard,6.0,23312.72,-2959.63,Corporate
ORD14041,2034-01-23,South,Furniture,Keyboard,9.0,15023.66,10795.9,Corporate
ORD14042,2034-01-24,East,Electronics,Chair,3.0,36323.25,-329.61,Consumer
ORD14043,2034-01-25,West,Office Supplies,Chair,8.0,45639.45,4047.17,Consumer
ORD14044,2034-01-26,South,Electronics,Printer,7.0,20741.61,-3869.36,Consumer
ORD14045,2034-01-27,West,Electronics,Monitor,4.0,47088.79,2225.79,Corporate
ORD14046,2034-01-28,West,Electronics,Chair,3.0,25935.09,-2859.74,Corporate
ORD14047,2034-01-29,North,Electronics,Printer,7.0,26221.28,-4184.45,Home Office
ORD14048,2034-01-30,West,Furniture,Laptop,9.0,30090.93,11431.48,Consumer
ORD14049,2034-01-31,South,Electronics,Desk,3.0,13562.89,7411.61,Consumer
ORD14050,2034-02-01,South,Electronics,Monitor,9.0,19291.35,7223.98,Consumer
ORD14051,2034-02-02,North,Electronics,Printer,8.0,27751.23,-3460.66,Consumer
ORD14052,2034-02-03,West,Electronics,Keyboard,3.0,47110.75,10798.96,Corporate
ORD14053,2034-02-04,North,Furniture,Laptop,8.0,32206.09,2980.96,Home Office
ORD14054,2034-02-05,West,Electronics,Desk,4.0,16789.2,9488.83,Consumer
ORD14055,2034-02-06,East,Electronics,Laptop,6.0,721.33,-4785.78,Consumer
ORD14056,2034-02-07,East,Electronics,Printer,2.0,49086.95,69.51,Home Office
ORD14057,2034-02-08,North,Electronics,Chair,8.0,24750.63,11932.8,Corporate
ORD14058,2034-02-09,North,Electronics,Desk,9.0,46937.06,2273.25,Consumer
ORD14059,2034-02-10,North,Electronics,Laptop,7.0,27557.39,10104.39,Home Office
ORD14060,2034-02-11,South,Electronics,Chair,8.0,30352.15,575.97,Consumer
ORD14061,2034-02-12,South,Electronics,Monitor,7.0,35653.23,3930.6,Consumer
ORD14062,2034-02-13,South,Furniture,Printer,4.0,24573.82,9521.72,Consumer
ORD14063,2034-02-14,North,Electronics,Printer,1.0,35009.4,5298.95,Corporate
ORD14064,2034-02-15,West,Electronics,Desk,3.0,26434.24,7328.27,Consumer
ORD14065,2034-02-16,North,Electronics,Laptop,7.0,33689.5,-1109.84,Corporate
ORD14066,2034-02-17,South,Electronics,Monitor,7.0,41824.5,-2349.86,Consumer
ORD14067,2034-02-18,South,Electronics,Keyboard,3.0,9374.61,-1084.79,Consumer
ORD14068,2034-02-19,North,Electronics,Desk,1.0,30754.84,3381.83,Corporate
ORD14069,2034-02-20,North,Electronics,Keyboard,9.0,2795.14,8616.4,Corporate
ORD14070,2034-02-21,South,Electronics,Desk,6.0,5285.33,1017.9,Consumer
ORD14071,2034-02-22,South,Office Supplies,Laptop,7.0,33794.79,4601.87,Home Office
ORD14072,2034-02-23,South,Electronics,Monitor,1.0,3732.7,8681.81,Consumer
ORD14073,2034-02-24,North,Office Supplies,Laptop,1.0,29848.82,-940.8,Consumer
ORD14074,2034-02-25,West,Electronics,Printer,4.0,11156.63,10010.59,Consumer
ORD14075,2034-02-26,South,Furniture,Keyboard,7.0,15343.42,11202.4,Consumer
ORD14076,2034-02-27,South,Electronics,Chair,8.0,6655.9,-4337.51,Corporate
ORD14077,2034-02-28,East,Furniture,Printer,9.0,12583.64,-3995.11,Consumer
ORD14078,2034-03-01,North,Furniture,Printer,1.0,41100.33,-3453.68,Home Office
ORD14079,2034-03-02,East,Electronics,Keyboard,4.0,32016.14,8205.06,Home Office
ORD14080,2034-03-03,South,Office Supplies,Desk,4.0,47498.04,-1781.27,Consumer
ORD14081,2034-03-04,North,Electronics,Printer,3.0,2627.49,7336.83,Consumer
ORD14082,2034-03-05,West,Electronics,Monitor,7.0,39662.12,2501.69,Consumer
ORD14083,2034-03-06,South,Electronics,Printer,1.0,35014.04,9216.34,Consumer
ORD14084,2034-03-07,West,Furniture,Monitor,9.0,13192.44,8745.44,Consumer
ORD14085,2034-03-08,North,Electronics,Laptop,8.0,36512.5,11314.26,Consumer
ORD14086,2034-03-09,East,Office Supplies,Desk,2.0,35884.12,-732.36,Consumer
ORD14087,2034-03-10,North,Electronics,Monitor,2.0,23075.39,-1102.93,Consumer
ORD14088,2034-03-11,West,Office Supplies,Printer,8.0,34494.25,-4464.36,Consumer
ORD14089,2034-03-12,South,Office Supplies,Desk,1.0,22340.13,1977.07,Consumer
ORD14090,2034-03-13,West,Electronics,Desk,7.0,16910.17,2804.07,Consumer
ORD14091,2034-03-14,South,Office Supplies,Monitor,9.0,23431.25,11396.74,Home Office
ORD14092,2034-03-15,South,Electronics,Monitor,3.0,44777.45,9123.35,Consumer
ORD14093,2034-03-16,North,Electronics,Chair,7.0,19352.27,-2164.54,Corporate
ORD14094,2034-03-17,West,Electronics,Chair,6.0,20303.67,8574.32,Consumer
ORD14095,2034-03-18,West,Electronics,Desk,7.0,30498.48,-1968.91,Consumer
ORD14096,2034-03-19,North,Office Supplies,Keyboard,7.0,37699.37,-3677.99,Home Office
ORD14097,2034-03-20,West,Electronics,Keyboard,1.0,36784.12,9230.41,Home Office
ORD14098,2034-03-21,South,Electronics,Chair,3.0,1185.98,11591.31,Consumer
ORD14099,2034-03-22,West,Electronics,Printer,1.0,34433.28,-3501.98,Corporate
ORD14100,2034-03-23,East,Electronics,Laptop,5.0,22637.59,8836.72,Consumer
ORD14101,2034-03-24,South,Electronics,Desk,3.0,26299.68,9606.62,Home Office
ORD14102,2034-03-25,North,Office Supplies,Laptop,1.0,28170.83,-2981.16,Consumer
ORD14103,2034-03-26,South,Electronics,Chair,2.0,36639.64,-184.69,Consumer
ORD14104,2034-03-27,East,Electronics,Monitor,5.0,41600.38,7472.23,Consumer
ORD14105,2034-03-28,South,Furniture,Desk,3.0,32383.8,8731.41,Consumer
ORD14106,2034-03-29,North,Furniture,Chair,6.0,28282.58,1017.56,Consumer
ORD14107,2034-03-30,South,Furniture,Printer,9.0,18813.71,-2281.2,Consumer
ORD14108,2034-03-31,North,Office Supplies,Desk,6.0,24573.82,6021.86,Corporate
ORD14109,2034-04-01,South,Electronics,Desk,2.0,47937.17,6933.47,Corporate
ORD14110,2034-04-02,North,Electronics,Keyboard,2.0,23199.75,3561.33,Consumer
ORD14111,2034-04-03,North,Electronics,Monitor,8.0,28397.37,-2536.0,Consumer
ORD14112,2034-04-04,North,Office Supplies,Desk,8.0,37603.44,9356.27,Consumer
ORD14113,2034-04-05,South,Office Supplies,Monitor,6.0,3606.84,5969.52,Home Office
ORD14114,2034-04-06,West,Furniture,Chair,7.0,42779.55,9775.79,Home Office
ORD14115,2034-04-07,North,Electronics,Printer,1.0,39891.88,10860.47,Consumer
ORD14116,2034-04-08,South,Electronics,Printer,9.0,38766.54,8696.86,Home Office
ORD14117,2034-04-09,West,Electronics,Desk,5.0,1294.74,11297.18,Home Office
ORD14118,2034-04-10,East,Electronics,Desk,9.0,26420.64,11222.38,Corporate
ORD14119,2034-04-11,North,Furniture,Chair,2.0,2902.56,5528.86,Consumer
ORD14120,2034-04-12,West,Electronics,Keyboard,8.0,27633.45,7378.96,Consumer
ORD14121,2034-04-13,North,Electronics,Keyboard,7.0,35978.73,6889.95,Corporate
ORD14122,2034-04-14,West,Electronics,Keyboard,4.0,6268.14,5559.32,Home Office
ORD14123,2034-04-15,East,Furniture,Monitor,3.0,34805.18,-4670.96,Home Office
ORD14124,2034-04-16,North,Office Supplies,Keyboard,4.0,22586.74,1050.41,Consumer
ORD14125,2034-04-17,East,Electronics,Printer,4.0,40615.34,-3298.67,Home Office
ORD14126,2034-04-18,North,Office Supplies,Monitor,8.0,26772.73,104.4,Consumer
ORD14127,2034-04-19,North,Furniture,Chair,4.0,16938.85,-3834.4,Home Office
ORD14128,2034-04-20,North,Electronics,Printer,5.0,16733.18,10640.54,Consumer
ORD14129,2034-04-21,South,Electronics,Printer,2.0,44894.83,2672.61,Corporate
ORD14130,2034-04-22,East,Electronics,Laptop,4.0,22753.0,-1780.8,Consumer
ORD14131,2034-04-23,West,Furniture,Chair,7.0,20406.54,4941.25,Consumer
ORD14132,2034-04-24,East,Electronics,Chair,3.0,2185.71,-1660.33,Home Office
ORD14133,2034-04-25,North,Office Supplies,Laptop,1.0,18343.37,8675.49,Consumer
ORD14134,2034-04-26,North,Electronics,Monitor,8.0,42511.43,200.62,Consumer
ORD14135,2034-04-27,North,Furniture,Keyboard,8.0,38097.19,353.31,Corporate
ORD14136,2034-04-28,South,Furniture,Keyboard,6.0,11201.48,9789.17,Consumer
ORD14137,2034-04-29,South,Office Supplies,Keyboard,7.0,20770.22,4506.45,Consumer
ORD14138,2034-04-30,West,Electronics,Keyboard,2.0,9989.67,10084.14,Corporate
ORD14139,2034-05-01,North,Electronics,Keyboard,5.0,47720.0,2019.1,Consumer
ORD14140,2034-05-02,West,Electronics,Laptop,7.0,29986.27,846.77,Consumer
ORD14141,2034-05-03,West,Electronics,Chair,9.0,37766.87,3605.45,Corporate
ORD14142,2034-05-04,South,Furniture,Monitor,1.0,35747.67,-3954.64,Consumer
ORD14143,2034-05-05,West,Electronics,Printer,3.0,43709.73,-2378.59,Home Office
ORD14144,2034-05-06,South,Furniture,Keyboard,6.0,47476.52,-1268.13,Consumer
ORD14145,2034-05-07,North,Electronics,Laptop,7.0,1815.82,8883.51,Home Office
ORD14146,2034-05-08,North,Electronics,Monitor,6.0,24573.82,7474.58,Home Office
ORD14147,2034-05-09,West,Electronics,Monitor,1.0,43553.01,-1713.78,Consumer
ORD14148,2034-05-10,South,Furniture,Monitor,4.0,19270.78,-295.29,Home Office
ORD14149,2034-05-11,East,Electronics,Laptop,6.0,41886.05,11052.45,Home Office
ORD14150,2034-05-12,West,Furniture,Printer,8.0,36880.59,-3541.35,Corporate
ORD14151,2034-05-13,South,Office Supplies,Keyboard,4.0,39697.1,4306.74,Corporate
ORD14152,2034-05-14,North,Office Supplies,Monitor,7.0,11190.41,3874.12,Consumer
ORD14153,2034-05-15,North,Office Supplies,Laptop,3.0,32498.47,7337.03,Consumer
ORD14154,2034-05-16,East,Office Supplies,Chair,8.0,1491.11,-555.6,Consumer
ORD14155,2034-05-17,South,Electronics,Laptop,1.0,42441.81,10891.14,Corporate
ORD14156,2034-05-18,West,Electronics,Laptop,4.0,47561.94,1979.91,Corporate
ORD14157,2034-05-19,South,Electronics,Laptop,8.0,33173.75,-142.77,Consumer
ORD14158,2034-05-20,North,Furniture,Monitor,4.0,25730.95,726.78,Consumer
ORD14159,2034-05-21,South,Electronics,Laptop,2.0,36341.41,928.28,Corporate
ORD14160,2034-05-22,North,Furniture,Chair,2.0,16452.79,-1618.22,Home Office
ORD14161,2034-05-23,South,Furniture,Monitor,4.0,31394.11,10776.92,Consumer
ORD14162,2034-05-24,East,Furniture,Chair,4.0,36004.85,-2027.12,Corporate
ORD14163,2034-05-25,North,Furniture,Desk,2.0,7305.5,10008.15,Corporate
ORD14164,2034-05-26,East,Electronics,Laptop,7.0,7175.39,1883.8,Consumer
ORD14165,2034-05-27,East,Electronics,Keyboard,6.0,35863.68,-422.3,Consumer
ORD14166,2034-05-28,North,Furniture,Keyboard,3.0,21702.77,-1625.35,Consumer
ORD14167,2034-05-29,North,Electronics,Monitor,8.0,44482.23,3573.82,Consumer
ORD14168,2034-05-30,West,Furniture,Keyboard,8.0,15734.56,6377.4,Corporate
ORD14169,2034-05-31,West,Office Supplies,Monitor,1.0,2313.05,10269.76,Consumer
ORD14170,2034-06-01,East,Furniture,Laptop,3.0,32563.83,6091.59,Consumer
ORD14171,2034-06-02,East,Furniture,Printer,5.0,34275.11,3222.26,Consumer
ORD14172,2034-06-03,North,Electronics,Printer,2.0,27768.86,-4430.91,Home Office
ORD14173,2034-06-04,North,Office Supplies,Chair,5.0,34229.97,10562.26,Corporate
ORD14174,2034-06-05,West,Electronics,Laptop,3.0,26282.97,10340.28,Corporate
ORD14175,2034-06-06,South,Furniture,Keyboard,9.0,34693.11,1438.19,Consumer
ORD14176,2034-06-07,South,Electronics,Laptop,1.0,2388.08,-4506.41,Consumer
ORD14177,2034-06-08,West,Office Supplies,Desk,4.0,18546.19,7467.28,Consumer
ORD14178,2034-06-09,North,Furniture,Printer,6.0,10698.68,8458.57,Consumer
ORD14179,2034-06-10,North,Electronics,Keyboard,9.0,5146.44,4221.92,Consumer
ORD14180,2034-06-11,North,Electronics,Printer,3.0,11857.81,1848.87,Consumer
ORD14181,2034-06-12,South,Electronics,Laptop,3.0,9727.27,9469.26,Consumer
ORD14182,2034-06-13,South,Electronics,Keyboard,5.0,48661.94,-1727.22,Consumer
ORD14183,2034-06-14,North,Electronics,Chair,7.0,14469.99,2472.49,Consumer
ORD14184,2034-06-15,South,Electronics,Laptop,5.0,11701.76,-4583.74,Consumer
ORD14185,2034-06-16,North,Electronics,Chair,8.0,41776.75,-2211.82,Corporate
ORD14186,2034-06-17,West,Furniture,Keyboard,5.0,21071.99,10994.13,Corporate
ORD14187,2034-06-18,West,Electronics,Printer,7.0,21188.98,4827.42,Corporate
ORD14188,2034-06-19,North,Electronics,Desk,6.0,22290.81,8695.07,Home Office
ORD14189,2034-06-20,East,Electronics,Monitor,2.0,20943.42,3270.51,Corporate
ORD14190,2034-06-21,South,Electronics,Printer,3.0,16462.96,9192.06,Home Office
ORD14191,2034-06-22,North,Office Supplies,Chair,4.0,14459.7,4162.16,Home Office
ORD14192,2034-06-23,South,Electronics,Laptop,5.0,44121.59,-4922.86,Consumer
ORD14193,2034-06-24,South,Electronics,Keyboard,9.0,8253.03,10294.88,Corporate
ORD14194,2034-06-25,East,Electronics,Printer,6.0,9216.91,-2474.38,Consumer
ORD14195,2034-06-26,South,Furniture,Desk,1.0,28671.61,2659.43,Consumer
ORD14196,2034-06-27,North,Furniture,Keyboard,3.0,17314.2,3103.46,Consumer
ORD14197,2034-06-28,South,Electronics,Chair,7.0,21192.16,-4196.98,Corporate
ORD14198,2034-06-29,North,Electronics,Keyboard,8.0,40366.02,-4097.8,Consumer
ORD14199,2034-06-30,South,Office Supplies,Keyboard,7.0,45200.83,7963.38,Corporate
ORD14200,2034-07-01,North,Office Supplies,Laptop,5.0,39569.57,107.66,Corporate
ORD14201,2034-07-02,South,Office Supplies,Monitor,8.0,11899.43,1963.68,Consumer
ORD14202,2034-07-03,South,Office Supplies,Chair,9.0,49002.57,4589.91,Home Office
ORD14203,2034-07-04,South,Electronics,Laptop,7.0,18286.19,1347.56,Consumer
ORD14204,2034-07-05,South,Electronics,Monitor,9.0,8619.54,8175.64,Consumer
ORD14205,2034-07-06,South,Electronics,Laptop,1.0,25074.94,10035.9,Consumer
ORD14206,2034-07-07,South,Furniture,Monitor,9.0,36319.23,-3984.8,Consumer
ORD14207,2034-07-08,South,Furniture,Monitor,3.0,4346.89,5801.86,Consumer
ORD14208,2034-07-09,South,Electronics,Monitor,6.0,31787.49,400.22,Corporate
ORD14209,2034-07-10,South,Electronics,Laptop,8.0,42932.28,4915.68,Consumer
ORD14210,2034-07-11,North,Office Supplies,Keyboard,3.0,13236.72,3226.42,Consumer
ORD14211,2034-07-12,South,Office Supplies,Monitor,4.0,34717.54,672.53,Consumer
ORD14212,2034-07-13,East,Electronics,Keyboard,7.0,20115.45,-3388.13,Consumer
ORD14213,2034-07-14,South,Furniture,Chair,7.0,20823.93,4510.48,Consumer
ORD14214,2034-07-15,South,Office Supplies,Desk,4.0,14184.54,-3082.53,Corporate
ORD14215,2034-07-16,North,Furniture,Keyboard,9.0,31294.81,-2345.96,Consumer
ORD14216,2034-07-17,West,Electronics,Desk,3.0,18177.76,11696.98,Consumer
ORD14217,2034-07-18,North,Furniture,Monitor,8.0,41578.97,383.99,Consumer
ORD14218,2034-07-19,East,Furniture,Desk,8.0,48152.69,4935.42,Corporate
ORD14219,2034-07-20,West,Furniture,Desk,4.0,46767.37,-372.06,Home Office
ORD14220,2034-07-21,North,Office Supplies,Monitor,7.0,8323.79,9713.66,Consumer
ORD14221,2034-07-22,North,Electronics,Keyboard,4.0,906.68,-183.22,Home Office
ORD14222,2034-07-23,East,Electronics,Monitor,1.0,22035.72,1237.05,Consumer
ORD14223,2034-07-24,North,Furniture,Chair,1.0,36498.41,5342.59,Consumer
ORD14224,2034-07-25,South,Furniture,Printer,1.0,48877.27,9789.77,Consumer
ORD14225,2034-07-26,East,Furniture,Laptop,2.0,39214.43,8875.64,Corporate
ORD14226,2034-07-27,North,Electronics,Monitor,6.0,29111.36,-514.38,Consumer
ORD14227,2034-07-28,West,Electronics,Monitor,5.0,1512.38,9102.43,Consumer
ORD14228,2034-07-29,South,Office Supplies,Desk,2.0,41311.93,6920.32,Consumer
ORD14229,2034-07-30,North,Electronics,Chair,8.0,9021.82,11827.08,Consumer
ORD14230,2034-07-31,West,Furniture,Desk,9.0,2969.2,10902.61,Corporate
ORD14231,2034-08-01,East,Electronics,Keyboard,7.0,42547.87,4063.32,Home Office
ORD14232,2034-08-02,West,Electronics,Monitor,9.0,28399.29,7748.79,Consumer
ORD14233,2034-08-03,East,Electronics,Monitor,4.0,6601.87,4693.05,Consumer
ORD14234,2034-08-04,South,Electronics,Desk,7.0,19449.82,5114.92,Consumer
ORD14235,2034-08-05,South,Electronics,Monitor,5.0,4459.98,-3274.49,Consumer
ORD14236,2034-08-06,North,Office Supplies,Keyboard,5.0,31972.94,-4961.82,Consumer
ORD14237,2034-08-07,West,Electronics,Printer,3.0,14264.88,-4180.83,Consumer
ORD14238,2034-08-08,East,Electronics,Laptop,9.0,43331.49,11432.72,Consumer
ORD14239,2034-08-09,North,Electronics,Laptop,5.0,18018.24,-2853.44,Consumer
ORD14240,2034-08-10,North,Electronics,Laptop,6.0,24832.77,-4245.38,Consumer
ORD14241,2034-08-11,South,Electronics,Printer,3.0,3363.47,263.95,Consumer
ORD14242,2034-08-12,East,Electronics,Monitor,7.0,13924.51,4999.06,Consumer
ORD14243,2034-08-13,South,Furniture,Desk,9.0,33903.01,11123.83,Consumer
ORD14244,2034-08-14,South,Electronics,Chair,9.0,24573.82,6898.09,Corporate
ORD14245,2034-08-15,South,Furniture,Monitor,5.0,12292.53,-302.0,Consumer
ORD14246,2034-08-16,South,Office Supplies,Printer,7.0,24573.82,10963.99,Consumer
ORD14247,2034-08-17,South,Electronics,Keyboard,3.0,40913.05,-4387.3,Consumer
ORD14248,2034-08-18,West,Office Supplies,Printer,6.0,19119.53,11643.92,Consumer
ORD14249,2034-08-19,West,Electronics,Laptop,8.0,6861.81,-4003.11,Consumer
ORD14250,2034-08-20,East,Electronics,Monitor,8.0,21707.15,7815.45,Consumer
ORD14251,2034-08-21,North,Office Supplies,Laptop,2.0,30111.31,-4229.94,Corporate
ORD14252,2034-08-22,East,Electronics,Chair,6.0,568.45,10836.54,Consumer
ORD14253,2034-08-23,North,Office Supplies,Keyboard,7.0,17558.66,-3152.68,Home Office
ORD14254,2034-08-24,South,Electronics,Laptop,7.0,30450.3,-4141.86,Consumer
ORD14255,2034-08-25,North,Electronics,Chair,3.0,47605.22,10117.51,Consumer
ORD14256,2034-08-26,East,Electronics,Printer,9.0,20545.73,-3371.5,Home Office
ORD14257,2034-08-27,East,Furniture,Laptop,2.0,8316.02,8564.83,Consumer
ORD14258,2034-08-28,North,Electronics,Laptop,3.0,26804.11,7699.59,Consumer
ORD14259,2034-08-29,South,Electronics,Desk,2.0,14430.47,5180.93,Corporate
ORD14260,2034-08-30,South,Electronics,Keyboard,9.0,24573.82,1425.37,Consumer
ORD14261,2034-08-31,North,Furniture,Keyboard,4.0,29602.08,10564.87,Consumer
ORD14262,2034-09-01,South,Electronics,Printer,2.0,45811.0,9808.38,Consumer
ORD14263,2034-09-02,South,Electronics,Desk,3.0,41794.17,2246.2,Consumer
ORD14264,2034-09-03,West,Furniture,Chair,4.0,9278.17,-1060.68,Consumer
ORD14265,2034-09-04,South,Office Supplies,Chair,6.0,38340.8,-366.28,Consumer
ORD14266,2034-09-05,North,Electronics,Printer,5.0,11647.46,-1254.5,Consumer
ORD14267,2034-09-06,East,Furniture,Keyboard,3.0,14676.92,4201.28,Consumer
ORD14268,2034-09-07,North,Electronics,Chair,8.0,46018.57,9765.16,Consumer
ORD14269,2034-09-08,East,Electronics,Printer,8.0,45570.3,8151.4,Consumer
ORD14270,2034-09-09,West,Electronics,Chair,7.0,8597.81,8523.68,Consumer
ORD14271,2034-09-10,South,Electronics,Monitor,3.0,3396.75,2620.9,Corporate
ORD14272,2034-09-11,South,Electronics,Laptop,5.0,14797.28,481.56,Consumer
ORD14273,2034-09-12,North,Electronics,Keyboard,5.0,29172.4,7875.05,Consumer
ORD14274,2034-09-13,South,Furniture,Monitor,1.0,43869.21,8486.07,Home Office
ORD14275,2034-09-14,West,Electronics,Printer,6.0,6118.1,6821.01,Corporate
ORD14276,2034-09-15,North,Office Supplies,Printer,7.0,20864.93,-4454.18,Consumer
ORD14277,2034-09-16,North,Furniture,Monitor,5.0,13733.14,5024.64,Consumer
ORD14278,2034-09-17,South,Electronics,Laptop,4.0,943.46,899.78,Home Office
ORD14279,2034-09-18,West,Furniture,Laptop,2.0,39464.62,-1664.72,Consumer
ORD14280,2034-09-19,North,Office Supplies,Desk,5.0,40701.55,6804.72,Consumer
ORD14281,2034-09-20,West,Electronics,Chair,9.0,11217.21,-435.06,Consumer
ORD14282,2034-09-21,North,Electronics,Desk,4.0,7731.76,10518.3,Corporate
ORD14283,2034-09-22,South,Office Supplies,Laptop,2.0,7399.13,67.34,Home Office
ORD14284,2034-09-23,East,Electronics,Monitor,6.0,23304.57,4438.07,Home Office
ORD14285,2034-09-24,North,Electronics,Chair,8.0,12475.48,9071.96,Consumer
ORD14286,2034-09-25,South,Furniture,Monitor,2.0,25665.51,1836.01,Consumer
ORD14287,2034-09-26,West,Electronics,Desk,9.0,19365.62,9087.19,Corporate
ORD14288,2034-09-27,South,Furniture,Printer,7.0,10702.34,7302.84,Consumer
ORD14289,2034-09-28,East,Electronics,Monitor,2.0,37609.35,10654.72,Consumer
ORD14290,2034-09-29,South,Electronics,Desk,5.0,7688.12,539.19,Consumer
ORD14291,2034-09-30,North,Electronics,Desk,5.0,39985.34,-3214.52,Home Office
ORD14292,2034-10-01,East,Office Supplies,Desk,7.0,28160.03,2315.94,Consumer
ORD14293,2034-10-02,North,Electronics,Printer,5.0,41635.45,8358.83,Corporate
ORD14294,2034-10-03,North,Electronics,Printer,6.0,437.0,2657.4,Consumer
ORD14295,2034-10-04,East,Electronics,Printer,9.0,37509.59,-546.21,Consumer
ORD14296,2034-10-05,West,Furniture,Chair,3.0,2765.48,-4530.75,Consumer
ORD14297,2034-10-06,North,Electronics,Printer,3.0,47514.92,321.4,Corporate
ORD14298,2034-10-07,North,Electronics,Printer,8.0,35196.43,7127.48,Corporate
ORD14299,2034-10-08,South,Electronics,Printer,6.0,24573.82,-2490.57,Consumer
ORD14300,2034-10-09,West,Office Supplies,Monitor,3.0,16128.55,794.95,Consumer
ORD14301,2034-10-10,North,Electronics,Printer,2.0,43102.32,-4656.07,Consumer
ORD14302,2034-10-11,South,Furniture,Chair,2.0,45161.44,7269.84,Consumer
ORD14303,2034-10-12,East,Electronics,Desk,2.0,44600.35,9971.61,Corporate
ORD14304,2034-10-13,South,Electronics,Monitor,5.0,40475.27,4664.98,Home Office
ORD14305,2034-10-14,East,Electronics,Laptop,5.0,40987.79,-4560.17,Consumer
ORD14306,2034-10-15,North,Electronics,Printer,1.0,28723.84,-1300.37,Consumer
ORD14307,2034-10-16,North,Electronics,Desk,2.0,1605.91,2453.98,Consumer
ORD14308,2034-10-17,North,Office Supplies,Desk,2.0,4521.31,4988.88,Consumer
ORD14309,2034-10-18,North,Electronics,Monitor,4.0,32547.75,3436.7,Consumer
ORD14310,2034-10-19,East,Electronics,Laptop,7.0,20178.02,10569.72,Consumer
ORD14311,2034-10-20,West,Furniture,Keyboard,3.0,28452.02,10956.82,Consumer
ORD14312,2034-10-21,West,Electronics,Chair,5.0,11707.67,-3178.41,Home Office
ORD14313,2034-10-22,North,Electronics,Keyboard,9.0,32540.98,-2647.36,Consumer
ORD14314,2034-10-23,South,Furniture,Desk,5.0,12292.91,1086.93,Consumer
ORD14315,2034-10-24,North,Electronics,Keyboard,9.0,23148.48,2160.99,Consumer
ORD14316,2034-10-25,East,Electronics,Desk,1.0,24040.25,4963.13,Home Office
ORD14317,2034-10-26,North,Electronics,Keyboard,9.0,9047.88,8143.72,Corporate
ORD14318,2034-10-27,East,Furniture,Desk,5.0,43835.14,-2691.95,Consumer
ORD14319,2034-10-28,South,Electronics,Desk,8.0,26385.89,8644.87,Consumer
ORD14320,2034-10-29,South,Electronics,Monitor,5.0,43365.83,5370.48,Corporate
ORD14321,2034-10-30,North,Electronics,Laptop,6.0,13274.28,11675.04,Consumer
ORD14322,2034-10-31,South,Electronics,Desk,8.0,8782.33,6069.85,Consumer
ORD14323,2034-11-01,North,Electronics,Chair,2.0,1097.23,7173.56,Consumer
ORD14324,2034-11-02,West,Office Supplies,Chair,3.0,4874.46,-1681.45,Consumer
ORD14325,2034-11-03,North,Furniture,Printer,9.0,7544.04,8070.65,Consumer
ORD14326,2034-11-04,West,Electronics,Desk,5.0,4127.01,-3652.47,Consumer
ORD14327,2034-11-05,North,Electronics,Desk,5.0,44864.59,6161.02,Corporate
ORD14328,2034-11-06,East,Furniture,Desk,9.0,45589.63,-4055.26,Consumer
ORD14329,2034-11-07,South,Furniture,Keyboard,3.0,46880.66,-3041.16,Consumer
ORD14330,2034-11-08,West,Furniture,Desk,4.0,48001.07,-3166.27,Home Office
ORD14331,2034-11-09,North,Furniture,Desk,7.0,24693.38,-4107.77,Corporate
ORD14332,2034-11-10,South,Electronics,Chair,2.0,26595.23,459.36,Corporate
ORD14333,2034-11-11,North,Electronics,Laptop,8.0,6715.36,11903.99,Corporate
ORD14334,2034-11-12,South,Electronics,Laptop,5.0,7025.19,919.83,Consumer
ORD14335,2034-11-13,North,Electronics,Printer,1.0,38683.27,7933.19,Corporate
ORD14336,2034-11-14,North,Electronics,Chair,3.0,42815.31,-2750.61,Home Office
ORD14337,2034-11-15,West,Electronics,Desk,9.0,39278.78,2726.35,Consumer
ORD14338,2034-11-16,West,Electronics,Laptop,5.0,41761.88,-1853.03,Consumer
ORD14339,2034-11-17,South,Furniture,Monitor,8.0,13973.2,-1734.35,Consumer
ORD14340,2034-11-18,East,Electronics,Monitor,1.0,23410.08,-3305.27,Consumer
ORD14341,2034-11-19,East,Furniture,Monitor,7.0,23068.13,2344.75,Consumer
ORD14342,2034-11-20,North,Electronics,Desk,7.0,49765.11,-3715.91,Consumer
ORD14343,2034-11-21,North,Electronics,Desk,8.0,47469.07,10466.79,Corporate
ORD14344,2034-11-22,North,Furniture,Printer,3.0,30004.61,2614.31,Home Office
ORD14345,2034-11-23,South,Electronics,Printer,1.0,7071.06,9255.62,Consumer
ORD14346,2034-11-24,North,Furniture,Printer,9.0,13078.08,11650.9,Consumer
ORD14347,2034-11-25,North,Electronics,Keyboard,1.0,18315.33,6522.25,Consumer
ORD14348,2034-11-26,South,Electronics,Monitor,6.0,43685.94,10325.68,Home Office
ORD14349,2034-11-27,South,Electronics,Desk,9.0,8697.5,-2698.75,Consumer
ORD14350,2034-11-28,North,Electronics,Monitor,2.0,11143.4,9109.89,Consumer
ORD14351,2034-11-29,North,Electronics,Printer,4.0,17599.36,-389.31,Consumer
ORD14352,2034-11-30,North,Electronics,Desk,2.0,46360.13,3034.17,Consumer
ORD14353,2034-12-01,West,Electronics,Chair,4.0,25289.84,5991.91,Home Office
ORD14354,2034-12-02,North,Electronics,Laptop,2.0,32412.43,10360.24,Consumer
ORD14355,2034-12-03,East,Office Supplies,Laptop,1.0,19483.72,10486.89,Consumer
ORD14356,2034-12-04,East,Electronics,Printer,3.0,9588.4,-3434.26,Corporate
ORD14357,2034-12-05,North,Electronics,Monitor,8.0,11295.47,1197.44,Consumer
ORD14358,2034-12-06,East,Furniture,Chair,5.0,40173.03,8483.98,Consumer
ORD14359,2034-12-07,West,Electronics,Desk,4.0,44695.41,6953.67,Consumer
ORD14360,2034-12-08,South,Office Supplies,Monitor,5.0,24755.17,-4552.01,Home Office
ORD14361,2034-12-09,East,Electronics,Printer,6.0,17978.33,2648.12,Home Office
ORD14362,2034-12-10,East,Furniture,Monitor,6.0,40430.19,9097.3,Consumer
ORD14363,2034-12-11,North,Office Supplies,Printer,5.0,33720.12,7540.64,Consumer
ORD14364,2034-12-12,West,Electronics,Keyboard,6.0,2235.52,2001.45,Consumer
ORD14365,2034-12-13,South,Office Supplies,Laptop,9.0,17666.9,7497.74,Home Office
ORD14366,2034-12-14,North,Electronics,Laptop,5.0,34172.21,4370.58,Consumer
ORD14367,2034-12-15,North,Electronics,Monitor,6.0,28769.26,10514.69,Consumer
ORD14368,2034-12-16,South,Furniture,Chair,4.0,48907.75,4981.16,Consumer
ORD14369,2034-12-17,West,Electronics,Desk,3.0,43332.55,1812.48,Corporate
ORD14370,2034-12-18,South,Electronics,Printer,6.0,3174.97,9669.65,Home Office
ORD14371,2034-12-19,West,Office Supplies,Desk,5.0,36343.3,-4152.23,Consumer
ORD14372,2034-12-20,South,Furniture,Laptop,4.0,16949.07,10308.68,Consumer
ORD14373,2034-12-21,West,Electronics,Chair,5.0,34167.72,6837.9,Home Office
ORD14374,2034-12-22,North,Electronics,Chair,7.0,30937.78,10990.3,Corporate
ORD14375,2034-12-23,North,Office Supplies,Desk,1.0,25251.9,-741.42,Consumer
ORD14376,2034-12-24,North,Electronics,Laptop,1.0,42676.89,6813.66,Consumer
ORD14377,2034-12-25,East,Electronics,Desk,1.0,35492.76,8760.88,Consumer
ORD14378,2034-12-26,South,Furniture,Monitor,2.0,44499.84,6935.74,Consumer
ORD14379,2034-12-27,West,Electronics,Chair,9.0,14223.87,-1424.33,Consumer
ORD14380,2034-12-28,South,Electronics,Chair,5.0,17536.75,-314.98,Consumer
ORD14381,2034-12-29,North,Electronics,Monitor,9.0,31173.18,4634.62,Consumer
ORD14382,2034-12-30,East,Electronics,Laptop,5.0,24573.82,2594.76,Home Office
ORD14383,2034-12-31,West,Furniture,Chair,7.0,18704.79,7496.99,Consumer
ORD14384,2035-01-01,South,Electronics,Keyboard,6.0,1808.22,1437.5,Consumer
ORD14385,2035-01-02,East,Office Supplies,Keyboard,2.0,22405.22,9611.17,Consumer
ORD14386,2035-01-03,North,Electronics,Keyboard,3.0,27287.69,2342.65,Corporate
ORD14387,2035-01-04,North,Electronics,Printer,5.0,40089.17,-4319.3,Consumer
ORD14388,2035-01-05,East,Furniture,Printer,4.0,36484.3,-4704.81,Home Office
ORD14389,2035-01-06,East,Furniture,Laptop,6.0,48240.2,5994.62,Consumer
ORD14390,2035-01-07,North,Office Supplies,Monitor,8.0,39177.6,4189.4,Home Office
ORD14391,2035-01-08,West,Furniture,Desk,8.0,15071.7,4226.66,Corporate
ORD14392,2035-01-09,South,Furniture,Laptop,3.0,32140.74,8430.15,Home Office
ORD14393,2035-01-10,North,Furniture,Desk,4.0,33677.61,1387.24,Consumer
ORD14394,2035-01-11,South,Furniture,Laptop,1.0,49901.42,11922.6,Consumer
ORD14395,2035-01-12,West,Furniture,Printer,2.0,7109.15,11074.01,Corporate
ORD14396,2035-01-13,East,Electronics,Keyboard,9.0,9728.01,-4779.65,Consumer
ORD14397,2035-01-14,South,Electronics,Monitor,2.0,7944.58,10227.63,Consumer
ORD14398,2035-01-15,North,Electronics,Printer,6.0,29535.19,6569.34,Consumer
ORD14399,2035-01-16,North,Furniture,Monitor,7.0,6937.99,3535.54,Home Office
ORD14400,2035-01-17,North,Electronics,Desk,6.0,32869.18,4906.71,Consumer
ORD14401,2035-01-18,West,Electronics,Laptop,8.0,40227.95,9311.58,Corporate
ORD14402,2035-01-19,North,Electronics,Chair,9.0,21753.09,11167.64,Consumer
ORD14403,2035-01-20,North,Furniture,Chair,8.0,28122.12,4525.67,Home Office
ORD14404,2035-01-21,South,Electronics,Monitor,5.0,45653.56,-1918.05,Consumer
ORD14405,2035-01-22,North,Furniture,Keyboard,8.0,28564.38,5875.82,Home Office
ORD14406,2035-01-23,South,Office Supplies,Keyboard,9.0,10588.56,-3704.28,Corporate
ORD14407,2035-01-24,North,Office Supplies,Monitor,8.0,17291.05,5797.36,Consumer
ORD14408,2035-01-25,North,Office Supplies,Printer,2.0,26586.32,8746.4,Corporate
ORD14409,2035-01-26,North,Electronics,Chair,2.0,7913.9,1006.63,Consumer
ORD14410,2035-01-27,North,Office Supplies,Printer,3.0,30703.49,-3789.86,Home Office
ORD14411,2035-01-28,West,Electronics,Desk,7.0,49962.46,6767.84,Corporate
ORD14412,2035-01-29,South,Electronics,Chair,9.0,32696.24,768.59,Home Office
ORD14413,2035-01-30,South,Electronics,Desk,8.0,18746.07,-765.36,Home Office
ORD14414,2035-01-31,North,Furniture,Laptop,9.0,16720.98,6716.09,Consumer
ORD14415,2035-02-01,North,Electronics,Printer,6.0,46593.85,11482.97,Consumer
ORD14416,2035-02-02,South,Furniture,Monitor,1.0,43601.41,7670.48,Corporate
ORD14417,2035-02-03,South,Furniture,Chair,4.0,23723.46,3352.95,Consumer
ORD14418,2035-02-04,North,Furniture,Printer,6.0,17800.05,5208.68,Consumer
ORD14419,2035-02-05,North,Furniture,Monitor,6.0,35581.12,-2581.26,Consumer
ORD14420,2035-02-06,West,Electronics,Laptop,8.0,15862.22,8824.63,Home Office
ORD14421,2035-02-07,East,Office Supplies,Chair,1.0,6146.28,5273.02,Consumer
ORD14422,2035-02-08,East,Furniture,Desk,2.0,15645.58,11419.12,Corporate
ORD14423,2035-02-09,South,Electronics,Laptop,2.0,21827.94,11651.22,Consumer
ORD14424,2035-02-10,West,Electronics,Keyboard,6.0,12919.49,1027.97,Consumer
ORD14425,2035-02-11,West,Electronics,Monitor,7.0,10997.32,11805.28,Consumer
ORD14426,2035-02-12,West,Electronics,Chair,5.0,505.78,11266.17,Consumer
ORD14427,2035-02-13,South,Furniture,Chair,5.0,31615.97,5877.14,Consumer
ORD14428,2035-02-14,East,Electronics,Laptop,6.0,30799.56,668.9,Consumer
ORD14429,2035-02-15,West,Office Supplies,Chair,4.0,9563.66,7806.78,Consumer
ORD14430,2035-02-16,North,Electronics,Monitor,1.0,24573.82,-388.97,Consumer
ORD14431,2035-02-17,North,Office Supplies,Laptop,3.0,20596.63,5707.35,Consumer
ORD14432,2035-02-18,North,Electronics,Desk,9.0,1468.88,-4582.11,Consumer
ORD14433,2035-02-19,South,Electronics,Laptop,6.0,11144.64,5685.91,Consumer
ORD14434,2035-02-20,North,Office Supplies,Laptop,2.0,34664.96,11177.34,Consumer
ORD14435,2035-02-21,South,Electronics,Desk,9.0,10240.67,-1002.57,Consumer
ORD14436,2035-02-22,South,Office Supplies,Keyboard,4.0,2884.84,8229.05,Consumer
ORD14437,2035-02-23,North,Furniture,Monitor,8.0,30961.77,-11.8,Consumer
ORD14438,2035-02-24,North,Electronics,Keyboard,7.0,26014.07,7033.45,Consumer
ORD14439,2035-02-25,East,Office Supplies,Keyboard,3.0,38111.04,6899.53,Consumer
ORD14440,2035-02-26,East,Furniture,Keyboard,8.0,38677.04,-1859.46,Consumer
ORD14441,2035-02-27,South,Furniture,Printer,4.0,48004.78,5151.17,Home Office
ORD14442,2035-02-28,North,Electronics,Keyboard,2.0,3039.47,9605.87,Corporate
ORD14443,2035-03-01,South,Electronics,Printer,5.0,2141.67,1503.06,Home Office
ORD14444,2035-03-02,East,Electronics,Desk,1.0,49362.41,7074.71,Consumer
ORD14445,2035-03-03,South,Electronics,Monitor,8.0,32313.42,6465.31,Consumer
ORD14446,2035-03-04,West,Furniture,Keyboard,8.0,35825.45,-622.26,Consumer
ORD14447,2035-03-05,South,Furniture,Chair,3.0,5004.8,10616.94,Consumer
ORD14448,2035-03-06,North,Electronics,Desk,1.0,3676.67,4579.71,Consumer
ORD14449,2035-03-07,South,Electronics,Printer,4.0,8180.63,1039.98,Consumer
ORD14450,2035-03-08,North,Electronics,Monitor,9.0,21474.34,-2205.91,Home Office
ORD14451,2035-03-09,North,Office Supplies,Laptop,9.0,5686.77,3048.79,Consumer
ORD14452,2035-03-10,East,Electronics,Monitor,1.0,22427.42,7411.93,Corporate
ORD14453,2035-03-11,South,Electronics,Monitor,7.0,28164.49,5601.88,Consumer
ORD14454,2035-03-12,South,Electronics,Keyboard,6.0,216.58,7359.89,Consumer
ORD14455,2035-03-13,East,Furniture,Keyboard,7.0,5889.43,8459.93,Consumer
ORD14456,2035-03-14,South,Office Supplies,Printer,7.0,18884.72,2497.08,Home Office
ORD14457,2035-03-15,South,Electronics,Printer,8.0,2855.82,3842.83,Home Office
ORD14458,2035-03-16,North,Furniture,Keyboard,8.0,6849.74,11769.18,Corporate
ORD14459,2035-03-17,North,Furniture,Keyboard,2.0,11743.46,11456.87,Corporate
ORD14460,2035-03-18,East,Electronics,Chair,4.0,21594.15,2051.89,Consumer
ORD14461,2035-03-19,South,Electronics,Chair,4.0,35798.89,6648.05,Consumer
ORD14462,2035-03-20,South,Electronics,Desk,8.0,6807.89,-450.97,Home Office
ORD14463,2035-03-21,North,Electronics,Keyboard,3.0,36950.34,-2404.14,Consumer
ORD14464,2035-03-22,North,Electronics,Laptop,3.0,42782.02,8062.82,Consumer
ORD14465,2035-03-23,West,Furniture,Chair,2.0,32643.64,2415.06,Consumer
ORD14466,2035-03-24,West,Electronics,Printer,1.0,2377.54,-1990.1,Corporate
ORD14467,2035-03-25,North,Office Supplies,Monitor,8.0,22144.55,7900.41,Consumer
ORD14468,2035-03-26,East,Furniture,Desk,9.0,33071.29,10557.9,Consumer
ORD14469,2035-03-27,North,Office Supplies,Chair,9.0,48929.95,10865.65,Corporate
ORD14470,2035-03-28,North,Electronics,Monitor,8.0,47600.06,5137.67,Consumer
ORD14471,2035-03-29,South,Electronics,Monitor,5.0,19906.02,3153.9,Consumer
ORD14472,2035-03-30,North,Electronics,Chair,1.0,30873.37,-2588.27,Corporate
ORD14473,2035-03-31,North,Office Supplies,Laptop,9.0,44562.59,8477.43,Corporate
ORD14474,2035-04-01,North,Furniture,Laptop,6.0,41586.1,11070.49,Consumer
ORD14475,2035-04-02,East,Office Supplies,Desk,7.0,24075.21,10120.83,Consumer
ORD14476,2035-04-03,West,Electronics,Laptop,8.0,13209.82,7780.32,Consumer
ORD14477,2035-04-04,North,Electronics,Desk,5.0,7027.58,-4922.33,Consumer
ORD14478,2035-04-05,North,Office Supplies,Printer,6.0,24501.41,1931.76,Home Office
ORD14479,2035-04-06,South,Electronics,Chair,7.0,36197.72,1982.14,Consumer
ORD14480,2035-04-07,East,Furniture,Monitor,7.0,48494.53,10204.26,Corporate
ORD14481,2035-04-08,South,Electronics,Desk,2.0,43118.38,-3883.94,Consumer
ORD14482,2035-04-09,North,Furniture,Laptop,1.0,10371.2,4030.78,Consumer
ORD14483,2035-04-10,South,Electronics,Desk,8.0,36044.95,-2685.72,Consumer
ORD14484,2035-04-11,North,Furniture,Keyboard,5.0,24573.82,6259.0,Consumer
ORD14485,2035-04-12,South,Furniture,Desk,2.0,34236.94,8468.34,Corporate
ORD14486,2035-04-13,North,Furniture,Laptop,3.0,33357.11,5913.31,Consumer
ORD14487,2035-04-14,North,Furniture,Keyboard,6.0,13767.04,8507.95,Consumer
ORD14488,2035-04-15,South,Electronics,Keyboard,6.0,11872.55,5327.44,Consumer
ORD14489,2035-04-16,East,Electronics,Laptop,8.0,5376.1,-1772.74,Consumer
ORD14490,2035-04-17,North,Office Supplies,Keyboard,5.0,2716.87,1505.28,Consumer
ORD14491,2035-04-18,North,Electronics,Chair,5.0,42950.86,11266.77,Consumer
ORD14492,2035-04-19,North,Office Supplies,Monitor,7.0,2682.5,-101.03,Corporate
ORD14493,2035-04-20,North,Office Supplies,Chair,5.0,4619.31,-3931.34,Consumer
ORD14494,2035-04-21,South,Electronics,Chair,9.0,12094.83,1542.11,Consumer
ORD14495,2035-04-22,South,Electronics,Laptop,6.0,44405.38,1227.22,Consumer
ORD14496,2035-04-23,West,Electronics,Laptop,7.0,16780.43,2995.25,Consumer
ORD14497,2035-04-24,West,Electronics,Monitor,8.0,9751.62,4525.16,Consumer
ORD14498,2035-04-25,North,Office Supplies,Desk,5.0,35834.66,11871.2,Home Office
ORD14499,2035-04-26,East,Electronics,Chair,4.0,16089.67,7855.98,Corporate
ORD14500,2035-04-27,North,Electronics,Keyboard,8.0,16801.66,-4389.86,Corporate
ORD14501,2035-04-28,North,Electronics,Monitor,9.0,37001.03,7116.11,Consumer
ORD14502,2035-04-29,West,Electronics,Chair,1.0,12732.31,9011.94,Home Office
ORD14503,2035-04-30,North,Office Supplies,Desk,3.0,44858.65,10225.72,Consumer
ORD14504,2035-05-01,North,Electronics,Keyboard,4.0,28158.8,2208.1,Consumer
ORD14505,2035-05-02,North,Office Supplies,Chair,7.0,26984.02,331.63,Corporate
ORD14506,2035-05-03,East,Electronics,Printer,6.0,13384.66,9268.52,Home Office
ORD14507,2035-05-04,South,Office Supplies,Monitor,5.0,41787.7,8219.46,Corporate
ORD14508,2035-05-05,West,Electronics,Laptop,4.0,24573.82,4112.72,Consumer
ORD14509,2035-05-06,West,Electronics,Chair,6.0,7944.72,-2995.99,Consumer
ORD14510,2035-05-07,South,Office Supplies,Keyboard,3.0,10473.65,6079.94,Consumer
ORD14511,2035-05-08,North,Electronics,Keyboard,2.0,23519.14,-3883.65,Consumer
ORD14512,2035-05-09,East,Electronics,Monitor,2.0,39026.16,-3293.76,Home Office
ORD14513,2035-05-10,East,Office Supplies,Monitor,4.0,46976.9,629.38,Consumer
ORD14514,2035-05-11,West,Electronics,Keyboard,1.0,33242.23,1309.98,Home Office
ORD14515,2035-05-12,East,Electronics,Keyboard,5.0,25405.93,2853.56,Consumer
ORD14516,2035-05-13,South,Electronics,Keyboard,2.0,12686.45,765.43,Consumer
ORD14517,2035-05-14,South,Electronics,Chair,4.0,33708.82,-4425.6,Consumer
ORD14518,2035-05-15,North,Electronics,Keyboard,4.0,49115.54,-2323.93,Home Office
ORD14519,2035-05-16,South,Office Supplies,Laptop,1.0,23915.88,-3043.1,Consumer
ORD14520,2035-05-17,South,Electronics,Keyboard,7.0,8274.67,2330.12,Consumer
ORD14521,2035-05-18,North,Electronics,Laptop,7.0,5346.36,-1393.81,Home Office
ORD14522,2035-05-19,West,Electronics,Chair,1.0,13608.96,-9.73,Consumer
ORD14523,2035-05-20,East,Electronics,Monitor,8.0,28558.21,3016.65,Consumer
ORD14524,2035-05-21,North,Electronics,Laptop,7.0,47350.9,-995.45,Consumer
ORD14525,2035-05-22,East,Electronics,Chair,7.0,15098.42,-819.21,Corporate
ORD14526,2035-05-23,South,Electronics,Keyboard,6.0,15408.48,9163.45,Corporate
ORD14527,2035-05-24,North,Furniture,Chair,4.0,24162.75,4317.48,Consumer
ORD14528,2035-05-25,North,Furniture,Keyboard,8.0,45943.41,9564.91,Consumer
ORD14529,2035-05-26,North,Electronics,Chair,2.0,21068.94,3746.94,Home Office
ORD14530,2035-05-27,East,Electronics,Monitor,7.0,11316.82,10457.49,Consumer
ORD14531,2035-05-28,North,Furniture,Laptop,3.0,8323.92,-669.38,Consumer
ORD14532,2035-05-29,North,Office Supplies,Monitor,3.0,22959.37,5483.39,Corporate
ORD14533,2035-05-30,North,Office Supplies,Printer,7.0,40073.74,3554.94,Corporate
ORD14534,2035-05-31,East,Electronics,Keyboard,3.0,14709.35,10617.75,Corporate
ORD14535,2035-06-01,South,Electronics,Laptop,5.0,25723.63,2114.15,Consumer
ORD14536,2035-06-02,North,Electronics,Monitor,8.0,30229.81,9532.0,Consumer
ORD14537,2035-06-03,South,Furniture,Laptop,4.0,22633.43,4586.37,Consumer
ORD14538,2035-06-04,East,Electronics,Printer,7.0,9746.17,7045.23,Corporate
ORD14539,2035-06-05,East,Electronics,Desk,7.0,46102.93,10077.18,Home Office
ORD14540,2035-06-06,West,Furniture,Keyboard,2.0,28359.37,11947.41,Consumer
ORD14541,2035-06-07,East,Furniture,Keyboard,8.0,36510.89,7429.37,Consumer
ORD14542,2035-06-08,East,Electronics,Chair,9.0,31874.94,346.87,Consumer
ORD14543,2035-06-09,South,Furniture,Keyboard,6.0,49902.79,83.2,Consumer
ORD14544,2035-06-10,North,Electronics,Keyboard,5.0,22924.24,254.77,Corporate
ORD14545,2035-06-11,West,Electronics,Monitor,1.0,21363.62,-3335.56,Home Office
ORD14546,2035-06-12,West,Electronics,Keyboard,1.0,18134.97,-4088.82,Consumer
ORD14547,2035-06-13,West,Electronics,Keyboard,9.0,18209.1,4874.33,Home Office
ORD14548,2035-06-14,South,Electronics,Printer,4.0,13933.36,8780.0,Home Office
ORD14549,2035-06-15,South,Electronics,Printer,1.0,49035.38,-4385.71,Home Office
ORD14550,2035-06-16,East,Electronics,Laptop,3.0,43564.95,4632.78,Consumer
ORD14551,2035-06-17,North,Office Supplies,Laptop,6.0,15970.32,1319.94,Home Office
ORD14552,2035-06-18,North,Furniture,Keyboard,8.0,15400.41,10172.25,Home Office
ORD14553,2035-06-19,South,Electronics,Keyboard,2.0,5355.99,-2528.42,Corporate
ORD14554,2035-06-20,East,Office Supplies,Chair,8.0,43876.14,4578.34,Corporate
ORD14555,2035-06-21,South,Electronics,Laptop,1.0,18713.95,11505.65,Corporate
ORD14556,2035-06-22,East,Office Supplies,Monitor,2.0,28716.25,865.56,Consumer
ORD14557,2035-06-23,East,Electronics,Keyboard,8.0,45038.81,7610.21,Home Office
ORD14558,2035-06-24,South,Electronics,Monitor,7.0,20523.41,10001.67,Consumer
ORD14559,2035-06-25,West,Electronics,Keyboard,5.0,40382.03,-1834.42,Consumer
ORD14560,2035-06-26,West,Office Supplies,Monitor,2.0,21628.22,11872.96,Consumer
ORD14561,2035-06-27,North,Electronics,Desk,9.0,35106.86,8759.57,Consumer
ORD14562,2035-06-28,North,Electronics,Monitor,5.0,21672.98,-2661.41,Corporate
ORD14563,2035-06-29,West,Office Supplies,Laptop,8.0,19759.4,285.04,Corporate
ORD14564,2035-06-30,South,Electronics,Keyboard,4.0,49537.32,5624.49,Corporate
ORD14565,2035-07-01,North,Office Supplies,Laptop,9.0,30695.02,10043.6,Consumer
ORD14566,2035-07-02,East,Electronics,Monitor,7.0,18496.08,-1687.8,Home Office
ORD14567,2035-07-03,North,Office Supplies,Printer,2.0,13039.41,7430.49,Consumer
ORD14568,2035-07-04,East,Electronics,Printer,3.0,2180.37,-398.98,Corporate
ORD14569,2035-07-05,West,Furniture,Printer,2.0,35387.0,8692.08,Home Office
ORD14570,2035-07-06,North,Electronics,Keyboard,5.0,18733.44,6618.51,Consumer
ORD14571,2035-07-07,South,Electronics,Chair,2.0,41098.46,3889.45,Consumer
ORD14572,2035-07-08,North,Electronics,Desk,5.0,18320.65,6047.72,Consumer
ORD14573,2035-07-09,North,Electronics,Monitor,9.0,18791.79,9899.57,Home Office
ORD14574,2035-07-10,North,Furniture,Chair,2.0,39003.21,1569.24,Home Office
ORD14575,2035-07-11,West,Electronics,Printer,9.0,24575.44,8077.25,Consumer
ORD14576,2035-07-12,South,Electronics,Monitor,7.0,44267.76,-2298.61,Consumer
ORD14577,2035-07-13,North,Office Supplies,Chair,5.0,29588.76,6920.15,Consumer
ORD14578,2035-07-14,South,Electronics,Laptop,5.0,12184.11,7761.18,Consumer
ORD14579,2035-07-15,East,Electronics,Printer,8.0,28499.94,2530.96,Consumer
ORD14580,2035-07-16,North,Electronics,Chair,7.0,399.28,8491.58,Consumer
ORD14581,2035-07-17,South,Electronics,Keyboard,6.0,24573.82,4470.76,Consumer
ORD14582,2035-07-18,South,Office Supplies,Laptop,2.0,10556.03,10916.66,Consumer
ORD14583,2035-07-19,North,Furniture,Printer,6.0,32778.56,-3088.07,Consumer
ORD14584,2035-07-20,East,Electronics,Desk,2.0,6974.72,-2776.04,Corporate
ORD14585,2035-07-21,South,Electronics,Printer,1.0,14646.85,9321.27,Corporate
ORD14586,2035-07-22,North,Electronics,Keyboard,9.0,16699.17,9320.14,Home Office
ORD14587,2035-07-23,East,Electronics,Desk,5.0,364.0,3010.82,Consumer
ORD14588,2035-07-24,South,Furniture,Desk,4.0,2528.98,11387.36,Home Office
ORD14589,2035-07-25,South,Electronics,Desk,8.0,15694.08,6549.62,Home Office
ORD14590,2035-07-26,West,Electronics,Monitor,5.0,11273.35,11708.51,Corporate
ORD14591,2035-07-27,North,Electronics,Monitor,7.0,6021.96,4050.72,Consumer
ORD14592,2035-07-28,North,Electronics,Desk,3.0,7877.25,-1572.57,Home Office
ORD14593,2035-07-29,West,Electronics,Laptop,8.0,41809.74,2554.68,Home Office
ORD14594,2035-07-30,South,Electronics,Desk,8.0,34229.31,11668.28,Consumer
ORD14595,2035-07-31,South,Electronics,Chair,3.0,24309.05,1297.04,Corporate
ORD14596,2035-08-01,East,Electronics,Desk,5.0,45461.96,11269.28,Consumer
ORD14597,2035-08-02,South,Office Supplies,Monitor,8.0,1671.73,8549.36,Consumer
ORD14598,2035-08-03,North,Electronics,Monitor,1.0,17377.76,2515.81,Consumer
ORD14599,2035-08-04,West,Furniture,Chair,8.0,41204.51,4211.81,Consumer
ORD14600,2035-08-05,North,Electronics,Chair,4.0,31488.79,5326.46,Home Office
ORD14601,2035-08-06,South,Furniture,Printer,6.0,49088.03,6318.02,Consumer
ORD14602,2035-08-07,South,Office Supplies,Laptop,9.0,47236.84,-3696.11,Home Office
ORD14603,2035-08-08,North,Furniture,Laptop,5.0,8663.14,10871.0,Consumer
ORD14604,2035-08-09,North,Electronics,Laptop,7.0,48604.95,5149.0,Consumer
ORD14605,2035-08-10,South,Electronics,Keyboard,1.0,47287.63,10829.54,Consumer
ORD14606,2035-08-11,South,Office Supplies,Monitor,9.0,18805.83,5742.27,Corporate
ORD14607,2035-08-12,North,Electronics,Laptop,6.0,49147.44,2327.26,Home Office
ORD14608,2035-08-13,South,Office Supplies,Printer,4.0,1985.04,4637.78,Consumer
ORD14609,2035-08-14,North,Office Supplies,Printer,6.0,33105.38,9101.56,Consumer
ORD14610,2035-08-15,South,Electronics,Laptop,5.0,13454.16,544.14,Consumer
ORD14611,2035-08-16,South,Electronics,Chair,3.0,6647.26,11259.82,Home Office
ORD14612,2035-08-17,South,Office Supplies,Printer,7.0,28961.24,2921.24,Corporate
ORD14613,2035-08-18,North,Electronics,Chair,3.0,15456.25,11256.03,Consumer
ORD14614,2035-08-19,West,Electronics,Monitor,2.0,33407.9,9972.86,Consumer
ORD14615,2035-08-20,South,Office Supplies,Keyboard,4.0,27091.06,8050.25,Corporate
ORD14616,2035-08-21,North,Electronics,Printer,7.0,19750.95,2946.44,Home Office
ORD14617,2035-08-22,North,Electronics,Chair,5.0,9254.74,4978.07,Consumer
ORD14618,2035-08-23,South,Electronics,Laptop,9.0,30142.26,9246.5,Consumer
ORD14619,2035-08-24,South,Electronics,Monitor,7.0,41495.69,4248.95,Consumer
ORD14620,2035-08-25,West,Office Supplies,Desk,9.0,30080.22,7549.22,Consumer
ORD14621,2035-08-26,North,Electronics,Desk,9.0,30604.02,8441.2,Consumer
ORD14622,2035-08-27,North,Furniture,Laptop,2.0,25689.5,3722.62,Consumer
ORD14623,2035-08-28,East,Electronics,Monitor,1.0,19534.36,4116.21,Home Office
ORD14624,2035-08-29,North,Furniture,Monitor,4.0,22981.41,-1636.81,Corporate
ORD14625,2035-08-30,West,Furniture,Monitor,4.0,49479.18,-839.43,Consumer
ORD14626,2035-08-31,East,Office Supplies,Monitor,2.0,37533.49,10384.03,Consumer
ORD14627,2035-09-01,East,Electronics,Desk,3.0,21641.86,9285.6,Consumer
ORD14628,2035-09-02,South,Electronics,Chair,3.0,22973.36,-4827.92,Consumer
ORD14629,2035-09-03,South,Electronics,Monitor,5.0,25081.67,9779.59,Consumer
ORD14630,2035-09-04,North,Electronics,Chair,1.0,33033.85,-4571.01,Consumer
ORD14631,2035-09-05,East,Office Supplies,Monitor,9.0,23404.72,2790.77,Home Office
ORD14632,2035-09-06,South,Office Supplies,Printer,8.0,34371.72,-3853.64,Consumer
ORD14633,2035-09-07,West,Electronics,Keyboard,8.0,24573.82,11469.99,Consumer
ORD14634,2035-09-08,South,Electronics,Printer,3.0,20649.85,11529.43,Consumer
ORD14635,2035-09-09,South,Electronics,Keyboard,2.0,43229.85,5384.81,Consumer
ORD14636,2035-09-10,South,Electronics,Printer,1.0,16579.5,1667.48,Consumer
ORD14637,2035-09-11,South,Furniture,Monitor,6.0,48228.95,3703.88,Home Office
ORD14638,2035-09-12,East,Office Supplies,Chair,1.0,8790.75,7959.09,Consumer
ORD14639,2035-09-13,East,Electronics,Keyboard,5.0,12235.65,-1205.72,Home Office
ORD14640,2035-09-14,North,Electronics,Desk,9.0,23291.25,2509.28,Consumer
ORD14641,2035-09-15,South,Electronics,Laptop,9.0,39910.95,7533.57,Home Office
ORD14642,2035-09-16,West,Office Supplies,Keyboard,4.0,36632.46,1721.67,Consumer
ORD14643,2035-09-17,East,Electronics,Keyboard,7.0,8888.41,-4456.06,Corporate
ORD14644,2035-09-18,North,Electronics,Desk,7.0,11986.91,3625.71,Consumer
ORD14645,2035-09-19,South,Electronics,Monitor,4.0,28848.1,7535.99,Corporate
ORD14646,2035-09-20,West,Electronics,Printer,5.0,14899.2,11605.88,Consumer
ORD14647,2035-09-21,West,Office Supplies,Printer,9.0,21231.8,-4370.22,Consumer
ORD14648,2035-09-22,East,Electronics,Chair,7.0,24432.39,4178.65,Consumer
ORD14649,2035-09-23,West,Furniture,Monitor,7.0,29793.45,2648.96,Consumer
ORD14650,2035-09-24,East,Electronics,Desk,7.0,12702.36,-878.37,Consumer
ORD14651,2035-09-25,South,Electronics,Monitor,9.0,8324.38,5841.97,Home Office
ORD14652,2035-09-26,South,Electronics,Monitor,5.0,20048.46,-2218.42,Consumer
ORD14653,2035-09-27,North,Electronics,Printer,6.0,4284.91,-174.3,Consumer
ORD14654,2035-09-28,South,Electronics,Desk,3.0,26432.91,8289.88,Consumer
ORD14655,2035-09-29,South,Office Supplies,Laptop,1.0,42012.34,2827.0,Corporate
ORD14656,2035-09-30,East,Electronics,Keyboard,2.0,6124.99,11892.4,Consumer
ORD14657,2035-10-01,South,Furniture,Printer,8.0,5813.98,1569.83,Corporate
ORD14658,2035-10-02,East,Electronics,Desk,1.0,4194.85,2875.44,Consumer
ORD14659,2035-10-03,South,Electronics,Chair,7.0,42423.49,104.38,Home Office
ORD14660,2035-10-04,North,Electronics,Keyboard,5.0,4219.1,-983.01,Corporate
ORD14661,2035-10-05,North,Electronics,Keyboard,6.0,49176.41,10678.78,Consumer
ORD14662,2035-10-06,South,Electronics,Printer,8.0,18044.9,7730.05,Consumer
ORD14663,2035-10-07,North,Electronics,Chair,4.0,16572.36,667.84,Consumer
ORD14664,2035-10-08,East,Electronics,Printer,6.0,4763.26,6902.65,Consumer
ORD14665,2035-10-09,West,Office Supplies,Monitor,5.0,29364.93,11418.32,Consumer
ORD14666,2035-10-10,East,Electronics,Desk,7.0,29376.93,-3741.18,Home Office
ORD14667,2035-10-11,West,Furniture,Chair,2.0,24791.53,-503.43,Corporate
ORD14668,2035-10-12,South,Electronics,Keyboard,8.0,15688.8,-1590.16,Home Office
ORD14669,2035-10-13,North,Office Supplies,Printer,7.0,18555.33,9786.31,Consumer
ORD14670,2035-10-14,West,Electronics,Keyboard,8.0,16161.07,-1953.76,Consumer
ORD14671,2035-10-15,North,Electronics,Chair,2.0,21422.09,237.29,Consumer
ORD14672,2035-10-16,East,Electronics,Keyboard,3.0,17221.05,4245.63,Consumer
ORD14673,2035-10-17,South,Electronics,Printer,4.0,33840.76,5558.6,Consumer
ORD14674,2035-10-18,North,Electronics,Printer,9.0,14930.17,8739.12,Consumer
ORD14675,2035-10-19,South,Office Supplies,Laptop,5.0,17671.74,1924.5,Consumer
ORD14676,2035-10-20,North,Electronics,Keyboard,6.0,21885.9,4082.16,Consumer
ORD14677,2035-10-21,East,Electronics,Laptop,1.0,397.3,11412.86,Home Office
ORD14678,2035-10-22,South,Electronics,Laptop,4.0,24705.71,55.15,Home Office
ORD14679,2035-10-23,East,Office Supplies,Keyboard,4.0,12939.83,-782.4,Home Office
ORD14680,2035-10-24,North,Office Supplies,Chair,8.0,2996.29,7080.19,Consumer
ORD14681,2035-10-25,East,Electronics,Monitor,8.0,45568.86,8109.32,Corporate
ORD14682,2035-10-26,South,Furniture,Printer,6.0,16256.45,2051.24,Corporate
ORD14683,2035-10-27,West,Electronics,Desk,8.0,21419.05,-1379.36,Consumer
ORD14684,2035-10-28,South,Furniture,Laptop,9.0,41401.69,8241.69,Corporate
ORD14685,2035-10-29,South,Electronics,Chair,5.0,8506.09,6398.38,Consumer
ORD14686,2035-10-30,North,Furniture,Keyboard,1.0,42545.38,9895.87,Consumer
ORD14687,2035-10-31,North,Furniture,Chair,1.0,12233.57,9353.55,Home Office
ORD14688,2035-11-01,West,Electronics,Chair,2.0,24573.82,-1511.68,Consumer
ORD14689,2035-11-02,North,Furniture,Keyboard,2.0,34346.78,9149.77,Consumer
ORD14690,2035-11-03,North,Electronics,Desk,5.0,45269.69,-2022.05,Consumer
ORD14691,2035-11-04,North,Electronics,Keyboard,7.0,30460.37,9682.97,Consumer
ORD14692,2035-11-05,West,Office Supplies,Desk,7.0,22770.94,8095.46,Home Office
ORD14693,2035-11-06,North,Furniture,Keyboard,4.0,28699.01,4687.64,Consumer
ORD14694,2035-11-07,North,Furniture,Laptop,4.0,10263.71,5917.77,Consumer
ORD14695,2035-11-08,West,Office Supplies,Desk,3.0,34515.9,-3230.65,Corporate
ORD14696,2035-11-09,East,Furniture,Laptop,2.0,9506.66,-4321.95,Consumer
ORD14697,2035-11-10,North,Office Supplies,Desk,3.0,27950.93,620.99,Home Office
ORD14698,2035-11-11,South,Electronics,Desk,8.0,32450.66,8963.9,Consumer
ORD14699,2035-11-12,West,Electronics,Keyboard,1.0,44949.44,2918.35,Consumer
ORD14700,2035-11-13,North,Electronics,Desk,4.0,22619.45,-1202.3,Consumer
ORD14701,2035-11-14,North,Electronics,Laptop,7.0,38811.59,9187.33,Consumer
ORD14702,2035-11-15,South,Furniture,Keyboard,5.0,8543.02,-1113.34,Corporate
ORD14703,2035-11-16,South,Electronics,Printer,2.0,7978.58,8863.39,Consumer
ORD14704,2035-11-17,South,Electronics,Laptop,1.0,26334.94,2700.65,Corporate
ORD14705,2035-11-18,South,Electronics,Printer,6.0,29897.77,2879.41,Consumer
ORD14706,2035-11-19,North,Electronics,Chair,5.0,31690.58,-363.77,Corporate
ORD14707,2035-11-20,South,Electronics,Keyboard,3.0,37334.57,10302.96,Corporate
ORD14708,2035-11-21,South,Furniture,Chair,9.0,14887.59,-3490.65,Consumer
ORD14709,2035-11-22,East,Electronics,Keyboard,3.0,31205.86,-2545.09,Home Office
ORD14710,2035-11-23,South,Electronics,Keyboard,2.0,9569.33,5810.04,Consumer
ORD14711,2035-11-24,South,Electronics,Laptop,5.0,11106.09,9451.96,Consumer
ORD14712,2035-11-25,East,Electronics,Printer,9.0,3551.98,-3377.33,Home Office
ORD14713,2035-11-26,West,Furniture,Keyboard,8.0,37400.63,7473.79,Consumer
ORD14714,2035-11-27,East,Electronics,Printer,6.0,25448.25,7622.7,Consumer
ORD14715,2035-11-28,North,Office Supplies,Keyboard,3.0,12061.65,4885.89,Consumer
ORD14716,2035-11-29,North,Electronics,Printer,6.0,27900.64,3274.38,Consumer
ORD14717,2035-11-30,West,Office Supplies,Chair,5.0,17841.16,458.49,Consumer
ORD14718,2035-12-01,West,Office Supplies,Laptop,1.0,41893.05,974.85,Consumer
ORD14719,2035-12-02,North,Furniture,Keyboard,5.0,26501.76,6465.37,Corporate
ORD14720,2035-12-03,East,Electronics,Monitor,7.0,1684.57,-3890.12,Corporate
ORD14721,2035-12-04,North,Office Supplies,Printer,9.0,49257.75,4943.89,Corporate
ORD14722,2035-12-05,East,Electronics,Printer,1.0,3900.07,-261.55,Consumer
ORD14723,2035-12-06,South,Electronics,Monitor,3.0,34858.72,2932.3,Home Office
ORD14724,2035-12-07,East,Electronics,Laptop,8.0,21975.34,4502.65,Consumer
ORD14725,2035-12-08,West,Electronics,Printer,6.0,12616.03,10056.21,Corporate
ORD14726,2035-12-09,North,Electronics,Laptop,5.0,33887.62,4844.27,Consumer
ORD14727,2035-12-10,East,Electronics,Printer,2.0,6469.69,-1138.29,Consumer
ORD14728,2035-12-11,North,Electronics,Desk,3.0,42940.69,-3649.19,Corporate
ORD14729,2035-12-12,North,Furniture,Printer,2.0,12680.48,5658.8,Consumer
ORD14730,2035-12-13,South,Electronics,Desk,1.0,18200.39,4265.82,Consumer
ORD14731,2035-12-14,South,Electronics,Keyboard,7.0,31705.65,6420.56,Consumer
ORD14732,2035-12-15,North,Furniture,Laptop,3.0,251.26,2809.74,Corporate
ORD14733,2035-12-16,North,Electronics,Printer,7.0,23742.88,9027.14,Consumer
ORD14734,2035-12-17,North,Electronics,Chair,7.0,44733.6,10643.05,Consumer
ORD14735,2035-12-18,North,Electronics,Chair,8.0,34084.7,-4319.92,Consumer
ORD14736,2035-12-19,West,Electronics,Monitor,1.0,19517.44,7649.47,Consumer
ORD14737,2035-12-20,North,Furniture,Chair,5.0,33089.14,-4402.27,Corporate
ORD14738,2035-12-21,North,Electronics,Desk,9.0,46841.16,2566.64,Consumer
ORD14739,2035-12-22,South,Furniture,Chair,7.0,24573.82,2847.25,Consumer
ORD14740,2035-12-23,North,Electronics,Chair,1.0,26684.04,6835.71,Consumer
ORD14741,2035-12-24,East,Furniture,Chair,5.0,11889.93,990.86,Consumer
ORD14742,2035-12-25,South,Furniture,Printer,3.0,42740.39,8955.32,Home Office
ORD14743,2035-12-26,East,Electronics,Monitor,4.0,36108.3,828.69,Consumer
ORD14744,2035-12-27,North,Electronics,Laptop,4.0,40093.58,822.8,Consumer
ORD14745,2035-12-28,South,Electronics,Monitor,8.0,47161.99,-1213.07,Corporate
ORD14746,2035-12-29,East,Office Supplies,Desk,1.0,11768.98,6625.77,Home Office
ORD14747,2035-12-30,South,Furniture,Printer,8.0,2626.21,-3698.02,Home Office
ORD14748,2035-12-31,South,Office Supplies,Keyboard,9.0,14687.01,1171.94,Home Office
ORD14749,2036-01-01,North,Electronics,Printer,9.0,20077.14,-462.86,Consumer
ORD14750,2036-01-02,East,Electronics,Chair,5.0,31332.96,-1101.29,Consumer
ORD14751,2036-01-03,South,Electronics,Chair,4.0,39925.69,-3963.28,Consumer
ORD14752,2036-01-04,South,Electronics,Desk,4.0,17620.2,-1763.49,Home Office
ORD14753,2036-01-05,South,Electronics,Keyboard,9.0,23780.15,2586.15,Corporate
ORD14754,2036-01-06,South,Electronics,Printer,8.0,39316.27,3563.6,Consumer
ORD14755,2036-01-07,South,Furniture,Keyboard,7.0,11421.37,-418.42,Consumer
ORD14756,2036-01-08,East,Electronics,Laptop,3.0,11013.17,6054.14,Consumer
ORD14757,2036-01-09,West,Electronics,Monitor,4.0,29543.8,708.49,Consumer
ORD14758,2036-01-10,East,Electronics,Printer,9.0,21915.63,1243.18,Corporate
ORD14759,2036-01-11,North,Electronics,Keyboard,8.0,47455.06,8304.61,Consumer
ORD14760,2036-01-12,South,Electronics,Laptop,1.0,17980.12,4383.43,Consumer
ORD14761,2036-01-13,East,Office Supplies,Laptop,3.0,38025.87,11203.97,Consumer
ORD14762,2036-01-14,South,Furniture,Monitor,2.0,29238.02,1108.12,Consumer
ORD14763,2036-01-15,South,Furniture,Laptop,2.0,2917.89,9073.29,Consumer
ORD14764,2036-01-16,North,Electronics,Desk,8.0,4402.4,7551.74,Home Office
ORD14765,2036-01-17,East,Electronics,Laptop,6.0,10317.19,10133.21,Consumer
ORD14766,2036-01-18,South,Electronics,Keyboard,6.0,7329.0,11265.45,Consumer
ORD14767,2036-01-19,East,Furniture,Desk,4.0,16602.7,-4869.5,Corporate
ORD14768,2036-01-20,South,Office Supplies,Laptop,1.0,29033.65,-3498.94,Home Office
ORD14769,2036-01-21,South,Furniture,Chair,7.0,30197.65,6463.76,Consumer
ORD14770,2036-01-22,North,Furniture,Laptop,8.0,29470.84,1633.4,Home Office
ORD14771,2036-01-23,North,Furniture,Desk,2.0,6056.91,8925.13,Home Office
ORD14772,2036-01-24,North,Furniture,Laptop,2.0,30091.23,-4796.34,Consumer
ORD14773,2036-01-25,South,Office Supplies,Laptop,1.0,20605.39,8718.62,Consumer
ORD14774,2036-01-26,East,Electronics,Laptop,4.0,45172.02,-2700.89,Consumer
ORD14775,2036-01-27,North,Electronics,Desk,6.0,45616.81,-65.77,Consumer
ORD14776,2036-01-28,North,Electronics,Laptop,5.0,38455.06,11474.33,Consumer
ORD14777,2036-01-29,West,Electronics,Monitor,4.0,35214.74,-4122.83,Consumer
ORD14778,2036-01-30,West,Electronics,Keyboard,4.0,5924.65,933.69,Consumer
ORD14779,2036-01-31,North,Furniture,Monitor,7.0,4417.77,-3563.01,Consumer
ORD14780,2036-02-01,South,Office Supplies,Desk,7.0,42073.52,9511.27,Corporate
ORD14781,2036-02-02,North,Office Supplies,Chair,2.0,21465.39,6951.27,Home Office
ORD14782,2036-02-03,North,Electronics,Monitor,7.0,22677.84,8605.74,Corporate
ORD14783,2036-02-04,South,Electronics,Keyboard,2.0,42420.1,3963.75,Consumer
ORD14784,2036-02-05,East,Electronics,Printer,4.0,31147.26,1081.24,Corporate
ORD14785,2036-02-06,North,Furniture,Keyboard,1.0,9134.48,-4961.35,Corporate
ORD14786,2036-02-07,South,Electronics,Monitor,5.0,10708.46,-275.24,Consumer
ORD14787,2036-02-08,North,Office Supplies,Printer,1.0,517.58,3747.41,Consumer
ORD14788,2036-02-09,South,Electronics,Desk,5.0,35591.37,6294.15,Consumer
ORD14789,2036-02-10,North,Electronics,Keyboard,9.0,24383.46,-1108.06,Consumer
ORD14790,2036-02-11,East,Electronics,Chair,8.0,47508.2,-2638.69,Consumer
ORD14791,2036-02-12,West,Electronics,Printer,6.0,35757.84,-1572.55,Home Office
ORD14792,2036-02-13,South,Office Supplies,Printer,8.0,5337.0,1019.29,Consumer
ORD14793,2036-02-14,South,Electronics,Keyboard,5.0,8244.76,-2477.57,Consumer
ORD14794,2036-02-15,West,Electronics,Monitor,7.0,25185.89,-2334.11,Corporate
ORD14795,2036-02-16,South,Electronics,Printer,8.0,46258.73,-4256.22,Home Office
ORD14796,2036-02-17,West,Furniture,Desk,7.0,12513.1,9564.33,Corporate
ORD14797,2036-02-18,East,Office Supplies,Keyboard,4.0,41313.89,-1264.1,Consumer
ORD14798,2036-02-19,North,Office Supplies,Desk,5.0,15751.17,8972.34,Home Office
ORD14799,2036-02-20,West,Electronics,Keyboard,6.0,13640.88,2451.26,Consumer
ORD14800,2036-02-21,South,Electronics,Desk,6.0,45089.36,5751.44,Corporate
ORD14801,2036-02-22,North,Electronics,Monitor,9.0,2552.63,-3713.06,Corporate
ORD14802,2036-02-23,South,Electronics,Keyboard,2.0,33104.9,4920.87,Consumer
ORD14803,2036-02-24,East,Furniture,Chair,6.0,2349.74,-70.08,Consumer
ORD14804,2036-02-25,South,Furniture,Monitor,3.0,40078.04,-3381.43,Consumer
ORD14805,2036-02-26,North,Furniture,Desk,2.0,41504.34,10439.95,Consumer
ORD14806,2036-02-27,North,Electronics,Keyboard,6.0,44689.16,5261.68,Consumer
ORD14807,2036-02-28,West,Electronics,Monitor,4.0,9467.29,-890.97,Consumer
ORD14808,2036-02-29,South,Office Supplies,Desk,5.0,6400.01,2134.02,Corporate
ORD14809,2036-03-01,North,Electronics,Laptop,5.0,25276.05,1067.3,Consumer
ORD14810,2036-03-02,East,Office Supplies,Laptop,3.0,13727.3,6909.85,Home Office
ORD14811,2036-03-03,South,Electronics,Printer,4.0,30393.61,5326.36,Consumer
ORD14812,2036-03-04,West,Office Supplies,Chair,3.0,25784.62,-4663.7,Consumer
ORD14813,2036-03-05,West,Electronics,Laptop,7.0,7413.64,-1636.94,Consumer
ORD14814,2036-03-06,North,Furniture,Desk,1.0,37015.67,3128.18,Consumer
ORD14815,2036-03-07,East,Electronics,Monitor,6.0,40228.46,2573.26,Home Office
ORD14816,2036-03-08,South,Electronics,Keyboard,4.0,48159.54,3783.47,Consumer
ORD14817,2036-03-09,South,Office Supplies,Monitor,1.0,19897.84,7151.78,Home Office
ORD14818,2036-03-10,South,Electronics,Printer,1.0,17019.2,6594.15,Corporate
ORD14819,2036-03-11,North,Office Supplies,Monitor,5.0,9774.68,1337.83,Corporate
ORD14820,2036-03-12,North,Office Supplies,Laptop,5.0,9207.08,9918.89,Home Office
ORD14821,2036-03-13,South,Electronics,Monitor,7.0,16188.45,-3930.15,Consumer
ORD14822,2036-03-14,South,Office Supplies,Laptop,4.0,49094.47,4936.67,Corporate
ORD14823,2036-03-15,North,Furniture,Laptop,9.0,4794.48,11144.65,Consumer
ORD14824,2036-03-16,North,Office Supplies,Chair,4.0,13116.44,4334.38,Consumer
ORD14825,2036-03-17,North,Furniture,Printer,7.0,4481.72,2736.81,Consumer
ORD14826,2036-03-18,North,Electronics,Desk,5.0,13826.84,-2723.4,Consumer
ORD14827,2036-03-19,South,Electronics,Laptop,5.0,4801.59,8773.21,Consumer
ORD14828,2036-03-20,West,Furniture,Keyboard,6.0,25513.78,1354.51,Consumer
ORD14829,2036-03-21,North,Electronics,Printer,8.0,22030.11,6921.18,Consumer
ORD14830,2036-03-22,South,Electronics,Desk,5.0,24573.82,-1641.7,Home Office
ORD14831,2036-03-23,East,Furniture,Keyboard,3.0,8905.43,-4288.33,Consumer
ORD14832,2036-03-24,North,Electronics,Monitor,6.0,31380.23,192.95,Consumer
ORD14833,2036-03-25,West,Electronics,Printer,2.0,19478.64,-215.96,Consumer
ORD14834,2036-03-26,East,Electronics,Keyboard,8.0,2998.51,9849.08,Consumer
ORD14835,2036-03-27,East,Electronics,Printer,8.0,46025.59,9699.45,Consumer
ORD14836,2036-03-28,West,Electronics,Printer,3.0,20366.63,4076.2,Consumer
ORD14837,2036-03-29,North,Electronics,Monitor,8.0,29634.17,-4677.02,Home Office
ORD14838,2036-03-30,North,Office Supplies,Monitor,9.0,44293.52,-1118.48,Corporate
ORD14839,2036-03-31,West,Electronics,Printer,5.0,20227.52,5863.21,Consumer
ORD14840,2036-04-01,West,Electronics,Keyboard,5.0,41068.87,-3276.06,Home Office
ORD14841,2036-04-02,West,Furniture,Chair,6.0,45754.66,6910.58,Consumer
ORD14842,2036-04-03,East,Electronics,Laptop,7.0,8868.56,-4796.64,Home Office
ORD14843,2036-04-04,South,Office Supplies,Monitor,3.0,44646.12,6603.13,Consumer
ORD14844,2036-04-05,North,Furniture,Chair,5.0,6167.66,9357.17,Corporate
ORD14845,2036-04-06,North,Electronics,Monitor,1.0,13901.34,2976.7,Consumer
ORD14846,2036-04-07,North,Electronics,Printer,5.0,40448.93,9094.38,Consumer
ORD14847,2036-04-08,South,Electronics,Chair,4.0,45054.09,8285.97,Corporate
ORD14848,2036-04-09,West,Furniture,Keyboard,1.0,34270.11,6414.13,Consumer
ORD14849,2036-04-10,North,Office Supplies,Keyboard,7.0,5420.33,2567.54,Consumer
ORD14850,2036-04-11,North,Office Supplies,Desk,1.0,26245.02,-377.63,Consumer
ORD14851,2036-04-12,South,Electronics,Laptop,8.0,28717.18,9634.69,Consumer
ORD14852,2036-04-13,North,Furniture,Laptop,2.0,14236.61,6026.04,Consumer
ORD14853,2036-04-14,West,Electronics,Monitor,5.0,49566.53,8566.29,Corporate
ORD14854,2036-04-15,South,Electronics,Laptop,6.0,16914.27,4383.44,Consumer
ORD14855,2036-04-16,South,Office Supplies,Desk,9.0,10670.69,-2078.27,Consumer
ORD14856,2036-04-17,North,Electronics,Keyboard,7.0,5684.77,11650.44,Home Office
ORD14857,2036-04-18,South,Electronics,Chair,6.0,19049.36,-1893.44,Consumer
ORD14858,2036-04-19,South,Electronics,Chair,5.0,34692.41,10491.11,Consumer
ORD14859,2036-04-20,North,Office Supplies,Keyboard,6.0,11724.57,-1461.64,Corporate
ORD14860,2036-04-21,North,Furniture,Printer,4.0,38523.3,1353.74,Home Office
ORD14861,2036-04-22,North,Office Supplies,Keyboard,1.0,6942.98,2481.42,Corporate
ORD14862,2036-04-23,North,Furniture,Chair,9.0,22135.3,10663.39,Corporate
ORD14863,2036-04-24,North,Furniture,Monitor,5.0,35178.21,10099.38,Consumer
ORD14864,2036-04-25,South,Electronics,Desk,8.0,6938.41,8994.76,Consumer
ORD14865,2036-04-26,East,Electronics,Keyboard,7.0,29972.54,1403.48,Home Office
ORD14866,2036-04-27,North,Office Supplies,Printer,8.0,39987.84,-4923.61,Consumer
ORD14867,2036-04-28,East,Electronics,Monitor,1.0,29858.34,6586.92,Home Office
ORD14868,2036-04-29,South,Office Supplies,Keyboard,9.0,24573.82,1986.22,Consumer
ORD14869,2036-04-30,North,Electronics,Monitor,1.0,41947.32,7869.99,Consumer
ORD14870,2036-05-01,South,Furniture,Keyboard,3.0,49273.93,8512.48,Home Office
ORD14871,2036-05-02,North,Furniture,Monitor,8.0,9229.39,2475.3,Consumer
ORD14872,2036-05-03,South,Electronics,Laptop,1.0,34629.05,7717.74,Corporate
ORD14873,2036-05-04,North,Electronics,Monitor,1.0,4216.75,9278.93,Consumer
ORD14874,2036-05-05,West,Electronics,Laptop,6.0,2333.48,10784.09,Home Office
ORD14875,2036-05-06,East,Electronics,Chair,5.0,14184.78,4901.74,Consumer
ORD14876,2036-05-07,South,Office Supplies,Laptop,6.0,48551.81,8234.14,Home Office
ORD14877,2036-05-08,North,Office Supplies,Monitor,3.0,27699.34,3407.6,Consumer
ORD14878,2036-05-09,South,Electronics,Desk,6.0,13559.91,-4291.73,Home Office
ORD14879,2036-05-10,North,Electronics,Desk,2.0,6802.79,-2361.24,Home Office
ORD14880,2036-05-11,North,Electronics,Chair,8.0,46025.13,-2820.18,Home Office
ORD14881,2036-05-12,North,Electronics,Monitor,6.0,18245.86,-2079.98,Consumer
ORD14882,2036-05-13,North,Office Supplies,Laptop,4.0,15473.52,-4826.38,Consumer
ORD14883,2036-05-14,South,Electronics,Desk,4.0,42926.58,9598.02,Consumer
ORD14884,2036-05-15,West,Electronics,Keyboard,7.0,30299.26,4522.54,Consumer
ORD14885,2036-05-16,North,Office Supplies,Printer,3.0,8598.08,1513.55,Home Office
ORD14886,2036-05-17,North,Electronics,Monitor,3.0,21191.22,1966.24,Home Office
ORD14887,2036-05-18,North,Electronics,Keyboard,6.0,46425.91,2876.97,Consumer
ORD14888,2036-05-19,South,Furniture,Keyboard,9.0,45079.94,-3743.98,Home Office
ORD14889,2036-05-20,North,Electronics,Monitor,1.0,3691.47,-330.69,Corporate
ORD14890,2036-05-21,South,Electronics,Printer,5.0,13576.94,9477.65,Home Office
ORD14891,2036-05-22,West,Electronics,Desk,1.0,7896.06,7642.48,Home Office
ORD14892,2036-05-23,South,Furniture,Printer,1.0,26783.82,4577.89,Consumer
ORD14893,2036-05-24,South,Electronics,Chair,3.0,37549.17,3171.97,Consumer
ORD14894,2036-05-25,South,Electronics,Laptop,3.0,14918.05,-597.46,Consumer
ORD14895,2036-05-26,South,Furniture,Laptop,4.0,37948.2,3011.33,Corporate
ORD14896,2036-05-27,North,Office Supplies,Keyboard,3.0,33502.04,5163.54,Corporate
ORD14897,2036-05-28,South,Electronics,Desk,6.0,36465.47,7114.85,Corporate
ORD14898,2036-05-29,North,Electronics,Printer,4.0,47422.54,-2167.12,Consumer
ORD14899,2036-05-30,South,Electronics,Keyboard,8.0,21345.67,8822.87,Consumer
ORD14900,2036-05-31,East,Furniture,Monitor,1.0,17259.89,878.79,Consumer
ORD14901,2036-06-01,South,Electronics,Keyboard,8.0,34255.59,3555.39,Consumer
ORD14902,2036-06-02,East,Office Supplies,Monitor,1.0,40416.35,5334.37,Consumer
ORD14903,2036-06-03,South,Electronics,Monitor,1.0,9733.98,3297.62,Consumer
ORD14904,2036-06-04,South,Electronics,Chair,7.0,42370.62,4723.27,Home Office
ORD14905,2036-06-05,South,Electronics,Chair,1.0,3081.05,-3104.1,Corporate
ORD14906,2036-06-06,West,Office Supplies,Monitor,9.0,518.41,2346.64,Consumer
ORD14907,2036-06-07,East,Furniture,Desk,8.0,8089.67,-232.05,Consumer
ORD14908,2036-06-08,West,Electronics,Chair,1.0,48937.63,-3537.56,Consumer
ORD14909,2036-06-09,South,Furniture,Chair,2.0,26273.56,-1741.96,Corporate
ORD14910,2036-06-10,North,Electronics,Laptop,2.0,24573.82,5241.56,Corporate
ORD14911,2036-06-11,South,Furniture,Keyboard,2.0,49859.35,-1656.33,Consumer
ORD14912,2036-06-12,West,Office Supplies,Laptop,6.0,37296.58,-1921.91,Consumer
ORD14913,2036-06-13,East,Electronics,Desk,4.0,41932.65,4398.12,Consumer
ORD14914,2036-06-14,South,Office Supplies,Chair,8.0,10804.44,10379.94,Consumer
ORD14915,2036-06-15,South,Furniture,Chair,1.0,5451.38,8407.78,Consumer
ORD14916,2036-06-16,East,Electronics,Printer,4.0,24573.82,10386.51,Consumer
ORD14917,2036-06-17,South,Electronics,Desk,5.0,38654.35,4910.66,Home Office
ORD14918,2036-06-18,South,Electronics,Keyboard,9.0,31961.48,1968.8,Consumer
ORD14919,2036-06-19,West,Electronics,Keyboard,5.0,31626.75,7403.9,Consumer
ORD14920,2036-06-20,East,Electronics,Keyboard,3.0,37903.38,-556.81,Corporate
ORD14921,2036-06-21,North,Office Supplies,Desk,4.0,11505.64,-3673.08,Corporate
ORD14922,2036-06-22,North,Furniture,Printer,7.0,33143.66,858.45,Consumer
ORD14923,2036-06-23,North,Office Supplies,Printer,1.0,19727.11,87.02,Home Office
ORD14924,2036-06-24,South,Furniture,Laptop,6.0,3673.72,6484.16,Consumer
ORD14925,2036-06-25,North,Office Supplies,Desk,8.0,10266.7,4373.17,Consumer
ORD14926,2036-06-26,East,Electronics,Desk,1.0,39741.39,-2649.53,Consumer
ORD14927,2036-06-27,East,Electronics,Printer,8.0,44817.35,10444.57,Home Office
ORD14928,2036-06-28,South,Furniture,Monitor,7.0,14284.53,5086.76,Corporate
ORD14929,2036-06-29,South,Electronics,Monitor,1.0,9679.97,2780.63,Home Office
ORD14930,2036-06-30,North,Electronics,Laptop,9.0,1530.88,10932.31,Consumer
ORD14931,2036-07-01,North,Electronics,Monitor,3.0,47395.33,-3345.87,Consumer
ORD14932,2036-07-02,South,Office Supplies,Monitor,2.0,34255.98,8423.08,Corporate
ORD14933,2036-07-03,South,Office Supplies,Monitor,7.0,47860.1,1199.31,Corporate
ORD14934,2036-07-04,East,Electronics,Chair,3.0,43219.69,6821.63,Consumer
ORD14935,2036-07-05,North,Electronics,Laptop,1.0,17155.24,10822.33,Corporate
ORD14936,2036-07-06,South,Electronics,Printer,3.0,5811.62,3801.12,Consumer
ORD14937,2036-07-07,North,Office Supplies,Monitor,6.0,25053.03,-4615.14,Corporate
ORD14938,2036-07-08,South,Furniture,Keyboard,3.0,1535.33,-4509.58,Consumer
ORD14939,2036-07-09,North,Electronics,Chair,5.0,7665.85,619.53,Home Office
ORD14940,2036-07-10,North,Furniture,Monitor,5.0,11824.94,8288.19,Consumer
ORD14941,2036-07-11,North,Electronics,Chair,7.0,33349.2,-99.56,Consumer
ORD14942,2036-07-12,North,Furniture,Laptop,2.0,25591.9,685.97,Consumer
ORD14943,2036-07-13,North,Electronics,Keyboard,1.0,15260.49,8335.83,Consumer
ORD14944,2036-07-14,North,Furniture,Keyboard,7.0,24573.82,-3024.78,Corporate
ORD14945,2036-07-15,South,Furniture,Keyboard,4.0,6435.09,9395.82,Corporate
ORD14946,2036-07-16,North,Furniture,Monitor,7.0,37834.26,-481.53,Consumer
ORD14947,2036-07-17,North,Furniture,Chair,6.0,35659.35,-4129.21,Corporate
ORD14948,2036-07-18,North,Electronics,Keyboard,7.0,10981.83,-3005.17,Corporate
ORD14949,2036-07-19,South,Electronics,Desk,4.0,24573.82,11193.43,Consumer
ORD14950,2036-07-20,North,Electronics,Desk,3.0,25264.47,2672.51,Consumer
ORD14951,2036-07-21,East,Electronics,Chair,5.0,3228.65,-640.55,Home Office
ORD14952,2036-07-22,South,Electronics,Monitor,3.0,14052.07,3861.61,Consumer
ORD14953,2036-07-23,North,Electronics,Monitor,3.0,49974.24,6599.89,Consumer
ORD14954,2036-07-24,North,Electronics,Laptop,4.0,24573.82,419.57,Home Office
ORD14955,2036-07-25,North,Electronics,Laptop,8.0,25419.28,7329.61,Consumer
ORD14956,2036-07-26,North,Furniture,Keyboard,2.0,42496.82,-711.72,Consumer
ORD14957,2036-07-27,South,Electronics,Printer,4.0,15172.46,-3090.27,Consumer
ORD14958,2036-07-28,North,Office Supplies,Laptop,3.0,13183.29,4345.04,Consumer
ORD14959,2036-07-29,East,Electronics,Monitor,7.0,44561.49,-2430.98,Consumer
ORD14960,2036-07-30,North,Electronics,Printer,2.0,15380.53,10988.24,Consumer
ORD14961,2036-07-31,East,Electronics,Laptop,1.0,32644.37,-4992.37,Consumer
ORD14962,2036-08-01,North,Electronics,Chair,1.0,37067.59,7846.83,Corporate
ORD14963,2036-08-02,East,Electronics,Desk,6.0,39473.16,-248.96,Corporate
ORD14964,2036-08-03,North,Electronics,Laptop,3.0,49739.03,9383.48,Consumer
ORD14965,2036-08-04,North,Electronics,Laptop,7.0,40198.97,-3977.43,Consumer
ORD14966,2036-08-05,East,Electronics,Chair,8.0,32919.21,11201.01,Corporate
ORD14967,2036-08-06,South,Electronics,Monitor,5.0,44794.09,-3276.29,Consumer
ORD14968,2036-08-07,West,Electronics,Keyboard,5.0,45306.08,8394.01,Consumer
ORD14969,2036-08-08,North,Electronics,Chair,2.0,48663.69,3794.82,Consumer
ORD14970,2036-08-09,South,Electronics,Keyboard,8.0,38867.97,2316.71,Home Office
ORD14971,2036-08-10,West,Electronics,Laptop,1.0,9907.38,-237.35,Consumer
ORD14972,2036-08-11,North,Electronics,Monitor,9.0,35548.34,9303.28,Home Office
ORD14973,2036-08-12,North,Furniture,Printer,1.0,3941.4,-1604.23,Corporate
ORD14974,2036-08-13,North,Furniture,Laptop,1.0,16034.55,7261.1,Home Office
ORD14975,2036-08-14,North,Office Supplies,Chair,1.0,5967.21,2578.46,Consumer
ORD14976,2036-08-15,South,Electronics,Printer,7.0,47507.14,11974.42,Home Office
ORD14977,2036-08-16,North,Office Supplies,Desk,4.0,17069.95,5393.78,Corporate
ORD14978,2036-08-17,East,Electronics,Printer,7.0,35718.14,-3228.78,Corporate
ORD14979,2036-08-18,West,Office Supplies,Chair,5.0,28651.66,2131.86,Consumer
ORD14980,2036-08-19,East,Electronics,Printer,7.0,5554.07,-3872.92,Corporate
ORD14981,2036-08-20,South,Furniture,Chair,7.0,28154.95,-143.85,Consumer
ORD14982,2036-08-21,North,Furniture,Laptop,4.0,33118.97,836.39,Home Office
ORD14983,2036-08-22,South,Electronics,Monitor,2.0,44099.56,9504.0,Consumer
ORD14984,2036-08-23,North,Electronics,Desk,8.0,24573.82,9245.79,Corporate
ORD14985,2036-08-24,East,Electronics,Monitor,2.0,14922.57,-4803.53,Home Office
ORD14986,2036-08-25,East,Electronics,Monitor,9.0,34678.58,4048.74,Consumer
ORD14987,2036-08-26,South,Electronics,Monitor,5.0,1909.72,-1199.76,Consumer
ORD14988,2036-08-27,North,Electronics,Chair,5.0,10336.96,441.58,Consumer
ORD14989,2036-08-28,North,Electronics,Chair,9.0,11089.79,-4631.93,Consumer
ORD14990,2036-08-29,East,Electronics,Desk,8.0,33532.46,7745.68,Consumer
ORD14991,2036-08-30,East,Electronics,Chair,8.0,14440.84,11160.03,Home Office
ORD14992,2036-08-31,North,Electronics,Keyboard,4.0,30059.86,-1272.46,Consumer
ORD14993,2036-09-01,South,Furniture,Chair,4.0,48274.35,810.14,Consumer
ORD14994,2036-09-02,South,Office Supplies,Chair,2.0,39703.5,-1490.62,Consumer
ORD14995,2036-09-03,North,Office Supplies,Chair,4.0,16778.56,10810.83,Consumer
ORD14996,2036-09-04,South,Electronics,Laptop,4.0,23725.52,-4840.95,Home Office
ORD14997,2036-09-05,East,Furniture,Desk,6.0,10193.56,4925.66,Consumer
ORD14998,2036-09-06,South,Electronics,Keyboard,3.0,982.86,9802.99,Home Office
ORD14999,2036-09-07,South,Electronics,Chair,2.0,14627.83,-1832.78,Corporate
ORD15000,2036-09-08,South,Furniture,Desk,8.0,18596.55,5029.92,Consumer
